pageid	domain	title
10	tr.wikipedia.org	Cengiz Han
22	tr.wikipedia.org	Mustafa Suphi
24	tr.wikipedia.org	Linux
30	tr.wikipedia.org	Bolşevizm
35	tr.wikipedia.org	Karl Marx
37	tr.wikipedia.org	İsmail Bilen (1902 doğumlu siyasetçi)
38	tr.wikipedia.org	GIMP
40	tr.wikipedia.org	Beşiktaş JK
58	tr.wikipedia.org	Kimya
59	tr.wikipedia.org	Edebiyat
64	tr.wikipedia.org	Mühendislik
67	tr.wikipedia.org	Dil
639	tr.wikipedia.org	Biyoloji
640	tr.wikipedia.org	Fizik
646	tr.wikipedia.org	Esperanto
649	tr.wikipedia.org	Qrio
653	tr.wikipedia.org	Oluşturmacılık
658	tr.wikipedia.org	Galatasaray SK
661	tr.wikipedia.org	Basketbol
662	tr.wikipedia.org	Tarım
664	tr.wikipedia.org	Hukuk
670	tr.wikipedia.org	Yoda
672	tr.wikipedia.org	Antik Mısır
676	tr.wikipedia.org	Türkiye
689	tr.wikipedia.org	Tavla
691	tr.wikipedia.org	Mustafa Kemal Atatürk
701	tr.wikipedia.org	Sosyoloji
729	tr.wikipedia.org	Coğrafya
735	tr.wikipedia.org	Astronomi
740	tr.wikipedia.org	Zazaca
760	tr.wikipedia.org	Otomobil
773	tr.wikipedia.org	Spam
795	tr.wikipedia.org	Tatvan
810	tr.wikipedia.org	Mısır tanrıları listesi
816	tr.wikipedia.org	Galatasaray Lisesi
818	tr.wikipedia.org	Uğur Mumcu
824	tr.wikipedia.org	Recep Tayyip Erdoğan
834	tr.wikipedia.org	Fikir Kulüpleri Federasyonu (1965)
869	tr.wikipedia.org	Sayı
894	tr.wikipedia.org	Barış Manço
896	tr.wikipedia.org	Deprem
908	tr.wikipedia.org	Microsoft Windows
914	tr.wikipedia.org	Ontoloji
920	tr.wikipedia.org	Ekoloji
923	tr.wikipedia.org	2004 Amerika Birleşik Devletleri başkanlık seçimleri
927	tr.wikipedia.org	Antropoloji
962	tr.wikipedia.org	İsmet İnönü
967	tr.wikipedia.org	26 Şubat
974	tr.wikipedia.org	Aliağa
975	tr.wikipedia.org	Tunceli (il)
980	tr.wikipedia.org	Güneydoğu Anadolu Bölgesi
985	tr.wikipedia.org	Anıtkabir
986	tr.wikipedia.org	Erzincan (il)
993	tr.wikipedia.org	2001
997	tr.wikipedia.org	Mazgirt
1018	tr.wikipedia.org	Gençlerbirliği SK
1032	tr.wikipedia.org	Cezayir
1047	tr.wikipedia.org	Bilim
1050	tr.wikipedia.org	Tıp
1051	tr.wikipedia.org	Sağlık
1052	tr.wikipedia.org	Arkeoloji
1074	tr.wikipedia.org	C (programlama dili)
1077	tr.wikipedia.org	Ahmet Necdet Sezer
1083	tr.wikipedia.org	Immanuel Wallerstein
1095	tr.wikipedia.org	Mozilla Firefox
1117	tr.wikipedia.org	17 Mart
1130	tr.wikipedia.org	Fenerbahçe SK
1143	tr.wikipedia.org	Gülse Birsel
1150	tr.wikipedia.org	İşletim sistemi
1151	tr.wikipedia.org	Genetik
1160	tr.wikipedia.org	1984
1178	tr.wikipedia.org	Akdeniz foku
1182	tr.wikipedia.org	Hakkâri (il)
1200	tr.wikipedia.org	Terry Gilliam
1204	tr.wikipedia.org	Tam sayı
1207	tr.wikipedia.org	Pisagor
1208	tr.wikipedia.org	Pisagor teoremi
1216	tr.wikipedia.org	Uygur Kağanlığı
1229	tr.wikipedia.org	İlhan Usmanbaş
1231	tr.wikipedia.org	Komut kümesi mimarisi
1234	tr.wikipedia.org	Kurgu (sinema)
1238	tr.wikipedia.org	Ekşi Sözlük
1240	tr.wikipedia.org	Yılmaz Güney
1252	tr.wikipedia.org	Sivas (il)
1261	tr.wikipedia.org	3 Haziran
1266	tr.wikipedia.org	19 Ağustos
1273	tr.wikipedia.org	20 Nisan
1284	tr.wikipedia.org	Charlie Chaplin
1286	tr.wikipedia.org	25 Aralık
1287	tr.wikipedia.org	16 Nisan
1292	tr.wikipedia.org	Karadeniz
1330	tr.wikipedia.org	HTTP
1341	tr.wikipedia.org	İzmir İktisat Kongresi
1354	tr.wikipedia.org	Resim
1398	tr.wikipedia.org	Kristof Kolomb
1410	tr.wikipedia.org	Alevilik
1413	tr.wikipedia.org	Ayasofya
1419	tr.wikipedia.org	7 Mayıs
1431	tr.wikipedia.org	Batlamyus
1433	tr.wikipedia.org	21 Nisan
44	tr.wikipedia.org	InDesign
48	tr.wikipedia.org	Ruhi Su
53	tr.wikipedia.org	Bilgisayar
647	tr.wikipedia.org	Ekonomi
650	tr.wikipedia.org	Pragmatizm
663	tr.wikipedia.org	Jeoloji
684	tr.wikipedia.org	Psikoloji
698	tr.wikipedia.org	Ferrari
790	tr.wikipedia.org	Bill Clinton
796	tr.wikipedia.org	Türkiye'nin illeri
966	tr.wikipedia.org	Türkiye cumhurbaşkanları listesi
999	tr.wikipedia.org	Yıldız Savaşları
1013	tr.wikipedia.org	George Lucas
1024	tr.wikipedia.org	Abdullah Gül
1031	tr.wikipedia.org	Ardahan (il)
1034	tr.wikipedia.org	Eretna Beyliği
1116	tr.wikipedia.org	16 Haziran
1118	tr.wikipedia.org	4 Ağustos
1152	tr.wikipedia.org	Sitoloji
1165	tr.wikipedia.org	Goldbach hipotezi
1170	tr.wikipedia.org	Audi
1224	tr.wikipedia.org	Van Gölü
1253	tr.wikipedia.org	19 Nisan
1256	tr.wikipedia.org	Ford Motor Company
1309	tr.wikipedia.org	Küba
1334	tr.wikipedia.org	Zeugma
1392	tr.wikipedia.org	Kars (il)
1394	tr.wikipedia.org	Ahlat, Bitlis
1405	tr.wikipedia.org	İspanya
1407	tr.wikipedia.org	Van
1420	tr.wikipedia.org	Egon Schiele
1435	tr.wikipedia.org	Lamborghini
1446	tr.wikipedia.org	Muazzez İlmiye Çığ
1474	tr.wikipedia.org	Grup Yorum
1484	tr.wikipedia.org	Sinop (il)
1487	tr.wikipedia.org	Türk Dil Kurumu
1491	tr.wikipedia.org	Yahya Kemal Beyatlı
1495	tr.wikipedia.org	Roman
1508	tr.wikipedia.org	Elektronik ticaret
1516	tr.wikipedia.org	Türk alfabesi
1518	tr.wikipedia.org	Türkçe
1519	tr.wikipedia.org	Kategori teorisi
1523	tr.wikipedia.org	Jean-Jacques Annaud
1529	tr.wikipedia.org	Türk bayrağı
1538	tr.wikipedia.org	Başkent
1539	tr.wikipedia.org	Celâl Bayar
1554	tr.wikipedia.org	Noam Chomsky
1560	tr.wikipedia.org	Bilişsel bilim
1562	tr.wikipedia.org	Mars
1571	tr.wikipedia.org	Işın izleme
1576	tr.wikipedia.org	Reşadiye
1577	tr.wikipedia.org	Tokat (il)
1578	tr.wikipedia.org	Fadıl Akgündüz
1579	tr.wikipedia.org	Swing (müzik)
1612	tr.wikipedia.org	Gitar
1613	tr.wikipedia.org	Bilgisayar bilimi
1619	tr.wikipedia.org	Ekonometri
1647	tr.wikipedia.org	Albert Einstein
1845	tr.wikipedia.org	Commodore 64
1846	tr.wikipedia.org	Nirvana (müzik grubu)
1852	tr.wikipedia.org	29 Mayıs
1857	tr.wikipedia.org	Fransa
1871	tr.wikipedia.org	İtalya
1879	tr.wikipedia.org	Avusturya
1894	tr.wikipedia.org	Portekiz
1904	tr.wikipedia.org	Güneş Sistemi
1908	tr.wikipedia.org	Periyodik tablo
1911	tr.wikipedia.org	Venüs
1920	tr.wikipedia.org	Macaristan
1927	tr.wikipedia.org	Kumuklar
1931	tr.wikipedia.org	Astım
1932	tr.wikipedia.org	HIV
1933	tr.wikipedia.org	Kuş gribi
1942	tr.wikipedia.org	Belçika
1947	tr.wikipedia.org	Zatürre
1953	tr.wikipedia.org	Meme kanseri
1954	tr.wikipedia.org	Akciğer kanseri
1957	tr.wikipedia.org	Zazalar
1958	tr.wikipedia.org	Amerika Birleşik Devletleri
2011	tr.wikipedia.org	14 Haziran
2021	tr.wikipedia.org	15 Haziran
2023	tr.wikipedia.org	17 Haziran
2025	tr.wikipedia.org	8 Nisan
2028	tr.wikipedia.org	Hentbol
2040	tr.wikipedia.org	Surinam
2041	tr.wikipedia.org	29 Ekim
2047	tr.wikipedia.org	11 Aralık
2054	tr.wikipedia.org	Lüksemburg
2055	tr.wikipedia.org	18 Haziran
2056	tr.wikipedia.org	19 Haziran
2057	tr.wikipedia.org	20 Haziran
2061	tr.wikipedia.org	İsviçre
2067	tr.wikipedia.org	Japonya
2071	tr.wikipedia.org	21 Haziran
2073	tr.wikipedia.org	23 Haziran
2074	tr.wikipedia.org	24 Haziran
2077	tr.wikipedia.org	13 Nisan
2084	tr.wikipedia.org	Slovenya
2107	tr.wikipedia.org	Denis Diderot
2109	tr.wikipedia.org	27 Haziran
2110	tr.wikipedia.org	28 Haziran
2111	tr.wikipedia.org	29 Haziran
2112	tr.wikipedia.org	30 Haziran
2132	tr.wikipedia.org	Ağrı Dağı
2137	tr.wikipedia.org	1 Temmuz
2142	tr.wikipedia.org	Hasret Gültekin
2143	tr.wikipedia.org	3 Temmuz
2144	tr.wikipedia.org	4 Temmuz
2145	tr.wikipedia.org	5 Temmuz
2146	tr.wikipedia.org	6 Temmuz
2147	tr.wikipedia.org	7 Temmuz
2148	tr.wikipedia.org	8 Temmuz
2149	tr.wikipedia.org	9 Temmuz
2150	tr.wikipedia.org	10 Temmuz
2151	tr.wikipedia.org	11 Temmuz
2153	tr.wikipedia.org	13 Temmuz
2154	tr.wikipedia.org	14 Temmuz
2155	tr.wikipedia.org	15 Temmuz
2156	tr.wikipedia.org	16 Temmuz
2157	tr.wikipedia.org	17 Temmuz
2158	tr.wikipedia.org	18 Temmuz
2160	tr.wikipedia.org	20 Temmuz
2161	tr.wikipedia.org	21 Temmuz
2163	tr.wikipedia.org	23 Temmuz
2164	tr.wikipedia.org	24 Temmuz
2165	tr.wikipedia.org	25 Temmuz
2167	tr.wikipedia.org	27 Temmuz
2169	tr.wikipedia.org	29 Temmuz
2173	tr.wikipedia.org	Muğla
2176	tr.wikipedia.org	Mariya Şarapova
2178	tr.wikipedia.org	Üçgen
2185	tr.wikipedia.org	Anton Çehov
2188	tr.wikipedia.org	22 Ağustos
2189	tr.wikipedia.org	24 Ocak
2192	tr.wikipedia.org	Sokrates
2218	tr.wikipedia.org	2 Ocak
2219	tr.wikipedia.org	3 Ocak
2220	tr.wikipedia.org	4 Ocak
2222	tr.wikipedia.org	6 Ocak
2223	tr.wikipedia.org	7 Ocak
2224	tr.wikipedia.org	8 Ocak
2225	tr.wikipedia.org	9 Ocak
2226	tr.wikipedia.org	10 Ocak
2227	tr.wikipedia.org	11 Ocak
2228	tr.wikipedia.org	12 Ocak
2229	tr.wikipedia.org	13 Ocak
2230	tr.wikipedia.org	14 Ocak
2231	tr.wikipedia.org	15 Ocak
2232	tr.wikipedia.org	16 Ocak
2233	tr.wikipedia.org	17 Ocak
2234	tr.wikipedia.org	18 Ocak
2235	tr.wikipedia.org	19 Ocak
2236	tr.wikipedia.org	20 Ocak
2239	tr.wikipedia.org	21 Ocak
2240	tr.wikipedia.org	22 Ocak
2241	tr.wikipedia.org	23 Ocak
2243	tr.wikipedia.org	26 Ocak
2244	tr.wikipedia.org	27 Ocak
2245	tr.wikipedia.org	28 Ocak
2247	tr.wikipedia.org	30 Ocak
2248	tr.wikipedia.org	31 Ocak
2262	tr.wikipedia.org	1895
2268	tr.wikipedia.org	1901
2274	tr.wikipedia.org	1907
2281	tr.wikipedia.org	1986
2283	tr.wikipedia.org	1988
2284	tr.wikipedia.org	1989
2285	tr.wikipedia.org	1990
2288	tr.wikipedia.org	1993
2290	tr.wikipedia.org	1995
2291	tr.wikipedia.org	1996
2293	tr.wikipedia.org	1998
2294	tr.wikipedia.org	1999
2295	tr.wikipedia.org	2000
2297	tr.wikipedia.org	2003
2299	tr.wikipedia.org	2005
2301	tr.wikipedia.org	20. yüzyıl
2302	tr.wikipedia.org	Adıyaman (il)
2303	tr.wikipedia.org	Afyonkarahisar (il)
2308	tr.wikipedia.org	1982
2310	tr.wikipedia.org	1980
2311	tr.wikipedia.org	1979
2314	tr.wikipedia.org	19. yüzyıl
2317	tr.wikipedia.org	1916
2318	tr.wikipedia.org	1917
2321	tr.wikipedia.org	1919
2325	tr.wikipedia.org	1923
2328	tr.wikipedia.org	1926
2329	tr.wikipedia.org	1927
2331	tr.wikipedia.org	1929
2332	tr.wikipedia.org	1930
2335	tr.wikipedia.org	1933
2336	tr.wikipedia.org	1934
2337	tr.wikipedia.org	1935
2340	tr.wikipedia.org	1938
2341	tr.wikipedia.org	1939
2342	tr.wikipedia.org	1940
2345	tr.wikipedia.org	1943
2346	tr.wikipedia.org	1944
2347	tr.wikipedia.org	1945
2352	tr.wikipedia.org	1950
2356	tr.wikipedia.org	1954
2358	tr.wikipedia.org	1956
2359	tr.wikipedia.org	1957
2360	tr.wikipedia.org	1958
2361	tr.wikipedia.org	1959
2362	tr.wikipedia.org	1960
2363	tr.wikipedia.org	1961
2365	tr.wikipedia.org	1963
2367	tr.wikipedia.org	1965
2368	tr.wikipedia.org	1966
2370	tr.wikipedia.org	1968
2371	tr.wikipedia.org	1969
2373	tr.wikipedia.org	1971
2374	tr.wikipedia.org	1972
2375	tr.wikipedia.org	1973
2377	tr.wikipedia.org	1975
2378	tr.wikipedia.org	1976
2379	tr.wikipedia.org	1977
2382	tr.wikipedia.org	18. yüzyıl
2401	tr.wikipedia.org	Google
2406	tr.wikipedia.org	1801
2407	tr.wikipedia.org	1802
2408	tr.wikipedia.org	1803
2441	tr.wikipedia.org	1836
2449	tr.wikipedia.org	1844
2450	tr.wikipedia.org	1845
2464	tr.wikipedia.org	1859
2482	tr.wikipedia.org	1877
2486	tr.wikipedia.org	1800
2567	tr.wikipedia.org	1721
2581	tr.wikipedia.org	1707
2589	tr.wikipedia.org	Hayao Miyazaki
2691	tr.wikipedia.org	16. yüzyıl
2700	tr.wikipedia.org	1 Şubat
2701	tr.wikipedia.org	2 Şubat
2702	tr.wikipedia.org	3 Şubat
2703	tr.wikipedia.org	4 Şubat
2704	tr.wikipedia.org	5 Şubat
2705	tr.wikipedia.org	6 Şubat
2706	tr.wikipedia.org	7 Şubat
2707	tr.wikipedia.org	8 Şubat
2708	tr.wikipedia.org	9 Şubat
2709	tr.wikipedia.org	10 Şubat
2710	tr.wikipedia.org	11 Şubat
2711	tr.wikipedia.org	12 Şubat
2712	tr.wikipedia.org	13 Şubat
2714	tr.wikipedia.org	15 Şubat
2715	tr.wikipedia.org	16 Şubat
2717	tr.wikipedia.org	18 Şubat
2718	tr.wikipedia.org	19 Şubat
2720	tr.wikipedia.org	21 Şubat
2721	tr.wikipedia.org	22 Şubat
2722	tr.wikipedia.org	23 Şubat
2723	tr.wikipedia.org	24 Şubat
2724	tr.wikipedia.org	25 Şubat
2726	tr.wikipedia.org	28 Şubat
2727	tr.wikipedia.org	29 Şubat
3052	tr.wikipedia.org	23 Mart
3053	tr.wikipedia.org	24 Mart
3054	tr.wikipedia.org	25 Mart
3055	tr.wikipedia.org	26 Mart
3056	tr.wikipedia.org	27 Mart
3057	tr.wikipedia.org	29 Mart
3060	tr.wikipedia.org	22 Mart
3061	tr.wikipedia.org	21 Mart
3062	tr.wikipedia.org	20 Mart
3063	tr.wikipedia.org	19 Mart
3065	tr.wikipedia.org	16 Mart
3066	tr.wikipedia.org	15 Mart
3067	tr.wikipedia.org	14 Mart
3068	tr.wikipedia.org	13 Mart
3070	tr.wikipedia.org	11 Mart
3072	tr.wikipedia.org	9 Mart
3073	tr.wikipedia.org	8 Mart
3075	tr.wikipedia.org	6 Mart
3076	tr.wikipedia.org	5 Mart
3077	tr.wikipedia.org	4 Mart
3078	tr.wikipedia.org	3 Mart
3079	tr.wikipedia.org	2 Mart
3080	tr.wikipedia.org	1 Mart
3086	tr.wikipedia.org	1 Nisan
3088	tr.wikipedia.org	3 Nisan
3091	tr.wikipedia.org	6 Nisan
3092	tr.wikipedia.org	7 Nisan
3093	tr.wikipedia.org	9 Nisan
3094	tr.wikipedia.org	10 Nisan
3095	tr.wikipedia.org	11 Nisan
3096	tr.wikipedia.org	12 Nisan
3098	tr.wikipedia.org	15 Nisan
3100	tr.wikipedia.org	18 Nisan
3103	tr.wikipedia.org	24 Nisan
3104	tr.wikipedia.org	25 Nisan
3105	tr.wikipedia.org	26 Nisan
3106	tr.wikipedia.org	27 Nisan
3107	tr.wikipedia.org	28 Nisan
3109	tr.wikipedia.org	30 Nisan
3122	tr.wikipedia.org	1 Mayıs
3124	tr.wikipedia.org	3 Mayıs
3125	tr.wikipedia.org	4 Mayıs
3126	tr.wikipedia.org	5 Mayıs
3127	tr.wikipedia.org	6 Mayıs
3128	tr.wikipedia.org	8 Mayıs
3129	tr.wikipedia.org	9 Mayıs
3130	tr.wikipedia.org	10 Mayıs
3131	tr.wikipedia.org	11 Mayıs
3133	tr.wikipedia.org	13 Mayıs
3134	tr.wikipedia.org	14 Mayıs
3136	tr.wikipedia.org	16 Mayıs
3137	tr.wikipedia.org	17 Mayıs
3138	tr.wikipedia.org	18 Mayıs
3139	tr.wikipedia.org	19 Mayıs
3140	tr.wikipedia.org	20 Mayıs
3142	tr.wikipedia.org	22 Mayıs
3143	tr.wikipedia.org	23 Mayıs
3148	tr.wikipedia.org	28 Mayıs
3149	tr.wikipedia.org	30 Mayıs
3152	tr.wikipedia.org	1 Haziran
3153	tr.wikipedia.org	2 Haziran
3154	tr.wikipedia.org	4 Haziran
3157	tr.wikipedia.org	8 Haziran
3160	tr.wikipedia.org	11 Haziran
3162	tr.wikipedia.org	13 Haziran
3185	tr.wikipedia.org	Sigara
3188	tr.wikipedia.org	Zekâ geriliği
3203	tr.wikipedia.org	Menenjit
3204	tr.wikipedia.org	Afganistan
3220	tr.wikipedia.org	Oruç
3221	tr.wikipedia.org	1 Ağustos
3223	tr.wikipedia.org	3 Ağustos
3224	tr.wikipedia.org	5 Ağustos
3225	tr.wikipedia.org	6 Ağustos
3226	tr.wikipedia.org	7 Ağustos
3231	tr.wikipedia.org	8 Ağustos
3232	tr.wikipedia.org	9 Ağustos
3234	tr.wikipedia.org	11 Ağustos
3235	tr.wikipedia.org	12 Ağustos
3236	tr.wikipedia.org	13 Ağustos
3237	tr.wikipedia.org	14 Ağustos
3238	tr.wikipedia.org	15 Ağustos
3239	tr.wikipedia.org	16 Ağustos
3243	tr.wikipedia.org	18 Ağustos
3245	tr.wikipedia.org	Protein
3248	tr.wikipedia.org	20 Ağustos
3249	tr.wikipedia.org	21 Ağustos
3250	tr.wikipedia.org	23 Ağustos
3252	tr.wikipedia.org	25 Ağustos
3263	tr.wikipedia.org	Denizli
3268	tr.wikipedia.org	30 Ağustos
3269	tr.wikipedia.org	31 Ağustos
3271	tr.wikipedia.org	1 Eylül
3272	tr.wikipedia.org	2 Eylül
3273	tr.wikipedia.org	3 Eylül
3274	tr.wikipedia.org	4 Eylül
3276	tr.wikipedia.org	6 Eylül
3277	tr.wikipedia.org	7 Eylül
3278	tr.wikipedia.org	8 Eylül
3280	tr.wikipedia.org	10 Eylül
3282	tr.wikipedia.org	12 Eylül
3283	tr.wikipedia.org	13 Eylül
3286	tr.wikipedia.org	16 Eylül
3287	tr.wikipedia.org	17 Eylül
3288	tr.wikipedia.org	18 Eylül
3289	tr.wikipedia.org	19 Eylül
3294	tr.wikipedia.org	23 Eylül
3296	tr.wikipedia.org	26 Eylül
3298	tr.wikipedia.org	28 Eylül
3300	tr.wikipedia.org	30 Eylül
3305	tr.wikipedia.org	1 Ekim
3306	tr.wikipedia.org	2 Ekim
3307	tr.wikipedia.org	3 Ekim
3308	tr.wikipedia.org	4 Ekim
3309	tr.wikipedia.org	5 Ekim
3311	tr.wikipedia.org	7 Ekim
3312	tr.wikipedia.org	8 Ekim
3313	tr.wikipedia.org	9 Ekim
3314	tr.wikipedia.org	10 Ekim
3315	tr.wikipedia.org	11 Ekim
3316	tr.wikipedia.org	12 Ekim
3317	tr.wikipedia.org	14 Ekim
3318	tr.wikipedia.org	15 Ekim
3319	tr.wikipedia.org	16 Ekim
3321	tr.wikipedia.org	18 Ekim
3322	tr.wikipedia.org	19 Ekim
3323	tr.wikipedia.org	20 Ekim
3324	tr.wikipedia.org	21 Ekim
3326	tr.wikipedia.org	23 Ekim
3328	tr.wikipedia.org	25 Ekim
3329	tr.wikipedia.org	26 Ekim
3330	tr.wikipedia.org	27 Ekim
3331	tr.wikipedia.org	28 Ekim
3332	tr.wikipedia.org	30 Ekim
3333	tr.wikipedia.org	31 Ekim
3335	tr.wikipedia.org	1 Kasım
3336	tr.wikipedia.org	2 Kasım
3337	tr.wikipedia.org	3 Kasım
3338	tr.wikipedia.org	4 Kasım
3341	tr.wikipedia.org	Kapital
3342	tr.wikipedia.org	5 Kasım
3343	tr.wikipedia.org	6 Kasım
3344	tr.wikipedia.org	7 Kasım
3346	tr.wikipedia.org	9 Kasım
3348	tr.wikipedia.org	11 Kasım
3349	tr.wikipedia.org	12 Kasım
3350	tr.wikipedia.org	13 Kasım
3351	tr.wikipedia.org	14 Kasım
3352	tr.wikipedia.org	15 Kasım
3353	tr.wikipedia.org	16 Kasım
3354	tr.wikipedia.org	17 Kasım
3355	tr.wikipedia.org	18 Kasım
3356	tr.wikipedia.org	19 Kasım
3357	tr.wikipedia.org	21 Kasım
3358	tr.wikipedia.org	22 Kasım
3359	tr.wikipedia.org	23 Kasım
3360	tr.wikipedia.org	24 Kasım
3361	tr.wikipedia.org	25 Kasım
3362	tr.wikipedia.org	26 Kasım
3363	tr.wikipedia.org	27 Kasım
3364	tr.wikipedia.org	28 Kasım
3366	tr.wikipedia.org	29 Kasım
3367	tr.wikipedia.org	30 Kasım
3368	tr.wikipedia.org	1 Aralık
3370	tr.wikipedia.org	3 Aralık
3371	tr.wikipedia.org	4 Aralık
3372	tr.wikipedia.org	5 Aralık
3373	tr.wikipedia.org	6 Aralık
3374	tr.wikipedia.org	7 Aralık
3375	tr.wikipedia.org	8 Aralık
3376	tr.wikipedia.org	9 Aralık
3380	tr.wikipedia.org	14 Aralık
3381	tr.wikipedia.org	15 Aralık
3382	tr.wikipedia.org	16 Aralık
3384	tr.wikipedia.org	18 Aralık
3385	tr.wikipedia.org	19 Aralık
3386	tr.wikipedia.org	20 Aralık
3388	tr.wikipedia.org	22 Aralık
3391	tr.wikipedia.org	26 Aralık
3395	tr.wikipedia.org	30 Aralık
3396	tr.wikipedia.org	31 Aralık
3404	tr.wikipedia.org	Maxwell denklemleri
3409	tr.wikipedia.org	Necip Fazıl Kısakürek
3419	tr.wikipedia.org	Bakara Suresi
3447	tr.wikipedia.org	Siirt (il)
3465	tr.wikipedia.org	Kırşehir (il)
3473	tr.wikipedia.org	Balçova
3490	tr.wikipedia.org	Enver Paşa
3501	tr.wikipedia.org	Adnan Menderes
3503	tr.wikipedia.org	Erdal İnönü
3534	tr.wikipedia.org	ISO
3535	tr.wikipedia.org	John McCarthy (bilgisayar bilimci)
3543	tr.wikipedia.org	Bahâîlik
3545	tr.wikipedia.org	Türkmenistan
3547	tr.wikipedia.org	Karşıyaka
3567	tr.wikipedia.org	PKK
3607	tr.wikipedia.org	C vitamini
3618	tr.wikipedia.org	Yanardağ
3626	tr.wikipedia.org	Siyaset bilimi
3629	tr.wikipedia.org	Richard Stallman
3631	tr.wikipedia.org	Avrupa Öğrencileri Forumu
3637	tr.wikipedia.org	Erzurum
3642	tr.wikipedia.org	Isparta
3645	tr.wikipedia.org	Şebnem Ferah
3657	tr.wikipedia.org	Cumhuriyet (gazete)
3664	tr.wikipedia.org	Foça
3684	tr.wikipedia.org	Azerbaycan
3687	tr.wikipedia.org	Yıldız Savaşları: Bölüm III - Sith'in İntikamı
3688	tr.wikipedia.org	Tarkan
3690	tr.wikipedia.org	Azerice
3695	tr.wikipedia.org	Şehir
3700	tr.wikipedia.org	Danimarka
3711	tr.wikipedia.org	2006
3714	tr.wikipedia.org	Ogg
3744	tr.wikipedia.org	Bilkent Üniversitesi
3755	tr.wikipedia.org	Banka
3756	tr.wikipedia.org	Enflasyon
3757	tr.wikipedia.org	Taoizm
3760	tr.wikipedia.org	Romanya
3762	tr.wikipedia.org	Feza Gürsey
3765	tr.wikipedia.org	II. Dünya Savaşı
3770	tr.wikipedia.org	Neil Armstrong
3775	tr.wikipedia.org	Bozon
3776	tr.wikipedia.org	Enerji
3793	tr.wikipedia.org	Dik üçgen
3804	tr.wikipedia.org	Richard Feynman
3818	tr.wikipedia.org	Atletizm
3820	tr.wikipedia.org	DNA
3829	tr.wikipedia.org	Saint Benoît Fransız Lisesi
3839	tr.wikipedia.org	Heykel
3869	tr.wikipedia.org	Victor Hugo
3872	tr.wikipedia.org	Boğaziçi Üniversitesi
3873	tr.wikipedia.org	Latin alfabesi
3876	tr.wikipedia.org	Java
3878	tr.wikipedia.org	Rize (il)
3885	tr.wikipedia.org	Hulki Cevizoğlu
3887	tr.wikipedia.org	Hürrem Sultan
3888	tr.wikipedia.org	Sigmund Freud
3896	tr.wikipedia.org	Kanada
3909	tr.wikipedia.org	Caynizm
3920	tr.wikipedia.org	Mardin
3932	tr.wikipedia.org	Geometri
3936	tr.wikipedia.org	Piyano
3979	tr.wikipedia.org	NATO
3980	tr.wikipedia.org	UTF-8
3983	tr.wikipedia.org	Microsoft
3985	tr.wikipedia.org	NASA
3986	tr.wikipedia.org	IPv4
4038	tr.wikipedia.org	DNA replikasyonu
4039	tr.wikipedia.org	Kanada coğrafyası
4047	tr.wikipedia.org	Guanin
4061	tr.wikipedia.org	Afyonkarahisar
4065	tr.wikipedia.org	Amasya (il)
4070	tr.wikipedia.org	Artvin (il)
4072	tr.wikipedia.org	Artvin
4075	tr.wikipedia.org	Balıkesir
4076	tr.wikipedia.org	Karesi, Balıkesir
4077	tr.wikipedia.org	Bilecik (il)
4078	tr.wikipedia.org	Bilecik
4079	tr.wikipedia.org	Bingöl (il)
4080	tr.wikipedia.org	Bingöl
4083	tr.wikipedia.org	Bolu
4084	tr.wikipedia.org	Burdur (il)
4090	tr.wikipedia.org	Çankırı (il)
4091	tr.wikipedia.org	Çankırı
4092	tr.wikipedia.org	Çorum (il)
4096	tr.wikipedia.org	Diyarbakır
4103	tr.wikipedia.org	Elazığ (il)
4104	tr.wikipedia.org	Elazığ
4110	tr.wikipedia.org	Eskişehir
4113	tr.wikipedia.org	Ardahan
4118	tr.wikipedia.org	Sivas
4119	tr.wikipedia.org	Sinop
4123	tr.wikipedia.org	Kırşehir
4124	tr.wikipedia.org	Kayseri
4125	tr.wikipedia.org	Rize
4126	tr.wikipedia.org	Kars
4128	tr.wikipedia.org	İzmir
4137	tr.wikipedia.org	Giresun (il)
4138	tr.wikipedia.org	Giresun
4141	tr.wikipedia.org	Gümüşhane (il)
4144	tr.wikipedia.org	Hatay
4156	tr.wikipedia.org	Kastamonu (il)
4159	tr.wikipedia.org	Kırklareli (il)
4160	tr.wikipedia.org	Kırklareli
4164	tr.wikipedia.org	Kocaeli
4170	tr.wikipedia.org	Kütahya (il)
4171	tr.wikipedia.org	Kütahya
4173	tr.wikipedia.org	Malatya
4176	tr.wikipedia.org	Manisa
4179	tr.wikipedia.org	Kahramanmaraş
4183	tr.wikipedia.org	Muş (il)
4184	tr.wikipedia.org	Muş
4186	tr.wikipedia.org	Nevşehir (il)
4190	tr.wikipedia.org	Niğde (il)
4191	tr.wikipedia.org	Niğde
4193	tr.wikipedia.org	Ordu (il)
4195	tr.wikipedia.org	Reel sayılar
4196	tr.wikipedia.org	Adolf Hitler
4204	tr.wikipedia.org	Sakarya
4215	tr.wikipedia.org	Şanlıurfa
4218	tr.wikipedia.org	Uşak (il)
4219	tr.wikipedia.org	Uşak
4226	tr.wikipedia.org	Zonguldak
4231	tr.wikipedia.org	Aksaray (il)
4232	tr.wikipedia.org	Aksaray
4234	tr.wikipedia.org	Bayburt (il)
4235	tr.wikipedia.org	Bayburt
4238	tr.wikipedia.org	Karaman
4240	tr.wikipedia.org	Kırıkkale (il)
4243	tr.wikipedia.org	Batman (il)
4246	tr.wikipedia.org	Şırnak (il)
4253	tr.wikipedia.org	Iğdır (il)
4254	tr.wikipedia.org	Iğdır
4259	tr.wikipedia.org	Karabük (il)
4262	tr.wikipedia.org	Kilis (il)
4265	tr.wikipedia.org	Osmaniye (il)
4270	tr.wikipedia.org	Bulgaristan
4275	tr.wikipedia.org	Josef Stalin
4288	tr.wikipedia.org	Merkür
4289	tr.wikipedia.org	Yunanistan
4306	tr.wikipedia.org	Finlandiya
4308	tr.wikipedia.org	Mısır
4310	tr.wikipedia.org	Isaac Newton
4320	tr.wikipedia.org	Efeler, Borçka
4321	tr.wikipedia.org	Efe
4335	tr.wikipedia.org	Beşinci İncil
4343	tr.wikipedia.org	Ayvalık
4375	tr.wikipedia.org	Avustralya
4376	tr.wikipedia.org	Bahamalar
4377	tr.wikipedia.org	Bangladeş
4378	tr.wikipedia.org	Barbados
4379	tr.wikipedia.org	Belize
4380	tr.wikipedia.org	Botsvana
4384	tr.wikipedia.org	Gambiya
4385	tr.wikipedia.org	Gana
4388	tr.wikipedia.org	Güney Afrika Cumhuriyeti
4391	tr.wikipedia.org	Kamerun
4392	tr.wikipedia.org	Kenya
4395	tr.wikipedia.org	Kiribati
4396	tr.wikipedia.org	Lesotho
4397	tr.wikipedia.org	Malavi
4400	tr.wikipedia.org	Malta
4402	tr.wikipedia.org	Mozambik
4403	tr.wikipedia.org	Namibya
4404	tr.wikipedia.org	Nauru
4405	tr.wikipedia.org	Nijerya
4406	tr.wikipedia.org	Pakistan
4407	tr.wikipedia.org	Papua Yeni Gine
4408	tr.wikipedia.org	Saint Kitts ve Nevis
4417	tr.wikipedia.org	Esvatini
4418	tr.wikipedia.org	Tanzanya
4419	tr.wikipedia.org	Tonga
4420	tr.wikipedia.org	Trinidad ve Tobago
4422	tr.wikipedia.org	Uganda
4423	tr.wikipedia.org	Vanuatu
4425	tr.wikipedia.org	Zambiya
4426	tr.wikipedia.org	MIPS mimarisi
4436	tr.wikipedia.org	Mutfak
4443	tr.wikipedia.org	Süleyman Demirel
4467	tr.wikipedia.org	Athena (müzik grubu)
4468	tr.wikipedia.org	Pink Floyd
4469	tr.wikipedia.org	Bryan Adams
4476	tr.wikipedia.org	MFÖ
4490	tr.wikipedia.org	Steve Vai
4512	tr.wikipedia.org	Hidrojen
4556	tr.wikipedia.org	Topkapı Sarayı
4597	tr.wikipedia.org	Volkswagen
4598	tr.wikipedia.org	San Marino
4605	tr.wikipedia.org	Ay
4608	tr.wikipedia.org	Kimya mühendisliği
4632	tr.wikipedia.org	Orta Doğu Teknik Üniversitesi
4638	tr.wikipedia.org	İntifada
4645	tr.wikipedia.org	Linux dağıtımı
4650	tr.wikipedia.org	Galileo Galilei
4661	tr.wikipedia.org	Anafilaksi
4679	tr.wikipedia.org	Barselona
4699	tr.wikipedia.org	Katalonya
4701	tr.wikipedia.org	Valensiya
4702	tr.wikipedia.org	Arif Sağ
4708	tr.wikipedia.org	Ahmet Kaya
4710	tr.wikipedia.org	Liberalizm
4711	tr.wikipedia.org	Ludwig Wittgenstein
4948	tr.wikipedia.org	Erkan Oğur
4958	tr.wikipedia.org	Aziz Nesin
4967	tr.wikipedia.org	DNA bilgisayarları
4979	tr.wikipedia.org	Dışsallık
4986	tr.wikipedia.org	Çerkesler
5001	tr.wikipedia.org	İngiltere
5019	tr.wikipedia.org	Yahudilik
5024	tr.wikipedia.org	Karaburun
5032	tr.wikipedia.org	Winamp
5040	tr.wikipedia.org	Şok (dolaşım)
5048	tr.wikipedia.org	Yüksek tansiyon
5055	tr.wikipedia.org	İbn Rüşd
5056	tr.wikipedia.org	İbn Haldun
5057	tr.wikipedia.org	Mukaddime
5062	tr.wikipedia.org	Paris
5063	tr.wikipedia.org	İslam İşbirliği Teşkilatı
5070	tr.wikipedia.org	Bilgisayar ağı
5071	tr.wikipedia.org	Jorge Luis Borges
5080	tr.wikipedia.org	Honoré de Balzac
5090	tr.wikipedia.org	Monarşi
5096	tr.wikipedia.org	Botanik
5114	tr.wikipedia.org	Brezilya
5128	tr.wikipedia.org	Girit
5145	tr.wikipedia.org	Bill Gates
5147	tr.wikipedia.org	İstinye
5154	tr.wikipedia.org	Beyoğlu
5156	tr.wikipedia.org	Lidya
5157	tr.wikipedia.org	Frigya
5163	tr.wikipedia.org	Tsunami
5168	tr.wikipedia.org	Cevdet Sunay
5169	tr.wikipedia.org	Arazi sanatı
5216	tr.wikipedia.org	Sinyal işleme
5233	tr.wikipedia.org	İbrahim Sadri
5255	tr.wikipedia.org	Dağcılık
5258	tr.wikipedia.org	Çufutkale
5271	tr.wikipedia.org	Kâzım Karabekir
5272	tr.wikipedia.org	Mehmet Esat Bülkat
5289	tr.wikipedia.org	Kırım Savaşı
5319	tr.wikipedia.org	Ödemiş
5320	tr.wikipedia.org	Cemal Gürsel
5327	tr.wikipedia.org	Elektromanyetik radyasyon
5337	tr.wikipedia.org	Anime
5340	tr.wikipedia.org	Elvis Presley
5341	tr.wikipedia.org	Michael Jackson
5343	tr.wikipedia.org	Ankara Üniversitesi Hukuk Fakültesi
5348	tr.wikipedia.org	Bolvadin
5349	tr.wikipedia.org	İbn Battuta
5356	tr.wikipedia.org	Tümör
5357	tr.wikipedia.org	Omurilik
5358	tr.wikipedia.org	Omur
5371	tr.wikipedia.org	Aritmetiğin temel teoremi
5372	tr.wikipedia.org	Asal sayı
5417	tr.wikipedia.org	Uyku
5457	tr.wikipedia.org	Kömür
5501	tr.wikipedia.org	Tarabya
5506	tr.wikipedia.org	Ken Loach
5529	tr.wikipedia.org	Fritz Lang
5539	tr.wikipedia.org	Hidrojen depolama
5540	tr.wikipedia.org	Termoelektrik soğutma
5547	tr.wikipedia.org	Tevrat
5574	tr.wikipedia.org	Venedik Okulu
5587	tr.wikipedia.org	İncil
5588	tr.wikipedia.org	Eski Ahit
5589	tr.wikipedia.org	Yeni Ahit
5595	tr.wikipedia.org	İsa
5596	tr.wikipedia.org	Mustafa Sandal
5606	tr.wikipedia.org	Otizm
5607	tr.wikipedia.org	Antibiyotik
5608	tr.wikipedia.org	Bakteri
5625	tr.wikipedia.org	Galata Kulesi
5641	tr.wikipedia.org	Televizyon
5642	tr.wikipedia.org	Mitoloji
5691	tr.wikipedia.org	Tarih öncesi
5701	tr.wikipedia.org	İlahiyat
5715	tr.wikipedia.org	Budizm
5720	tr.wikipedia.org	Fas
5722	tr.wikipedia.org	Python
5739	tr.wikipedia.org	Beyin
5741	tr.wikipedia.org	Paranoya
5743	tr.wikipedia.org	Yıldırım Akbulut
5744	tr.wikipedia.org	Hacettepe Üniversitesi
5751	tr.wikipedia.org	Mekanik
5759	tr.wikipedia.org	Çukurova Üniversitesi
5764	tr.wikipedia.org	İsveç
5770	tr.wikipedia.org	Hülya Avşar
5782	tr.wikipedia.org	Akdeniz Bölgesi
5783	tr.wikipedia.org	Gelgit
5784	tr.wikipedia.org	Pozantı
5785	tr.wikipedia.org	Kozan
5788	tr.wikipedia.org	Oğuz Atay
5796	tr.wikipedia.org	Dolmabahçe Sarayı
5799	tr.wikipedia.org	Évariste Galois
5802	tr.wikipedia.org	İstanbul Teknik Üniversitesi
5807	tr.wikipedia.org	Şizofreni
5809	tr.wikipedia.org	Tasavvuf
5810	tr.wikipedia.org	Robotik
5811	tr.wikipedia.org	Kyoto Protokolü
5822	tr.wikipedia.org	Capoeira
5837	tr.wikipedia.org	Türev
5842	tr.wikipedia.org	Vize, Kırklareli
5846	tr.wikipedia.org	Omega-3 yağ asitleri
5855	tr.wikipedia.org	Suşehri
5873	tr.wikipedia.org	Miyase Sertbarut
5885	tr.wikipedia.org	Sol Parti (Türkiye)
5887	tr.wikipedia.org	Trablusgarp Savaşı
5893	tr.wikipedia.org	Briç
5894	tr.wikipedia.org	Çanakkale Savaşı
5896	tr.wikipedia.org	Pardus
5901	tr.wikipedia.org	Herbert Spencer
5902	tr.wikipedia.org	İran
5903	tr.wikipedia.org	I. Dünya Savaşı
5904	tr.wikipedia.org	Atlantis
5938	tr.wikipedia.org	Taksim Meydanı
5946	tr.wikipedia.org	Derleyici
5953	tr.wikipedia.org	Polonya
5961	tr.wikipedia.org	Sümerler
5965	tr.wikipedia.org	Avrupa Birliği'nin genişlemesi
5966	tr.wikipedia.org	RNA
5969	tr.wikipedia.org	Steven Spielberg
5977	tr.wikipedia.org	Angola
5983	tr.wikipedia.org	Brad Pitt
5986	tr.wikipedia.org	Satürn
5989	tr.wikipedia.org	Tavşanlı
5999	tr.wikipedia.org	İstanbul Üniversitesi Hukuk Fakültesi
6000	tr.wikipedia.org	İstanbul Üniversitesi
6002	tr.wikipedia.org	Trabzonspor
6004	tr.wikipedia.org	Uzunköprü
6011	tr.wikipedia.org	Neptün
6012	tr.wikipedia.org	Kuzey Makedonya
6023	tr.wikipedia.org	Güneydoğu Anadolu Projesi
6058	tr.wikipedia.org	Vampir
6149	tr.wikipedia.org	Litvanya
6151	tr.wikipedia.org	Hırvatistan
6165	tr.wikipedia.org	Deniz Harp Okulu
6180	tr.wikipedia.org	Yapay zekâ
6183	tr.wikipedia.org	Matematiksel mantık
6186	tr.wikipedia.org	Bilgisayar virüsü
6200	tr.wikipedia.org	Samuel Beckett
6215	tr.wikipedia.org	Cep bilgisayarı
6230	tr.wikipedia.org	2007
6231	tr.wikipedia.org	Dünya nüfusu
6232	tr.wikipedia.org	Hayfa
6234	tr.wikipedia.org	İngilizce
6235	tr.wikipedia.org	Kırım Tatarları
6236	tr.wikipedia.org	Asya
6237	tr.wikipedia.org	Afrika
6238	tr.wikipedia.org	Antarktika
6240	tr.wikipedia.org	Okyanusya
6244	tr.wikipedia.org	Kültür
6253	tr.wikipedia.org	II. Abdülhamid
6258	tr.wikipedia.org	Ermenistan
6259	tr.wikipedia.org	Pazarlama
6269	tr.wikipedia.org	Benito Mussolini
6274	tr.wikipedia.org	Moren
6276	tr.wikipedia.org	Elektromanyetik spektrum
6323	tr.wikipedia.org	Karadeniz Bölgesi
6328	tr.wikipedia.org	RAM
6334	tr.wikipedia.org	Komünizm
6342	tr.wikipedia.org	Demirci, Manisa
6347	tr.wikipedia.org	Teori
6352	tr.wikipedia.org	LED
6357	tr.wikipedia.org	LSD
6360	tr.wikipedia.org	Miniatürk
6363	tr.wikipedia.org	Kenan Evren
6371	tr.wikipedia.org	Orhan Gencebay
6373	tr.wikipedia.org	Yıldız Savaşları (anlam ayrımı)
6401	tr.wikipedia.org	Türkiye Sakatlar Derneği
6406	tr.wikipedia.org	GNU Genel Kamu Lisansı
6411	tr.wikipedia.org	Hacettepe Üniversitesi Ankara Devlet Konservatuvarı
6447	tr.wikipedia.org	Akışkanlar mekaniği
6487	tr.wikipedia.org	Kral Arthur
6488	tr.wikipedia.org	Sabahattin Ali
6494	tr.wikipedia.org	Elam
6565	tr.wikipedia.org	Fethi Okyar
6569	tr.wikipedia.org	Poliamori
6596	tr.wikipedia.org	Ekrem Akurgal
6604	tr.wikipedia.org	Seattle
6614	tr.wikipedia.org	Ege Bölgesi
6637	tr.wikipedia.org	Kireç taşı
6639	tr.wikipedia.org	Dolomit
6655	tr.wikipedia.org	Symbian (işletim sistemi)
6664	tr.wikipedia.org	Babaeski
6710	tr.wikipedia.org	Enderûn
6761	tr.wikipedia.org	Cebir
6766	tr.wikipedia.org	Pyotr Kropotkin
6787	tr.wikipedia.org	Leonardo da Vinci
6799	tr.wikipedia.org	Troya
6819	tr.wikipedia.org	Hollanda Antilleri
6826	tr.wikipedia.org	Venezuela
6846	tr.wikipedia.org	İktidar (toplumsal ve siyasal)
6851	tr.wikipedia.org	Sovyetler Birliği
6864	tr.wikipedia.org	Sistem
6885	tr.wikipedia.org	Kolombiya
6930	tr.wikipedia.org	Belirme
6934	tr.wikipedia.org	Keşan
6942	tr.wikipedia.org	Saraybosna
6980	tr.wikipedia.org	Ege Adaları
6981	tr.wikipedia.org	Etik
6982	tr.wikipedia.org	Epistemoloji
6984	tr.wikipedia.org	Yapısalcılık
6986	tr.wikipedia.org	Ingmar Bergman
7002	tr.wikipedia.org	Burkina Faso
7007	tr.wikipedia.org	2008
7029	tr.wikipedia.org	POP3
7032	tr.wikipedia.org	SMTP
7033	tr.wikipedia.org	Jüpiter
7034	tr.wikipedia.org	Gmail
7036	tr.wikipedia.org	IMAP
7043	tr.wikipedia.org	Ayrton Senna
7048	tr.wikipedia.org	Kur'an
7050	tr.wikipedia.org	Mali
7073	tr.wikipedia.org	Athena
7085	tr.wikipedia.org	VoIP
7088	tr.wikipedia.org	Béla Bartók
7091	tr.wikipedia.org	Melih Kibar
7093	tr.wikipedia.org	Ahmet Adnan Saygun
7104	tr.wikipedia.org	Carl Sagan
7119	tr.wikipedia.org	Jüpiter'in doğal uyduları
7122	tr.wikipedia.org	Mantık
7123	tr.wikipedia.org	Deneycilik
7125	tr.wikipedia.org	Bilinç
7132	tr.wikipedia.org	Dinozor
7138	tr.wikipedia.org	Meksika
7149	tr.wikipedia.org	Gökçeada
7162	tr.wikipedia.org	Satranç
7167	tr.wikipedia.org	Alan Turing
7170	tr.wikipedia.org	Sait Faik Abasıyanık
7172	tr.wikipedia.org	Orhan Kemal
7231	tr.wikipedia.org	Böcek
7248	tr.wikipedia.org	Tutunamayanlar
7252	tr.wikipedia.org	Gelibolu
7261	tr.wikipedia.org	Nijer
7263	tr.wikipedia.org	Togo
7264	tr.wikipedia.org	Gine
7265	tr.wikipedia.org	Senegal
7269	tr.wikipedia.org	Moritanya
7294	tr.wikipedia.org	İskender
7301	tr.wikipedia.org	Werner Heisenberg
7303	tr.wikipedia.org	Max Planck
7307	tr.wikipedia.org	James Clerk Maxwell
7338	tr.wikipedia.org	Rüzgâr
7343	tr.wikipedia.org	Reşat Nuri Güntekin
7527	tr.wikipedia.org	GNU Özgür Belgeleme Lisansı
7533	tr.wikipedia.org	Rönesans
7535	tr.wikipedia.org	Fransızca
7555	tr.wikipedia.org	CIA
7557	tr.wikipedia.org	Demirhan Baylan
7558	tr.wikipedia.org	Charles Darwin
7562	tr.wikipedia.org	Hunlar
7564	tr.wikipedia.org	Hititler
7566	tr.wikipedia.org	Pier Paolo Pasolini
7581	tr.wikipedia.org	Millî İstihbarat Teşkilatı
7596	tr.wikipedia.org	Cennetin Krallığı
7601	tr.wikipedia.org	Filipinler
7604	tr.wikipedia.org	Hadis
7627	tr.wikipedia.org	Jüpiter'in atmosferi
7632	tr.wikipedia.org	Dire Straits
7639	tr.wikipedia.org	Amasra
7643	tr.wikipedia.org	Pierre de Fermat
7645	tr.wikipedia.org	Behçet Necatigil
7657	tr.wikipedia.org	Meksiko
7692	tr.wikipedia.org	Wilhelm Reich
7694	tr.wikipedia.org	Viyana
7702	tr.wikipedia.org	Paraguay
7718	tr.wikipedia.org	George Washington
7733	tr.wikipedia.org	Demokrasi
7747	tr.wikipedia.org	Émile Durkheim
7748	tr.wikipedia.org	Max Weber
7758	tr.wikipedia.org	Tevfik Fikret
7761	tr.wikipedia.org	Dijital illüstrasyon
7766	tr.wikipedia.org	Kurt Vonnegut
7780	tr.wikipedia.org	Gönen, Balıkesir
7781	tr.wikipedia.org	Hiroşima
7784	tr.wikipedia.org	Hârizmî
7851	tr.wikipedia.org	Buenos Aires
7853	tr.wikipedia.org	Çorlu
7864	tr.wikipedia.org	Amsterdam
7877	tr.wikipedia.org	Gearing sınıfı muhrip
7891	tr.wikipedia.org	Alfred Nobel
7909	tr.wikipedia.org	Satürn'ün halkaları
7916	tr.wikipedia.org	Montevideo
7929	tr.wikipedia.org	İbn-i Sina
7932	tr.wikipedia.org	Bişkek
7976	tr.wikipedia.org	Afife Jale
7977	tr.wikipedia.org	Şimşek ve yıldırım
7988	tr.wikipedia.org	Aristoteles
7991	tr.wikipedia.org	Andrew Jackson
7994	tr.wikipedia.org	Postmodernizm
7997	tr.wikipedia.org	Fobi
8046	tr.wikipedia.org	Fütürizm
8062	tr.wikipedia.org	Orhun Yazıtları
8074	tr.wikipedia.org	Demokratik Sol Parti
8112	tr.wikipedia.org	Tango
8120	tr.wikipedia.org	Köyceğiz
8128	tr.wikipedia.org	Köstence
8148	tr.wikipedia.org	Belirsizlik ilkesi
8155	tr.wikipedia.org	Brian May
8159	tr.wikipedia.org	Tahran
8167	tr.wikipedia.org	Pirinç
8168	tr.wikipedia.org	Momentum
8172	tr.wikipedia.org	Ara Güler
8173	tr.wikipedia.org	Marmara Üniversitesi
8200	tr.wikipedia.org	Muhyiddin İbnü'l-Arabî
8209	tr.wikipedia.org	Murat Belge
8218	tr.wikipedia.org	Radyoaktivite
8239	tr.wikipedia.org	UPnP
8240	tr.wikipedia.org	SNMP
8269	tr.wikipedia.org	Fildişi Sahili
8277	tr.wikipedia.org	Liberal Demokrat Parti (Türkiye)
8286	tr.wikipedia.org	Erwin Rommel
8337	tr.wikipedia.org	Kan
8343	tr.wikipedia.org	Ateroskleroz
8353	tr.wikipedia.org	Pîrî Reis
8359	tr.wikipedia.org	Atasözü
8365	tr.wikipedia.org	Yağlı güreş
8372	tr.wikipedia.org	Gravür
8373	tr.wikipedia.org	Dokuma
8381	tr.wikipedia.org	İslam
8392	tr.wikipedia.org	Demir Demirkan
8410	tr.wikipedia.org	Tekel
8417	tr.wikipedia.org	Kurt Cobain
8422	tr.wikipedia.org	Atina
8423	tr.wikipedia.org	Selanik
8424	tr.wikipedia.org	Akdeniz
8463	tr.wikipedia.org	Gheorghe Hagi
8464	tr.wikipedia.org	Metin Oktay
8470	tr.wikipedia.org	Manyetik alan
8515	tr.wikipedia.org	Ağaç
8533	tr.wikipedia.org	Göktürk Kağanlığı
8534	tr.wikipedia.org	Horus
8546	tr.wikipedia.org	Fizik mühendisliği
8558	tr.wikipedia.org	Masonluk
8561	tr.wikipedia.org	Satürn'ün doğal uyduları
8569	tr.wikipedia.org	The Beatles
8586	tr.wikipedia.org	Bruce Springsteen
8588	tr.wikipedia.org	Can Yücel
8590	tr.wikipedia.org	Elektrik
8599	tr.wikipedia.org	Balıklıgöl
8618	tr.wikipedia.org	Fotoğraf
8637	tr.wikipedia.org	Anamur
8640	tr.wikipedia.org	Uranüs
8647	tr.wikipedia.org	İsmet Özel
8671	tr.wikipedia.org	Zeki Müren
8673	tr.wikipedia.org	Suriye
8688	tr.wikipedia.org	Disket
8692	tr.wikipedia.org	Johann Sebastian Bach
8708	tr.wikipedia.org	Fonksiyon (matematik)
8709	tr.wikipedia.org	Riemann toplamı
8726	tr.wikipedia.org	Fatih
8728	tr.wikipedia.org	Bayrampaşa
8732	tr.wikipedia.org	Türkiye Eğitim Gönüllüleri Vakfı
8736	tr.wikipedia.org	Marmara Denizi
8746	tr.wikipedia.org	Işık
8759	tr.wikipedia.org	Dilbilim
8773	tr.wikipedia.org	Meteoroit
8780	tr.wikipedia.org	Osmanlı padişahları listesi
8788	tr.wikipedia.org	Mimar Sinan
8795	tr.wikipedia.org	Kuşadası
8805	tr.wikipedia.org	Michel Foucault
8824	tr.wikipedia.org	Amiga
8834	tr.wikipedia.org	OpenSUSE
8837	tr.wikipedia.org	Lezbiyen
8851	tr.wikipedia.org	Mikrodenetleyici
8858	tr.wikipedia.org	DVD
8886	tr.wikipedia.org	Başar Sabuncu
8895	tr.wikipedia.org	Tunç Başaran
8900	tr.wikipedia.org	Metin Erksan
8901	tr.wikipedia.org	Muhsin Ertuğrul
8904	tr.wikipedia.org	Ömer Kavur
8907	tr.wikipedia.org	Ferzan Özpetek
8908	tr.wikipedia.org	Halit Refiğ
8910	tr.wikipedia.org	Yavuz Turgul
8911	tr.wikipedia.org	Yeşim Ustaoğlu
8912	tr.wikipedia.org	Atıf Yılmaz
8949	tr.wikipedia.org	İstatistik
8955	tr.wikipedia.org	Kızılçam
8958	tr.wikipedia.org	Çınar
8967	tr.wikipedia.org	Güneş
8971	tr.wikipedia.org	Fethullah Gülen
8994	tr.wikipedia.org	Anadol
9008	tr.wikipedia.org	Pasaport
9016	tr.wikipedia.org	Arama motoru
9031	tr.wikipedia.org	Tenis
9041	tr.wikipedia.org	Vergi
9054	tr.wikipedia.org	James Monroe
9072	tr.wikipedia.org	Termodinamik
9074	tr.wikipedia.org	Mecelle
9105	tr.wikipedia.org	Sokollu Mehmed Paşa
9106	tr.wikipedia.org	Guns N' Roses
9115	tr.wikipedia.org	Abdülaziz
9123	tr.wikipedia.org	İbrahim Çallı
9135	tr.wikipedia.org	Salsa (dans)
9180	tr.wikipedia.org	Abdal
9183	tr.wikipedia.org	Obi-Wan Kenobi
9188	tr.wikipedia.org	Londra
9192	tr.wikipedia.org	Budapeşte
9195	tr.wikipedia.org	Bağdat
9196	tr.wikipedia.org	Erivan
9197	tr.wikipedia.org	Helsinki
9198	tr.wikipedia.org	Dublin
9201	tr.wikipedia.org	Madrid
9248	tr.wikipedia.org	Özbekler
9253	tr.wikipedia.org	Adapazarı
9282	tr.wikipedia.org	Güney Kore
9295	tr.wikipedia.org	ISDN
9309	tr.wikipedia.org	I. Bayezid
9310	tr.wikipedia.org	I. Mehmed
9312	tr.wikipedia.org	II. Bayezid
9313	tr.wikipedia.org	I. Selim
9319	tr.wikipedia.org	Stockholm
9334	tr.wikipedia.org	Esrar
9364	tr.wikipedia.org	VI. Mehmed
9367	tr.wikipedia.org	V. Mehmed
9370	tr.wikipedia.org	King
9375	tr.wikipedia.org	V. Murad
9376	tr.wikipedia.org	Abdülmecid
9377	tr.wikipedia.org	II. Mahmud
9378	tr.wikipedia.org	IV. Mustafa
9379	tr.wikipedia.org	III. Selim
9380	tr.wikipedia.org	I. Abdülhamid
9392	tr.wikipedia.org	Müslüman
9394	tr.wikipedia.org	6-7 Eylül Olayları
9400	tr.wikipedia.org	Rum
9401	tr.wikipedia.org	Karamanlılar
9402	tr.wikipedia.org	İstanbul Rum Ortodoks Patrikhanesi
9412	tr.wikipedia.org	Emek Partisi
9419	tr.wikipedia.org	Sözde rassal sayı üreteci
9422	tr.wikipedia.org	Mahzuni Şerif
9426	tr.wikipedia.org	Fermiyon
9452	tr.wikipedia.org	Meşe
9464	tr.wikipedia.org	Tire, İzmir
9475	tr.wikipedia.org	Rusya
9489	tr.wikipedia.org	Gabon
9506	tr.wikipedia.org	Nümismatik
9512	tr.wikipedia.org	Zurna
9536	tr.wikipedia.org	Macintosh
9553	tr.wikipedia.org	Dışişleri Bakanlığı (Türkiye)
9557	tr.wikipedia.org	Kütleçekim
9559	tr.wikipedia.org	Madenî para
9577	tr.wikipedia.org	Yerçekimi
9599	tr.wikipedia.org	Safranbolu
9617	tr.wikipedia.org	Cahit Sıtkı Tarancı
9635	tr.wikipedia.org	FC Bayern München
9637	tr.wikipedia.org	AC Milan
9672	tr.wikipedia.org	Eskişehir Osmangazi Üniversitesi
9676	tr.wikipedia.org	Yusufeli
9683	tr.wikipedia.org	Windows NT
9684	tr.wikipedia.org	Mikro çekirdek
9691	tr.wikipedia.org	Arhavi
9699	tr.wikipedia.org	MS-DOS
9709	tr.wikipedia.org	Cengiz Aytmatov
9717	tr.wikipedia.org	Kastamonuspor
9730	tr.wikipedia.org	1999 Gölcük depremi
9740	tr.wikipedia.org	Bisiklet
9741	tr.wikipedia.org	Bisiklet (spor)
9773	tr.wikipedia.org	Bakır
9786	tr.wikipedia.org	Devrekani
9792	tr.wikipedia.org	ASALA
9889	tr.wikipedia.org	Lübnan sediri
9892	tr.wikipedia.org	Ihlamur
9898	tr.wikipedia.org	Jim Morrison
9945	tr.wikipedia.org	Doğu Karadeniz göknarı
9965	tr.wikipedia.org	Akdamar Adası
9966	tr.wikipedia.org	Biyopsi
9988	tr.wikipedia.org	Küçük Kaynarca Antlaşması
10000	tr.wikipedia.org	Süt
10012	tr.wikipedia.org	Seydişehir
10022	tr.wikipedia.org	Bolivya
10027	tr.wikipedia.org	Fidel Castro
10036	tr.wikipedia.org	Mao Zedong
10037	tr.wikipedia.org	Kumtaşı
10039	tr.wikipedia.org	İpsala
10049	tr.wikipedia.org	Cenevre
10052	tr.wikipedia.org	Oslo
10053	tr.wikipedia.org	Kopenhag
10066	tr.wikipedia.org	Akçaağaç
10092	tr.wikipedia.org	İnsan penisi
10111	tr.wikipedia.org	Sensör
10127	tr.wikipedia.org	Ajda Pekkan
10147	tr.wikipedia.org	Ahmet Altan
10162	tr.wikipedia.org	Limit
10202	tr.wikipedia.org	Justine Henin
10208	tr.wikipedia.org	Superman
10272	tr.wikipedia.org	Karaçam
10285	tr.wikipedia.org	Said Nursî
10316	tr.wikipedia.org	Osman Gazi
10328	tr.wikipedia.org	Pergamon
10347	tr.wikipedia.org	Tümeller tartışması
10377	tr.wikipedia.org	Michael Schumacher
10382	tr.wikipedia.org	Haldun Dormen
10385	tr.wikipedia.org	Işıl Kasapoğlu
10397	tr.wikipedia.org	Ceyhan
10442	tr.wikipedia.org	Vladimir Mayakovski
10449	tr.wikipedia.org	Johann Wolfgang von Goethe
10466	tr.wikipedia.org	Romantizm
10469	tr.wikipedia.org	Natüralizm
10476	tr.wikipedia.org	PHP
10523	tr.wikipedia.org	Endokrinoloji
10531	tr.wikipedia.org	Enez
10532	tr.wikipedia.org	Timur
10542	tr.wikipedia.org	Homofobi
10543	tr.wikipedia.org	Immanuel Kant
10549	tr.wikipedia.org	Eşcinsellik
10563	tr.wikipedia.org	AES
10571	tr.wikipedia.org	Antakya
10590	tr.wikipedia.org	Ergin Orbey
10602	tr.wikipedia.org	KDE
10620	tr.wikipedia.org	Lozan Antlaşması
10621	tr.wikipedia.org	Melamilik
10631	tr.wikipedia.org	Refik Erduran
10647	tr.wikipedia.org	Cemil Meriç
10649	tr.wikipedia.org	Jerzy Kosiński
10658	tr.wikipedia.org	Astsubay
11079	tr.wikipedia.org	Kırcaali
11084	tr.wikipedia.org	Platon
11087	tr.wikipedia.org	Mahatma Gandi
11090	tr.wikipedia.org	Evrim
11098	tr.wikipedia.org	Faust (Goethe)
11099	tr.wikipedia.org	Şeytan
11112	tr.wikipedia.org	Otlukbeli Muharebesi
11121	tr.wikipedia.org	Michelangelo
11135	tr.wikipedia.org	Ferhan Şensoy
11139	tr.wikipedia.org	Bauhaus
11147	tr.wikipedia.org	Go
11180	tr.wikipedia.org	Intel
11228	tr.wikipedia.org	Pekin
11239	tr.wikipedia.org	Bıçak Sırtı
11240	tr.wikipedia.org	John Lennon
11254	tr.wikipedia.org	Grup Vitamin
11262	tr.wikipedia.org	Tom Cruise
11296	tr.wikipedia.org	Kaan Tangöze
11303	tr.wikipedia.org	Sivas Katliamı
11305	tr.wikipedia.org	UDP
11307	tr.wikipedia.org	Sabit disk sürücüsü
11314	tr.wikipedia.org	Mikroprogramlama
11330	tr.wikipedia.org	Tepecik (bitki)
11336	tr.wikipedia.org	Solomon Adaları
11337	tr.wikipedia.org	Sakalar
11356	tr.wikipedia.org	Atmacagiller
11371	tr.wikipedia.org	Ağaç serçesi
11429	tr.wikipedia.org	Aile
11445	tr.wikipedia.org	Dış kaynak kullanımı
11484	tr.wikipedia.org	Marsias
11499	tr.wikipedia.org	Mathematica
11556	tr.wikipedia.org	Fyodor Dostoyevski
11595	tr.wikipedia.org	Maskülizm
11596	tr.wikipedia.org	Feminizm
11603	tr.wikipedia.org	Talat Aydemir
11605	tr.wikipedia.org	12 Mart Muhtırası
11606	tr.wikipedia.org	Mistisizm
11607	tr.wikipedia.org	Freddie Mercury
11624	tr.wikipedia.org	Ziya Gökalp
11636	tr.wikipedia.org	Dış merkezlik (astronomi)
11644	tr.wikipedia.org	Kayserispor
11663	tr.wikipedia.org	Anakart
11666	tr.wikipedia.org	Joker (karakter)
11684	tr.wikipedia.org	Costa-Gavras
11688	tr.wikipedia.org	Necil Kazım Akses
11692	tr.wikipedia.org	Stalingrad Muharebesi
11693	tr.wikipedia.org	Volgograd
11728	tr.wikipedia.org	Açılma (LGBT)
11741	tr.wikipedia.org	Zübeyde Hanım
11754	tr.wikipedia.org	Karapapaklar
11758	tr.wikipedia.org	Anatomi
11759	tr.wikipedia.org	Embriyoloji
11775	tr.wikipedia.org	Çamlıhemşin
11785	tr.wikipedia.org	Thomas Jefferson
11800	tr.wikipedia.org	Bağcılar
11814	tr.wikipedia.org	Bilardo
11829	tr.wikipedia.org	Mezopotamya
11857	tr.wikipedia.org	II. Murad
11860	tr.wikipedia.org	Opeth
11866	tr.wikipedia.org	Demokrat Parti (1946)
11877	tr.wikipedia.org	Ali (anlam ayrımı)
11880	tr.wikipedia.org	Psikiyatri
11886	tr.wikipedia.org	Şükrü Saracoğlu
11900	tr.wikipedia.org	Syd Barrett
11903	tr.wikipedia.org	Roger Waters
11904	tr.wikipedia.org	Genel görelilik
11918	tr.wikipedia.org	SAP
11943	tr.wikipedia.org	Magnus Carlsen
11972	tr.wikipedia.org	Kızılırmak
11982	tr.wikipedia.org	Half-Life
11996	tr.wikipedia.org	Kapadokya'daki yeraltı şehirleri
12000	tr.wikipedia.org	Glokom
12032	tr.wikipedia.org	Ursula K. Le Guin
12062	tr.wikipedia.org	Bigadiç
12088	tr.wikipedia.org	Seçici serotonin geri alım inhibitörü
12098	tr.wikipedia.org	Farsça
12099	tr.wikipedia.org	Modem
12102	tr.wikipedia.org	Çarşamba, Samsun
12107	tr.wikipedia.org	Cüneyt Arkın
12137	tr.wikipedia.org	Çin
12223	tr.wikipedia.org	Halide Nusret Zorlutuna
12242	tr.wikipedia.org	İnşaat mühendisliği
12255	tr.wikipedia.org	Deniz Baykal
12267	tr.wikipedia.org	Rauf Denktaş
12275	tr.wikipedia.org	Süper Lig
12282	tr.wikipedia.org	Şenol Güneş
12284	tr.wikipedia.org	Astrometri
12286	tr.wikipedia.org	Fıkıh
12287	tr.wikipedia.org	Osman Zeki Üngör
12328	tr.wikipedia.org	Türk halk edebiyatı
12332	tr.wikipedia.org	Hormon
12337	tr.wikipedia.org	Dosya aktarım iletişim kuralı
12375	tr.wikipedia.org	Eski Taş Çağı
12390	tr.wikipedia.org	Tunç Çağı
12396	tr.wikipedia.org	Erken Tunç Çağı
12420	tr.wikipedia.org	Modern sanat
12435	tr.wikipedia.org	Türk müziği
12437	tr.wikipedia.org	Dîvân-ı Hümâyun
12448	tr.wikipedia.org	Albert Camus
12455	tr.wikipedia.org	Memduh Şevket Esendal
12456	tr.wikipedia.org	Ömer Seyfettin
12496	tr.wikipedia.org	James Joyce
12499	tr.wikipedia.org	Mesut Yılmaz
12501	tr.wikipedia.org	Necmettin Erbakan
12528	tr.wikipedia.org	Reenkarnasyon
12530	tr.wikipedia.org	Ergenekon Destanı
12548	tr.wikipedia.org	Melek
12558	tr.wikipedia.org	Milliyet (gazete)
12560	tr.wikipedia.org	Windows Vista
12567	tr.wikipedia.org	Havza
12573	tr.wikipedia.org	Türkiye'deki millî parklar listesi
12577	tr.wikipedia.org	Göreme Tarihî Millî Parkı
12579	tr.wikipedia.org	Namaz
12655	tr.wikipedia.org	Kore Savaşı
12664	tr.wikipedia.org	Modernizm
12680	tr.wikipedia.org	İslami feminizm
12689	tr.wikipedia.org	İbrahim Şinâsî
12695	tr.wikipedia.org	Ney
12707	tr.wikipedia.org	Pablo Picasso
12718	tr.wikipedia.org	Kangren
12775	tr.wikipedia.org	SRAM
12805	tr.wikipedia.org	Marcel Proust
12820	tr.wikipedia.org	Gürol Tonbul
12823	tr.wikipedia.org	Spice Girls
12830	tr.wikipedia.org	Ayşe Hafsa Sultan
12844	tr.wikipedia.org	Frithjof Schuon
12847	tr.wikipedia.org	Erkek düşmanlığı
12867	tr.wikipedia.org	Türkiye taşıt plaka kodu
12893	tr.wikipedia.org	Dünya'nın yapısı
12912	tr.wikipedia.org	Dünya'nın yerkabuğu
12913	tr.wikipedia.org	Dünya'nın mantosu
12922	tr.wikipedia.org	Windows XP
12937	tr.wikipedia.org	Müslüm Gürses
12950	tr.wikipedia.org	Carl von Clausewitz
12956	tr.wikipedia.org	Eşzamansız Aktarım Modu
12959	tr.wikipedia.org	I. Mengli Giray
12972	tr.wikipedia.org	Telnet
12975	tr.wikipedia.org	Internet Relay Chat
12995	tr.wikipedia.org	Mikis Theodorakis
13009	tr.wikipedia.org	Bertolt Brecht
13028	tr.wikipedia.org	Herakles
13035	tr.wikipedia.org	Merkezî işlem birimi
13171	tr.wikipedia.org	İstanbul'un Fethi
13184	tr.wikipedia.org	Stefan Zweig
13197	tr.wikipedia.org	Fârâbî
13219	tr.wikipedia.org	Ernest Hemingway
13246	tr.wikipedia.org	Gezegen
13251	tr.wikipedia.org	Henry Ford
13275	tr.wikipedia.org	Pornografi
13283	tr.wikipedia.org	Nikola Tesla
13290	tr.wikipedia.org	Kayısı
13295	tr.wikipedia.org	Hayvan
13321	tr.wikipedia.org	Aladağlar
13330	tr.wikipedia.org	J. R. R. Tolkien
13338	tr.wikipedia.org	Su bilimi
13345	tr.wikipedia.org	Beykoz
13364	tr.wikipedia.org	Dean Martin
13384	tr.wikipedia.org	Sauron
13388	tr.wikipedia.org	Kuyruklu yıldız
13400	tr.wikipedia.org	Jeolojik zaman cetveli
13422	tr.wikipedia.org	Sarımsak
13424	tr.wikipedia.org	Sony
13426	tr.wikipedia.org	USB
13427	tr.wikipedia.org	Ericsson
13477	tr.wikipedia.org	Efes
13508	tr.wikipedia.org	Hint-Avrupa dil ailesi
13519	tr.wikipedia.org	GPS
13531	tr.wikipedia.org	Leylâ ile Mecnun
13548	tr.wikipedia.org	Ankara (anlam ayrımı)
13585	tr.wikipedia.org	Yarasa
13589	tr.wikipedia.org	Yellenme
13607	tr.wikipedia.org	Yüzgeçayaklılar
13622	tr.wikipedia.org	Hava durumu
13627	tr.wikipedia.org	Eski Dünya kunduzu
13633	tr.wikipedia.org	Bulut
13677	tr.wikipedia.org	Anayasa
13678	tr.wikipedia.org	23 Nisan Ulusal Egemenlik ve Çocuk Bayramı
13688	tr.wikipedia.org	Quentin Tarantino
13696	tr.wikipedia.org	Davul
13707	tr.wikipedia.org	Kondansatör
13786	tr.wikipedia.org	Kobe Bryant
13788	tr.wikipedia.org	Elektron dizilimi
13800	tr.wikipedia.org	Neptün ötesi cisim
13801	tr.wikipedia.org	Dünya
13809	tr.wikipedia.org	Soy gaz
13855	tr.wikipedia.org	İstanbul
13873	tr.wikipedia.org	Emiliano Zapata
13879	tr.wikipedia.org	Atom ağırlığı
13912	tr.wikipedia.org	Doğa
13920	tr.wikipedia.org	Türk Silahlı Kuvvetleri
13943	tr.wikipedia.org	Agathias
13957	tr.wikipedia.org	Helen
13958	tr.wikipedia.org	Silvan
13960	tr.wikipedia.org	Helios
13961	tr.wikipedia.org	Pelasglar
14051	tr.wikipedia.org	Fotoelektrik etkisi
14092	tr.wikipedia.org	Zaman (gazete)
14096	tr.wikipedia.org	Akkoyunlular
14097	tr.wikipedia.org	Arap alfabesi
14143	tr.wikipedia.org	Batı mazısı
14180	tr.wikipedia.org	Oksijen
14205	tr.wikipedia.org	Yazıcı (donanım)
14206	tr.wikipedia.org	Stephen King
14207	tr.wikipedia.org	Türk (satranç otomatı)
14217	tr.wikipedia.org	Fare (bilgisayar)
14231	tr.wikipedia.org	Tanrı
14247	tr.wikipedia.org	Seramik
14259	tr.wikipedia.org	Kalsit
14261	tr.wikipedia.org	Cam
14301	tr.wikipedia.org	Köprübaşı, Manisa
14311	tr.wikipedia.org	Kuzey Kıbrıs Türk Cumhuriyeti
14323	tr.wikipedia.org	George Orwell
14333	tr.wikipedia.org	Arnavutluk
14351	tr.wikipedia.org	Marcel Duchamp
14379	tr.wikipedia.org	Irak
14436	tr.wikipedia.org	Kadir Topbaş
14444	tr.wikipedia.org	İo (uydu)
14446	tr.wikipedia.org	Europa (uydu)
14451	tr.wikipedia.org	Hezârfen Ahmed Çelebi
14485	tr.wikipedia.org	Ethernet
14504	tr.wikipedia.org	Pîrî Reis Haritası
14522	tr.wikipedia.org	Rüştü Reçber
14526	tr.wikipedia.org	John Deacon
14598	tr.wikipedia.org	Norveç
14599	tr.wikipedia.org	Bosna-Hersek
14602	tr.wikipedia.org	İzlanda
14635	tr.wikipedia.org	Bayındır, İzmir
14642	tr.wikipedia.org	Fatih Terim
14666	tr.wikipedia.org	René Descartes
14706	tr.wikipedia.org	Zülfü Livaneli
14707	tr.wikipedia.org	Füreya Koral
14739	tr.wikipedia.org	Şarkışla
14746	tr.wikipedia.org	Empedokles
14754	tr.wikipedia.org	Baruch Spinoza
14761	tr.wikipedia.org	Süveyş Kanalı
14811	tr.wikipedia.org	Paul McCartney
14812	tr.wikipedia.org	George Harrison
14813	tr.wikipedia.org	Hinduizm
14819	tr.wikipedia.org	Perennial felsefe
14827	tr.wikipedia.org	Augustin Louis Cauchy
14835	tr.wikipedia.org	Bozcaada
14842	tr.wikipedia.org	Jakob Bernoulli
14869	tr.wikipedia.org	Yeni Şafak
14879	tr.wikipedia.org	Christiaan Huygens
14904	tr.wikipedia.org	Burun
14906	tr.wikipedia.org	Kuvars
12	en.wikipedia.org	Anarchism
39	en.wikipedia.org	Albedo
290	en.wikipedia.org	A
303	en.wikipedia.org	Alabama
305	en.wikipedia.org	Achilles
307	en.wikipedia.org	Abraham Lincoln
308	en.wikipedia.org	Aristotle
309	en.wikipedia.org	An American in Paris
324	en.wikipedia.org	Academy Awards
334	en.wikipedia.org	International Atomic Time
336	en.wikipedia.org	Altruism
339	en.wikipedia.org	Ayn Rand
340	en.wikipedia.org	Alain Connes
344	en.wikipedia.org	Allan Dwan
358	en.wikipedia.org	Algeria
359	en.wikipedia.org	List of Atlas Shrugged characters
569	en.wikipedia.org	Anthropology
572	en.wikipedia.org	Agricultural science
573	en.wikipedia.org	Alchemy
579	en.wikipedia.org	Alien
586	en.wikipedia.org	ASCII
593	en.wikipedia.org	Animation
594	en.wikipedia.org	Apollo
595	en.wikipedia.org	Andre Agassi
599	en.wikipedia.org	Afroasiatic languages
615	en.wikipedia.org	American Football Conference
620	en.wikipedia.org	Animal Farm
621	en.wikipedia.org	Amphibian
624	en.wikipedia.org	Alaska
627	en.wikipedia.org	Agriculture
628	en.wikipedia.org	Aldous Huxley
632	en.wikipedia.org	Aberdeen (disambiguation)
633	en.wikipedia.org	Algae
634	en.wikipedia.org	Analysis of variance
639	en.wikipedia.org	Alkane
640	en.wikipedia.org	Appellate procedure in the United States
643	en.wikipedia.org	Appellate court
649	en.wikipedia.org	Arraignment
651	en.wikipedia.org	America the Beautiful
653	en.wikipedia.org	Assistive technology
655	en.wikipedia.org	Abacus
656	en.wikipedia.org	Acid
657	en.wikipedia.org	Bitumen
659	en.wikipedia.org	American National Standards Institute
662	en.wikipedia.org	Apollo 11
663	en.wikipedia.org	Apollo 8
664	en.wikipedia.org	Astronaut
665	en.wikipedia.org	A Modest Proposal
666	en.wikipedia.org	Alkali metal
670	en.wikipedia.org	Alphabet
673	en.wikipedia.org	Atomic number
674	en.wikipedia.org	Anatomy
675	en.wikipedia.org	Affirming the consequent
676	en.wikipedia.org	Andrei Tarkovsky
677	en.wikipedia.org	Ambiguity
680	en.wikipedia.org	Aardvark
681	en.wikipedia.org	Aardwolf
689	en.wikipedia.org	Asia
690	en.wikipedia.org	Aruba
691	en.wikipedia.org	Articles of Confederation
698	en.wikipedia.org	Atlantic Ocean
700	en.wikipedia.org	Arthur Schopenhauer
701	en.wikipedia.org	Angola
705	en.wikipedia.org	Politics of Angola
706	en.wikipedia.org	Economy of Angola
711	en.wikipedia.org	Albert Sidney Johnston
713	en.wikipedia.org	Android (robot)
717	en.wikipedia.org	Alberta
728	en.wikipedia.org	List of anthropologists
734	en.wikipedia.org	Actinopterygii
736	en.wikipedia.org	Albert Einstein
737	en.wikipedia.org	Afghanistan
738	en.wikipedia.org	Albania
740	en.wikipedia.org	Allah
746	en.wikipedia.org	Azerbaijan
748	en.wikipedia.org	Amateur astronomy
751	en.wikipedia.org	Aikido
752	en.wikipedia.org	Art
764	en.wikipedia.org	Agnostida
765	en.wikipedia.org	Abortion
771	en.wikipedia.org	American Revolutionary War
772	en.wikipedia.org	Ampere
775	en.wikipedia.org	Algorithm
780	en.wikipedia.org	Atlas (disambiguation)
783	en.wikipedia.org	Alexander the Great
784	en.wikipedia.org	Alfred Korzybski
785	en.wikipedia.org	Asteroids (video game)
786	en.wikipedia.org	Asparagales
787	en.wikipedia.org	Alismatales
791	en.wikipedia.org	Asteroid
798	en.wikipedia.org	Aries (constellation)
799	en.wikipedia.org	Aquarius (constellation)
800	en.wikipedia.org	Anime
802	en.wikipedia.org	Ankara
803	en.wikipedia.org	Arabic
808	en.wikipedia.org	Alfred Hitchcock
809	en.wikipedia.org	Anaconda
824	en.wikipedia.org	Altaic languages
825	en.wikipedia.org	Austrian German
840	en.wikipedia.org	Axiom of choice
841	en.wikipedia.org	Attila
842	en.wikipedia.org	Aegean Sea
843	en.wikipedia.org	A Clockwork Orange (novel)
844	en.wikipedia.org	Amsterdam
848	en.wikipedia.org	Audi
849	en.wikipedia.org	Aircraft
851	en.wikipedia.org	Alfred Nobel
852	en.wikipedia.org	Alexander Graham Bell
854	en.wikipedia.org	Anatolia
857	en.wikipedia.org	Aberdeenshire
868	en.wikipedia.org	Alp Arslan
869	en.wikipedia.org	American Film Institute
872	en.wikipedia.org	Akira Kurosawa
874	en.wikipedia.org	Ancient Egypt
878	en.wikipedia.org	Abugida
880	en.wikipedia.org	ABBA
881	en.wikipedia.org	Allegiance
887	en.wikipedia.org	MessagePad
888	en.wikipedia.org	A. E. van Vogt
890	en.wikipedia.org	Anna Kournikova
894	en.wikipedia.org	Agnosticism
896	en.wikipedia.org	Argon
897	en.wikipedia.org	Arsenic
898	en.wikipedia.org	Antimony
899	en.wikipedia.org	Actinium
901	en.wikipedia.org	Astatine
902	en.wikipedia.org	Atom
903	en.wikipedia.org	Arable land
904	en.wikipedia.org	Aluminium
905	en.wikipedia.org	Advanced Chemistry
909	en.wikipedia.org	Anglican Communion
914	en.wikipedia.org	Author
921	en.wikipedia.org	Angst
922	en.wikipedia.org	Anxiety
924	en.wikipedia.org	A. A. Milne
928	en.wikipedia.org	Axiom
929	en.wikipedia.org	Alpha
930	en.wikipedia.org	Alvin Toffler
951	en.wikipedia.org	Antigua and Barbuda
954	en.wikipedia.org	Albert Speer
956	en.wikipedia.org	Asteraceae
958	en.wikipedia.org	Axon
960	en.wikipedia.org	Aramaic alphabet
969	en.wikipedia.org	Ataxia
974	en.wikipedia.org	Ada Lovelace
981	en.wikipedia.org	Alps
983	en.wikipedia.org	Albert Camus
984	en.wikipedia.org	Agatha Christie
986	en.wikipedia.org	The Plague (novel)
1000	en.wikipedia.org	Hercule Poirot
1004	en.wikipedia.org	April
1005	en.wikipedia.org	August
1008	en.wikipedia.org	April 6
1010	en.wikipedia.org	April 15
1011	en.wikipedia.org	April 30
1012	en.wikipedia.org	August 22
1013	en.wikipedia.org	August 27
1014	en.wikipedia.org	Alcohol (chemistry)
1016	en.wikipedia.org	Achill Island
1017	en.wikipedia.org	Allen Ginsberg
1018	en.wikipedia.org	Algebraically closed field
1019	en.wikipedia.org	August 6
1020	en.wikipedia.org	Anatoly Karpov
1021	en.wikipedia.org	Aspect ratio
1022	en.wikipedia.org	Auto racing
1023	en.wikipedia.org	Anarcho-capitalism
1027	en.wikipedia.org	August 9
1028	en.wikipedia.org	Aristophanes
1029	en.wikipedia.org	Albert Schweitzer
1030	en.wikipedia.org	Austrian school of economics
1032	en.wikipedia.org	Abscess
1038	en.wikipedia.org	Aarhus
1049	en.wikipedia.org	Amateur
1051	en.wikipedia.org	Alexis Carrel
1055	en.wikipedia.org	All Souls' Day
1057	en.wikipedia.org	Anatole France
1058	en.wikipedia.org	André Gide
1063	en.wikipedia.org	Algorithms for calculating variance
1064	en.wikipedia.org	Almond
1070	en.wikipedia.org	Politics of Antigua and Barbuda
1078	en.wikipedia.org	Antisemitism
1081	en.wikipedia.org	Economy of Azerbaijan
1082	en.wikipedia.org	Geography of Azerbaijan
1087	en.wikipedia.org	Foreign relations of Azerbaijan
1091	en.wikipedia.org	Geography of Armenia
1093	en.wikipedia.org	Politics of Armenia
1094	en.wikipedia.org	Economy of Armenia
1096	en.wikipedia.org	Transport in Armenia
1097	en.wikipedia.org	Armed Forces of Armenia
1098	en.wikipedia.org	Foreign relations of Armenia
1110	en.wikipedia.org	Demographics of American Samoa
1129	en.wikipedia.org	August 13
1130	en.wikipedia.org	Avicenna
1132	en.wikipedia.org	The Ashes
1134	en.wikipedia.org	Analysis
1135	en.wikipedia.org	Abner Doubleday
1141	en.wikipedia.org	Augustin-Jean Fresnel
1144	en.wikipedia.org	Ardipithecus
1146	en.wikipedia.org	Assembly line
1148	en.wikipedia.org	Adelaide
1152	en.wikipedia.org	Alan Garner
1154	en.wikipedia.org	August 2
1158	en.wikipedia.org	Algebraic number
1160	en.wikipedia.org	Automorphism
1164	en.wikipedia.org	Artificial intelligence
1166	en.wikipedia.org	Afro Celt Sound System
1167	en.wikipedia.org	Ancient philosophy
1168	en.wikipedia.org	Anaximander
1170	en.wikipedia.org	Architect
1171	en.wikipedia.org	Abbreviation
1175	en.wikipedia.org	April 1
1177	en.wikipedia.org	Aleister Crowley
1178	en.wikipedia.org	Afterlife
1182	en.wikipedia.org	Athena
1183	en.wikipedia.org	Amber Diceless Roleplaying Game
1187	en.wikipedia.org	Alloy
1192	en.wikipedia.org	Artistic revolution
1193	en.wikipedia.org	Agrarianism
1196	en.wikipedia.org	Angle
1198	en.wikipedia.org	Acoustics
1201	en.wikipedia.org	American Sign Language
1203	en.wikipedia.org	Alternate history
1206	en.wikipedia.org	Atomic orbital
1208	en.wikipedia.org	Alan Turing
1209	en.wikipedia.org	Area
1210	en.wikipedia.org	Astronomical unit
1212	en.wikipedia.org	Artist
1214	en.wikipedia.org	Anglicanism
1216	en.wikipedia.org	Athens
1217	en.wikipedia.org	Anguilla
1227	en.wikipedia.org	Ashmore and Cartier Islands
1239	en.wikipedia.org	Ashoka
1241	en.wikipedia.org	American (word)
1242	en.wikipedia.org	Ada (programming language)
1247	en.wikipedia.org	Alfonso Cuarón
1252	en.wikipedia.org	Arianism
1254	en.wikipedia.org	August 1
1256	en.wikipedia.org	Antoninus Pius
1259	en.wikipedia.org	August 3
1260	en.wikipedia.org	Advanced Encryption Standard
1261	en.wikipedia.org	April 26
1264	en.wikipedia.org	Anisotropy
1270	en.wikipedia.org	Extreme poverty
1271	en.wikipedia.org	Analytical engine
1273	en.wikipedia.org	Augustus
1274	en.wikipedia.org	Geography of Antarctica
1285	en.wikipedia.org	Geography of Alabama
1286	en.wikipedia.org	List of governors of Alabama
1288	en.wikipedia.org	Apocrypha
1291	en.wikipedia.org	Antarctic Treaty System
1293	en.wikipedia.org	Alfred Lawson
1298	en.wikipedia.org	Ames, Iowa
1300	en.wikipedia.org	Abalone
1301	en.wikipedia.org	Abbess
1303	en.wikipedia.org	Abdominal surgery
1306	en.wikipedia.org	Arminianism
1307	en.wikipedia.org	The Alan Parsons Project
1313	en.wikipedia.org	Aromatic compound
1315	en.wikipedia.org	Abbey
1316	en.wikipedia.org	Annales school
1317	en.wikipedia.org	Antimatter
1322	en.wikipedia.org	Casa Batlló
1324	en.wikipedia.org	Park Güell
1325	en.wikipedia.org	Casa Milà
1327	en.wikipedia.org	Antiparticle
1331	en.wikipedia.org	Arabian Prince
1332	en.wikipedia.org	August 7
1333	en.wikipedia.org	August 8
1334	en.wikipedia.org	April 16
1335	en.wikipedia.org	Associative property
1338	en.wikipedia.org	Americans with Disabilities Act of 1990
1346	en.wikipedia.org	Apatosaurus
1347	en.wikipedia.org	Allosaurus
1348	en.wikipedia.org	AK-47
1349	en.wikipedia.org	Atanasoff–Berry computer
1354	en.wikipedia.org	Andes
1358	en.wikipedia.org	Anchor
1360	en.wikipedia.org	Anazarbus
1361	en.wikipedia.org	Anagram
1362	en.wikipedia.org	Anadyr (river)
1363	en.wikipedia.org	André-Marie Ampère
1365	en.wikipedia.org	Ammonia
1366	en.wikipedia.org	Amethyst
1367	en.wikipedia.org	Albertosaurus
1368	en.wikipedia.org	Assembly language
1369	en.wikipedia.org	Ambrosia
1370	en.wikipedia.org	Ambrose
1372	en.wikipedia.org	Amber
1374	en.wikipedia.org	Alphorn
1376	en.wikipedia.org	Army
1380	en.wikipedia.org	Alligatoridae
1384	en.wikipedia.org	Amos Bronson Alcott
1387	en.wikipedia.org	Alabaster
1395	en.wikipedia.org	Amazing Grace
1397	en.wikipedia.org	AOL
1400	en.wikipedia.org	Anno Domini
1404	en.wikipedia.org	AV
1409	en.wikipedia.org	Angilbert
1412	en.wikipedia.org	Amine
1416	en.wikipedia.org	April 29
1417	en.wikipedia.org	August 14
1418	en.wikipedia.org	Absolute zero
1419	en.wikipedia.org	Adiabatic process
1422	en.wikipedia.org	Amide
1423	en.wikipedia.org	Animism
1425	en.wikipedia.org	Antonio Vivaldi
1428	en.wikipedia.org	Adrian
1436	en.wikipedia.org	Abraham
1437	en.wikipedia.org	Abraxas
1438	en.wikipedia.org	Absalom
1440	en.wikipedia.org	Abydos, Egypt
1441	en.wikipedia.org	Abydos (Hellespont)
1442	en.wikipedia.org	August 15
1445	en.wikipedia.org	Acacia sensu lato
1446	en.wikipedia.org	Acapulco
1448	en.wikipedia.org	August 16
1449	en.wikipedia.org	Alan Kay
1451	en.wikipedia.org	APL (programming language)
1453	en.wikipedia.org	ALGOL
1460	en.wikipedia.org	Asgard
1461	en.wikipedia.org	Apollo program
1466	en.wikipedia.org	Assault
1485	en.wikipedia.org	Alain de Lille
1486	en.wikipedia.org	Alemanni
1488	en.wikipedia.org	NYSE American
1490	en.wikipedia.org	August 17
1494	en.wikipedia.org	Alfred Russel Wallace
1495	en.wikipedia.org	Australian Labor Party
1496	en.wikipedia.org	August 18
1497	en.wikipedia.org	August 19
1499	en.wikipedia.org	August 21
1500	en.wikipedia.org	Dodo (Alice's Adventures in Wonderland)
1513	en.wikipedia.org	Albert of Brandenburg
1514	en.wikipedia.org	Albert, Duke of Prussia
1519	en.wikipedia.org	August 25
1520	en.wikipedia.org	Aachen
1523	en.wikipedia.org	Agate
1525	en.wikipedia.org	Aspirin
1526	en.wikipedia.org	Abner
1527	en.wikipedia.org	Ahmed I
1529	en.wikipedia.org	Ahmed III
1530	en.wikipedia.org	Ainu people
1536	en.wikipedia.org	Acropolis
1537	en.wikipedia.org	Acupuncture
1541	en.wikipedia.org	April 13
1542	en.wikipedia.org	Amaranth
1543	en.wikipedia.org	Agapanthus africanus
1544	en.wikipedia.org	Agamemnon
1545	en.wikipedia.org	Aga Khan I
1546	en.wikipedia.org	Aga Khan III
1548	en.wikipedia.org	Alexander Agassiz
1549	en.wikipedia.org	Agathon
1550	en.wikipedia.org	Agesilaus II
1556	en.wikipedia.org	Agrippina the Elder
1557	en.wikipedia.org	Agrippina the Younger
1558	en.wikipedia.org	American Chinese cuisine
1560	en.wikipedia.org	Ahmad Shah Durrani
1566	en.wikipedia.org	Akkadian Empire
1568	en.wikipedia.org	Ajax the Great
1570	en.wikipedia.org	Alaric I
1571	en.wikipedia.org	Alaric II
1573	en.wikipedia.org	Albertus Magnus
1575	en.wikipedia.org	Alboin
1576	en.wikipedia.org	Afonso de Albuquerque
1577	en.wikipedia.org	Alcaeus of Mytilene
1579	en.wikipedia.org	Alcmene
1581	en.wikipedia.org	Aldine Press
1583	en.wikipedia.org	Ealdred (archbishop of York)
1587	en.wikipedia.org	Alexander of Pherae
1592	en.wikipedia.org	Alexander III of Russia
1593	en.wikipedia.org	Alexander I of Scotland
1594	en.wikipedia.org	Alexander II of Scotland
1595	en.wikipedia.org	Alexander I of Serbia
1596	en.wikipedia.org	Alexander III of Scotland
1600	en.wikipedia.org	Severus Alexander
1601	en.wikipedia.org	Alexander
1606	en.wikipedia.org	Alexander Jannaeus
1613	en.wikipedia.org	Alexios I Komnenos
1614	en.wikipedia.org	Alexis (poet)
1617	en.wikipedia.org	Alexios V Doukas
1620	en.wikipedia.org	Alexei Petrovich, Tsarevich of Russia
1623	en.wikipedia.org	Andrew Jackson
1624	en.wikipedia.org	Andrew Johnson
1625	en.wikipedia.org	Aleksandr Solzhenitsyn
1627	en.wikipedia.org	Aberdeen
1628	en.wikipedia.org	August 23
1629	en.wikipedia.org	August 24
1633	en.wikipedia.org	Antipope
1635	en.wikipedia.org	Kolmogorov complexity
1639	en.wikipedia.org	April 28
1640	en.wikipedia.org	Alfred the Great
1644	en.wikipedia.org	Algiers
1645	en.wikipedia.org	Ibn al-Haytham
1649	en.wikipedia.org	Almoravid dynasty
1650	en.wikipedia.org	Aloe
1652	en.wikipedia.org	Alyattes
1653	en.wikipedia.org	Age of consent
1659	en.wikipedia.org	Afonso III of Portugal
1660	en.wikipedia.org	Afonso IV of Portugal
1661	en.wikipedia.org	Afonso V of Portugal
1676	en.wikipedia.org	Alfonso XII
1677	en.wikipedia.org	Alfonso XIII
1679	en.wikipedia.org	Alfonso the Battler
1680	en.wikipedia.org	Amaryllis
1685	en.wikipedia.org	Amasis II
1686	en.wikipedia.org	Alfonso V of Aragon
1687	en.wikipedia.org	Amathus
1688	en.wikipedia.org	Alphons
1690	en.wikipedia.org	Amati
1695	en.wikipedia.org	Amazons
1697	en.wikipedia.org	Ambergris
1698	en.wikipedia.org	Ambiorix
1701	en.wikipedia.org	Amazon River
1702	en.wikipedia.org	Alfred of Beverley
1710	en.wikipedia.org	April 22
1711	en.wikipedia.org	August 31
1715	en.wikipedia.org	Abu Bakr
1716	en.wikipedia.org	Ambrose Traversari
1718	en.wikipedia.org	Ambrosiaster
1719	en.wikipedia.org	Ambrosius Aurelianus
1722	en.wikipedia.org	Ammon
1726	en.wikipedia.org	Book of Amos
1727	en.wikipedia.org	Amphipolis
1730	en.wikipedia.org	Amyntas III of Macedon
1734	en.wikipedia.org	Anah
1735	en.wikipedia.org	Ānanda
1737	en.wikipedia.org	Anaxagoras
1738	en.wikipedia.org	Anaxarchus
1746	en.wikipedia.org	Anaximenes of Lampsacus
1748	en.wikipedia.org	Anaximenes of Miletus
1749	en.wikipedia.org	Ancus Marcius
1750	en.wikipedia.org	Andaman Islands
1752	en.wikipedia.org	Andocides
1755	en.wikipedia.org	Andrew II of Hungary
1756	en.wikipedia.org	An Enquiry Concerning Human Understanding
1760	en.wikipedia.org	Andronikos III Palaiologos
1761	en.wikipedia.org	Andronikos II Palaiologos
1762	en.wikipedia.org	Andronikos I Komnenos
1767	en.wikipedia.org	Ammianus Marcellinus
1770	en.wikipedia.org	Apollo 13
1773	en.wikipedia.org	Apollo 7
1774	en.wikipedia.org	Apollo 9
1776	en.wikipedia.org	Arthritis
1778	en.wikipedia.org	Acetylene
1781	en.wikipedia.org	August 28
1787	en.wikipedia.org	April 9
1789	en.wikipedia.org	Apuleius
1790	en.wikipedia.org	Alexander Selkirk
1791	en.wikipedia.org	Anti-ballistic missile
1793	en.wikipedia.org	August 29
1797	en.wikipedia.org	Acre
1800	en.wikipedia.org	Adenosine triphosphate
1805	en.wikipedia.org	Antibiotic
1806	en.wikipedia.org	Arnold Schwarzenegger
1812	en.wikipedia.org	Amway
1814	en.wikipedia.org	Adam Smith
1822	en.wikipedia.org	Antoine Lavoisier
1826	en.wikipedia.org	April 18
1827	en.wikipedia.org	April 23
1828	en.wikipedia.org	Amitabh Bachchan
1832	en.wikipedia.org	Allomorph
1834	en.wikipedia.org	Allophone
1835	en.wikipedia.org	Affix
1837	en.wikipedia.org	Allegory
1841	en.wikipedia.org	Economy of Alberta
1842	en.wikipedia.org	Augustin-Louis Cauchy
1845	en.wikipedia.org	Alternative medicine
1851	en.wikipedia.org	Antiprism
1853	en.wikipedia.org	Natural history of Africa
1854	en.wikipedia.org	Geography of Africa
1857	en.wikipedia.org	Approval voting
1859	en.wikipedia.org	Arizona State University
1864	en.wikipedia.org	Astoria, Oregon
1866	en.wikipedia.org	Alarums and Excursions
1869	en.wikipedia.org	Alfred Jarry
1871	en.wikipedia.org	Amalric of Jerusalem
1872	en.wikipedia.org	Aimery of Cyprus
1874	en.wikipedia.org	Absalon
1878	en.wikipedia.org	Alphonse, Count of Poitiers
1881	en.wikipedia.org	Art Deco
1884	en.wikipedia.org	ASCII art
1893	en.wikipedia.org	Albert Spalding
1896	en.wikipedia.org	Acquire
1897	en.wikipedia.org	Australian English
1902	en.wikipedia.org	American Airlines Flight 77
1905	en.wikipedia.org	Ambush
1908	en.wikipedia.org	Abzyme
1909	en.wikipedia.org	Adaptive radiation
1910	en.wikipedia.org	Agarose gel electrophoresis
1911	en.wikipedia.org	Allele
1912	en.wikipedia.org	Ampicillin
1914	en.wikipedia.org	Antimicrobial resistance
1916	en.wikipedia.org	Autosome
1921	en.wikipedia.org	Al-Qaeda
1923	en.wikipedia.org	Alessandro Volta
1925	en.wikipedia.org	Andromeda (mythology)
1926	en.wikipedia.org	Antlia
1927	en.wikipedia.org	Ara (constellation)
1930	en.wikipedia.org	Arkansas
1933	en.wikipedia.org	Apus
1934	en.wikipedia.org	Abadan, Iran
1937	en.wikipedia.org	Alexander Fleming
1938	en.wikipedia.org	Andrew Carnegie
1942	en.wikipedia.org	Airline
1943	en.wikipedia.org	Australian Democrats
1944	en.wikipedia.org	Australian Capital Territory
1948	en.wikipedia.org	Ally McBeal
1949	en.wikipedia.org	Andreas Capellanus
1955	en.wikipedia.org	Adobe Inc.
1957	en.wikipedia.org	Alexander Technique
1962	en.wikipedia.org	Apparent magnitude
1963	en.wikipedia.org	Absolute magnitude
1965	en.wikipedia.org	Apollo 1
1966	en.wikipedia.org	Apollo 10
1967	en.wikipedia.org	Apollo 12
1968	en.wikipedia.org	Apollo 14
1969	en.wikipedia.org	Apollo 15
1970	en.wikipedia.org	Apollo 16
1971	en.wikipedia.org	Apollo 17
1973	en.wikipedia.org	American Revolution
1974	en.wikipedia.org	April 17
1975	en.wikipedia.org	Alan Ayckbourn
1979	en.wikipedia.org	Alpha Centauri
1980	en.wikipedia.org	Amiga
1986	en.wikipedia.org	Actinophryid
1988	en.wikipedia.org	Abel Tasman
1990	en.wikipedia.org	August 5
1997	en.wikipedia.org	Algebraic geometry
1998	en.wikipedia.org	Austin, Texas
2003	en.wikipedia.org	Argument from morality
2006	en.wikipedia.org	Auschwitz concentration camp
2009	en.wikipedia.org	Alvar Aalto
2011	en.wikipedia.org	Comparison of American and British English
2017	en.wikipedia.org	Arbor Day
2019	en.wikipedia.org	André Weil
2020	en.wikipedia.org	Achaeans (Homer)
2023	en.wikipedia.org	Aeschylus
2024	en.wikipedia.org	Amber Road
2030	en.wikipedia.org	Augustine of Hippo
2037	en.wikipedia.org	Delian League
2039	en.wikipedia.org	Avionics
2041	en.wikipedia.org	Ares
2042	en.wikipedia.org	Alexander Grothendieck
2047	en.wikipedia.org	Alcoholics Anonymous
2049	en.wikipedia.org	Alpha compositing
2052	en.wikipedia.org	Array (data structure)
2053	en.wikipedia.org	Advance Australia Fair
2062	en.wikipedia.org	Amerigo Vespucci
2063	en.wikipedia.org	Aristide Maillol
2065	en.wikipedia.org	Auguste Rodin
2067	en.wikipedia.org	Ann Arbor, Michigan
2070	en.wikipedia.org	Act of Settlement 1701
2075	en.wikipedia.org	Aircraft hijacking
2077	en.wikipedia.org	Adam Weishaupt
2078	en.wikipedia.org	Acorn Electron
2080	en.wikipedia.org	A Fire Upon the Deep
2082	en.wikipedia.org	Aeronautics
2084	en.wikipedia.org	Acts of the Apostles
2085	en.wikipedia.org	Assyria
2087	en.wikipedia.org	Ark
2088	en.wikipedia.org	Aphasia
2089	en.wikipedia.org	Aorta
2093	en.wikipedia.org	Abimelech
2100	en.wikipedia.org	Applesoft BASIC
2102	en.wikipedia.org	Arizona Cardinals
2103	en.wikipedia.org	Atlanta Falcons
2104	en.wikipedia.org	Heathenry in the United States
2108	en.wikipedia.org	Adalbert of Prague
2110	en.wikipedia.org	Ælfheah of Canterbury
2113	en.wikipedia.org	Axiom of regularity
2115	en.wikipedia.org	AppleTalk
2116	en.wikipedia.org	Apple II series
2118	en.wikipedia.org	AVL tree
2122	en.wikipedia.org	Astrology
2125	en.wikipedia.org	Algebraic extension
2126	en.wikipedia.org	Ani DiFranco
2130	en.wikipedia.org	Aesthetics
2134	en.wikipedia.org	Ark of the Covenant
2137	en.wikipedia.org	Aster CT-80
2141	en.wikipedia.org	Atari ST
2142	en.wikipedia.org	List of artificial intelligence projects
2144	en.wikipedia.org	Aaliyah
2148	en.wikipedia.org	Armoured fighting vehicle
2151	en.wikipedia.org	Anton Drexler
2152	en.wikipedia.org	All Quiet on the Western Front
2154	en.wikipedia.org	African Americans
2162	en.wikipedia.org	Afrikaans
2167	en.wikipedia.org	Alford plea
2174	en.wikipedia.org	Arsenal F.C.
2175	en.wikipedia.org	American cuisine
2178	en.wikipedia.org	Atlantis
2179	en.wikipedia.org	Autobiography
2180	en.wikipedia.org	Arcadius
2185	en.wikipedia.org	Arabs
2186	en.wikipedia.org	Armadillo
2187	en.wikipedia.org	Antisemitism in the Arab world
2192	en.wikipedia.org	August 11
2193	en.wikipedia.org	Arcology
2194	en.wikipedia.org	April 5
2195	en.wikipedia.org	April 20
2197	en.wikipedia.org	Amstrad CPC
2201	en.wikipedia.org	Aage Bohr
2202	en.wikipedia.org	Analytic geometry
2204	en.wikipedia.org	Arabic alphabet
2207	en.wikipedia.org	Angels in art
2208	en.wikipedia.org	Arctic fox
2210	en.wikipedia.org	Folklore of the United States
2215	en.wikipedia.org	Sid Meier's Alpha Centauri
2216	en.wikipedia.org	Abu Sayyaf
2217	en.wikipedia.org	Armenian language
2218	en.wikipedia.org	Additive synthesis
2219	en.wikipedia.org	Aircraft carrier
2221	en.wikipedia.org	Apicomplexa
2222	en.wikipedia.org	Argentine cuisine
2224	en.wikipedia.org	April 8
2226	en.wikipedia.org	Ad hominem
2233	en.wikipedia.org	Ælle of Sussex
2234	en.wikipedia.org	Atari
2236	en.wikipedia.org	Acadia University
2237	en.wikipedia.org	Steel-string acoustic guitar
2238	en.wikipedia.org	Antipope John XXIII
2241	en.wikipedia.org	Antonio Salieri
2244	en.wikipedia.org	Cobble Hill Tunnel
2245	en.wikipedia.org	Annapolis Valley
2246	en.wikipedia.org	Analgesic
2250	en.wikipedia.org	Abiotic stress
2251	en.wikipedia.org	Accusative case
2257	en.wikipedia.org	Apostolic succession
2268	en.wikipedia.org	Chemistry of ascorbic acid
2273	en.wikipedia.org	AFC Ajax
2274	en.wikipedia.org	Arthur Eddington
2279	en.wikipedia.org	April 3
2282	en.wikipedia.org	Alexis Korner
2287	en.wikipedia.org	Armored car (military)
2289	en.wikipedia.org	AZ Alkmaar
2296	en.wikipedia.org	Adrenal gland
2299	en.wikipedia.org	A360media
2303	en.wikipedia.org	Aramaic
2304	en.wikipedia.org	Saint Titus
2308	en.wikipedia.org	Actinide
2310	en.wikipedia.org	Arthur Miller
2313	en.wikipedia.org	Anton Diabelli
2314	en.wikipedia.org	Anita Hill
2316	en.wikipedia.org	Audio file format
2321	en.wikipedia.org	Area 51
2322	en.wikipedia.org	Audio signal processing
2323	en.wikipedia.org	Amdahl's law
2326	en.wikipedia.org	April 27
2328	en.wikipedia.org	Ayahuasca
2330	en.wikipedia.org	Abbe number
2335	en.wikipedia.org	Adamic language
2338	en.wikipedia.org	Rise and Fall of the City of Mahagonny
2341	en.wikipedia.org	Alkaloid
2343	en.wikipedia.org	Adventism
2345	en.wikipedia.org	Archbishop of Canterbury
2346	en.wikipedia.org	Albion, Michigan
2348	en.wikipedia.org	Anointing of the sick
2349	en.wikipedia.org	Abstract data type
2357	en.wikipedia.org	American Football League
2358	en.wikipedia.org	AS Roma
2360	en.wikipedia.org	Abu Nidal Organization
2362	en.wikipedia.org	Antibody
2369	en.wikipedia.org	Aston Martin
2371	en.wikipedia.org	Albert Pike
2376	en.wikipedia.org	Abdul Rashid Dostum
2377	en.wikipedia.org	Andhra Pradesh
2380	en.wikipedia.org	Accelerated Graphics Port
2382	en.wikipedia.org	Aalen
2383	en.wikipedia.org	Alois Alzheimer
2384	en.wikipedia.org	Aedile
2386	en.wikipedia.org	American Airlines
2388	en.wikipedia.org	Antidepressant
2391	en.wikipedia.org	Akio Morita
2392	en.wikipedia.org	Anode
2395	en.wikipedia.org	April 11
2397	en.wikipedia.org	Anthony Hopkins
2398	en.wikipedia.org	Ardal O'Hanlon
2400	en.wikipedia.org	AMD
2402	en.wikipedia.org	Albrecht Dürer
2403	en.wikipedia.org	Australian rules football
2405	en.wikipedia.org	Aon (company)
2408	en.wikipedia.org	Analytical chemistry
2411	en.wikipedia.org	A cappella
2416	en.wikipedia.org	Athanasian Creed
2417	en.wikipedia.org	Alicante
2418	en.wikipedia.org	August 4
2422	en.wikipedia.org	Ann Widdecombe
2425	en.wikipedia.org	Aurangzeb
2427	en.wikipedia.org	Alexandrine
2428	en.wikipedia.org	Analog computer
2431	en.wikipedia.org	Minute and second of arc
2433	en.wikipedia.org	Alberto Giacometti
2439	en.wikipedia.org	Anthem
2440	en.wikipedia.org	Albrecht Altdorfer
2441	en.wikipedia.org	House of Ascania
2443	en.wikipedia.org	Acceleration
2444	en.wikipedia.org	Conservation and restoration of cultural property
2447	en.wikipedia.org	Anton Chekhov
2457	en.wikipedia.org	Apoptosis
2460	en.wikipedia.org	Anal sex
2466	en.wikipedia.org	Aarau
2467	en.wikipedia.org	Aargau
2471	en.wikipedia.org	Ababda people
2472	en.wikipedia.org	American Quarter Horse
2473	en.wikipedia.org	Abacá
2475	en.wikipedia.org	Abadeh
2477	en.wikipedia.org	Abakan
2482	en.wikipedia.org	Arc de Triomphe
2493	en.wikipedia.org	Anthroposophy
2494	en.wikipedia.org	Aurochs
2499	en.wikipedia.org	Asynchronous Transfer Mode
2502	en.wikipedia.org	Acantharea
2503	en.wikipedia.org	African National Congress
2504	en.wikipedia.org	Amphetamine
2508	en.wikipedia.org	Artillery
2510	en.wikipedia.org	Arnulf of Carinthia
2511	en.wikipedia.org	Alexanderplatz
2512	en.wikipedia.org	Asian Development Bank
2514	en.wikipedia.org	Aswan
2524	en.wikipedia.org	Airbus A300
2528	en.wikipedia.org	Adenylyl cyclase
2543	en.wikipedia.org	Alexander Kerensky
2544	en.wikipedia.org	Ansgar
2547	en.wikipedia.org	Agent Orange
2553	en.wikipedia.org	Ab urbe condita
2560	en.wikipedia.org	Administrative law
2563	en.wikipedia.org	Arthur Phillip
2564	en.wikipedia.org	April 10
2575	en.wikipedia.org	André the Giant
2577	en.wikipedia.org	Adrastea (moon)
2581	en.wikipedia.org	Apache HTTP Server
2583	en.wikipedia.org	Arbroath Abbey
2593	en.wikipedia.org	Accounting
2597	en.wikipedia.org	Arbitration in the United States
2602	en.wikipedia.org	Abano Terme
2607	en.wikipedia.org	Antoine Thomson d'Abbadie
2608	en.wikipedia.org	Abba Mari
2609	en.wikipedia.org	Abbas II of Egypt
2613	en.wikipedia.org	George Abbot (bishop)
2616	en.wikipedia.org	Adware
2621	en.wikipedia.org	Aedicula
2622	en.wikipedia.org	Aedui
2626	en.wikipedia.org	Aegeus
2627	en.wikipedia.org	Aegina
2628	en.wikipedia.org	Aegis
2629	en.wikipedia.org	Aegisthus
2632	en.wikipedia.org	Aelia Capitolina
2635	en.wikipedia.org	Agarose
2637	en.wikipedia.org	Atomic absorption spectroscopy
2639	en.wikipedia.org	Arthur St. Clair
2640	en.wikipedia.org	Ajaccio
2642	en.wikipedia.org	Ajanta Caves
2645	en.wikipedia.org	Ajmer
2662	en.wikipedia.org	Affiliation (family law)
2665	en.wikipedia.org	Affray
2668	en.wikipedia.org	Afyonkarahisar
2670	en.wikipedia.org	Abba Arikha
2674	en.wikipedia.org	Abd al-Latif al-Baghdadi
2676	en.wikipedia.org	Abd al-Rahman I
2678	en.wikipedia.org	Abd al-Rahman III
2681	en.wikipedia.org	Abdulaziz
2685	en.wikipedia.org	Abdera, Thrace
2695	en.wikipedia.org	Abdur Rahman Khan
2699	en.wikipedia.org	Aberavon (UK Parliament constituency)
2701	en.wikipedia.org	Aberdare
2703	en.wikipedia.org	Aberration (astronomy)
2704	en.wikipedia.org	Optical aberration
2705	en.wikipedia.org	Amy Grant
2709	en.wikipedia.org	Aberdeen, South Dakota
2712	en.wikipedia.org	Aberdour
2714	en.wikipedia.org	Aberfoyle, Stirling
2717	en.wikipedia.org	Abertillery
2720	en.wikipedia.org	Abeyance
2722	en.wikipedia.org	Anders Celsius
2723	en.wikipedia.org	Adam Carolla
2724	en.wikipedia.org	Autocorrelation
2726	en.wikipedia.org	Atlas Autocode
2733	en.wikipedia.org	April 25
2734	en.wikipedia.org	April 24
2735	en.wikipedia.org	April 7
2736	en.wikipedia.org	Andalusia
2740	en.wikipedia.org	Abiathar
2745	en.wikipedia.org	Azad Kashmir
2747	en.wikipedia.org	Arabian Sea
2752	en.wikipedia.org	Aspartame
2754	en.wikipedia.org	AutoCAD DXF
2756	en.wikipedia.org	Asexual reproduction
2761	en.wikipedia.org	Alkene
2762	en.wikipedia.org	Allenes
2763	en.wikipedia.org	Alkyne
2766	en.wikipedia.org	Ames test
2767	en.wikipedia.org	ACE inhibitor
2779	en.wikipedia.org	Atari 2600
2780	en.wikipedia.org	Atari 5200
2782	en.wikipedia.org	Atari Jaguar
2783	en.wikipedia.org	Atari Lynx
2784	en.wikipedia.org	Ahimsa
2786	en.wikipedia.org	Andrei Sakharov
2787	en.wikipedia.org	Astrobiology
2790	en.wikipedia.org	Air show
2792	en.wikipedia.org	Anthropic principle
2795	en.wikipedia.org	Australian Army
2799	en.wikipedia.org	American Registry for Internet Numbers
2807	en.wikipedia.org	Active Directory
2813	en.wikipedia.org	Aragonese language
2815	en.wikipedia.org	Advanced Mobile Phone System
2823	en.wikipedia.org	Antiderivative
2830	en.wikipedia.org	Abjuration
2834	en.wikipedia.org	A Vindication of the Rights of Woman
2835	en.wikipedia.org	Afghan Hound
2836	en.wikipedia.org	Azawakh
2838	en.wikipedia.org	Acrylic paint
2839	en.wikipedia.org	Angular momentum
2840	en.wikipedia.org	Plum pudding model
2844	en.wikipedia.org	Atomic theory
2847	en.wikipedia.org	Aung San Suu Kyi
2851	en.wikipedia.org	Abraham Joshua Heschel
2853	en.wikipedia.org	Aberdeen Bestiary
2858	en.wikipedia.org	Aircraft spotting
2861	en.wikipedia.org	Advertising
2864	en.wikipedia.org	Archaeoastronomy
2865	en.wikipedia.org	Andrzej Sapkowski
2866	en.wikipedia.org	Ammeter
2869	en.wikipedia.org	Anxiolytic
2870	en.wikipedia.org	Antipsychotic
2875	en.wikipedia.org	Archduke Charles, Duke of Teschen
2883	en.wikipedia.org	Active Server Pages
2889	en.wikipedia.org	Amorphous solid
2890	en.wikipedia.org	A Wizard of Earthsea
2893	en.wikipedia.org	Alex Lifeson
2905	en.wikipedia.org	Artemis
2909	en.wikipedia.org	Albinism in humans
2911	en.wikipedia.org	Amr Diab
2919	en.wikipedia.org	Anaïs Nin
2923	en.wikipedia.org	AIM (software)
2927	en.wikipedia.org	Albanians
2928	en.wikipedia.org	Association for Computing Machinery
2934	en.wikipedia.org	Anabaptism
2936	en.wikipedia.org	Southeast Alaska
2939	en.wikipedia.org	Interior Alaska
2940	en.wikipedia.org	And did those feet in ancient time
2942	en.wikipedia.org	A Little Night Music
2943	en.wikipedia.org	Dual wield
2947	en.wikipedia.org	Anoa
2950	en.wikipedia.org	Anyone Can Whistle
2952	en.wikipedia.org	Alcopop
2955	en.wikipedia.org	Alkali
2956	en.wikipedia.org	Ain't I a Woman? (book)
2957	en.wikipedia.org	AMOS (programming language)
2959	en.wikipedia.org	Arcadia 2001
2961	en.wikipedia.org	Convex uniform honeycomb
2963	en.wikipedia.org	Assassination
2965	en.wikipedia.org	Alcoholism
2972	en.wikipedia.org	Abstraction
2974	en.wikipedia.org	Abelian group
2975	en.wikipedia.org	Anti-Ballistic Missile Treaty
2983	en.wikipedia.org	Austria-Hungary
2987	en.wikipedia.org	Acts of Union 1707
2988	en.wikipedia.org	Admiralty (United Kingdom)
2992	en.wikipedia.org	Amputation
2994	en.wikipedia.org	Anemometer
2995	en.wikipedia.org	Archaeopteryx
2999	en.wikipedia.org	Arthur Laurents
3003	en.wikipedia.org	Adrian Lamo
3010	en.wikipedia.org	Alan Jay Lerner
3012	en.wikipedia.org	Al Capp
3014	en.wikipedia.org	Analcime
3017	en.wikipedia.org	Alexey Pajitnov
3019	en.wikipedia.org	ʻAbdu'l-Bahá
3022	en.wikipedia.org	Autonomous building
3027	en.wikipedia.org	Anubis
3032	en.wikipedia.org	A Funny Thing Happened on the Way to the Forum
3034	en.wikipedia.org	Aleut
3035	en.wikipedia.org	Alaska Native Claims Settlement Act
3036	en.wikipedia.org	Adoptionism
3038	en.wikipedia.org	Acid–base reaction
3040	en.wikipedia.org	Abu al-Faraj al-Isfahani
3043	en.wikipedia.org	Alcobaça, Portugal
3044	en.wikipedia.org	Amphisbaena
3046	en.wikipedia.org	Amyl nitrite
3049	en.wikipedia.org	Autumn
3052	en.wikipedia.org	Alameda, California
3054	en.wikipedia.org	Alpha helix
3055	en.wikipedia.org	Accrington
3058	en.wikipedia.org	Armageddon
3060	en.wikipedia.org	Athlon
3068	en.wikipedia.org	Muslim conquests of Afghanistan
3070	en.wikipedia.org	Durrani Empire
3074	en.wikipedia.org	Androphagi
3075	en.wikipedia.org	Albert Brooks
3076	en.wikipedia.org	Antares
3077	en.wikipedia.org	Aldebaran
3078	en.wikipedia.org	Altair
3079	en.wikipedia.org	Australian Broadcasting Corporation
3080	en.wikipedia.org	Alexandria
3082	en.wikipedia.org	Alexandria, Indiana
3083	en.wikipedia.org	Alexandria, Louisiana
3087	en.wikipedia.org	Alexandria, West Dunbartonshire
3092	en.wikipedia.org	Akira Toriyama
3093	en.wikipedia.org	Epsilon Ursae Majoris
3104	en.wikipedia.org	Amiga 1000
3107	en.wikipedia.org	Asymptote
3111	en.wikipedia.org	Ariane 5
3112	en.wikipedia.org	Arianespace
3116	en.wikipedia.org	Accumulator (computing)
3117	en.wikipedia.org	Abu Zubaydah
3118	en.wikipedia.org	Arithmetic
3120	en.wikipedia.org	Andersonville, Georgia
3129	en.wikipedia.org	Algebraic closure
3130	en.wikipedia.org	Advanced Power Management
3134	en.wikipedia.org	Aspirated consonant
3138	en.wikipedia.org	Atlanta
3143	en.wikipedia.org	Axiology
3144	en.wikipedia.org	A Doll's House
3147	en.wikipedia.org	AIM-120 AMRAAM
3149	en.wikipedia.org	AGM-88 HARM
3152	en.wikipedia.org	AIM-54 Phoenix
3155	en.wikipedia.org	Lockheed AC-130
3160	en.wikipedia.org	Alternative algebra
3162	en.wikipedia.org	Arbitrage
3165	en.wikipedia.org	ACF Fiorentina
3168	en.wikipedia.org	Afrobeat
3170	en.wikipedia.org	Arithmetic function
3172	en.wikipedia.org	ANSI C
3173	en.wikipedia.org	Alien and Sedition Acts
3192	en.wikipedia.org	Adin Steinsaltz
3198	en.wikipedia.org	A. E. Housman
3201	en.wikipedia.org	Attribution of recent climate change
3205	en.wikipedia.org	Adaptive expectations
3209	en.wikipedia.org	Mexican tetra
3211	en.wikipedia.org	Atom probe
3212	en.wikipedia.org	Al Capone
3217	en.wikipedia.org	Army of Darkness
3218	en.wikipedia.org	RUR-5 ASROC
3221	en.wikipedia.org	Ahmed al-Nami
3222	en.wikipedia.org	Ahmed al-Haznawi
3225	en.wikipedia.org	Athanasius of Alexandria
3229	en.wikipedia.org	Outback
3233	en.wikipedia.org	Acceptance testing
3236	en.wikipedia.org	Ansbach
3237	en.wikipedia.org	National Alliance (Italy)
3240	en.wikipedia.org	Arno
3246	en.wikipedia.org	Anthony the Great
3255	en.wikipedia.org	Apostles' Creed
3259	en.wikipedia.org	Amicable numbers
3262	en.wikipedia.org	Agar
3263	en.wikipedia.org	Acid rain
3270	en.wikipedia.org	Albert III, Duke of Saxony
3273	en.wikipedia.org	Arlo Guthrie
3275	en.wikipedia.org	Book of Alma
3277	en.wikipedia.org	Antioxidant
3292	en.wikipedia.org	Brass
3295	en.wikipedia.org	Bonn
3332	en.wikipedia.org	Ballroom dance
3333	en.wikipedia.org	The Birth of a Nation
3335	en.wikipedia.org	Baltic Sea
3336	en.wikipedia.org	Brackish water
3338	en.wikipedia.org	The Bronx
3343	en.wikipedia.org	Belgium
3352	en.wikipedia.org	Blues
3354	en.wikipedia.org	Berlin
3355	en.wikipedia.org	Benjamin Lee Whorf
3363	en.wikipedia.org	Beer
3364	en.wikipedia.org	Bit
3370	en.wikipedia.org	Boron nitride
3374	en.wikipedia.org	Blood on the Tracks
3375	en.wikipedia.org	Love and Theft (Bob Dylan album)
3376	en.wikipedia.org	The Beverly Hillbillies
3378	en.wikipedia.org	Beryllium
3382	en.wikipedia.org	Britney Spears
3383	en.wikipedia.org	Brazil
3385	en.wikipedia.org	Black Forest
3386	en.wikipedia.org	Black Sea
3390	en.wikipedia.org	Bible
3392	en.wikipedia.org	British Columbia
3397	en.wikipedia.org	Bridge
3398	en.wikipedia.org	Beadwork
3401	en.wikipedia.org	Board game
3403	en.wikipedia.org	Bead weaving
3406	en.wikipedia.org	Branchiopoda
3408	en.wikipedia.org	Baruch Spinoza
3410	en.wikipedia.org	Bird
3411	en.wikipedia.org	...Baby One More Time (album)
3415	en.wikipedia.org	Bulgaria
3416	en.wikipedia.org	Bryozoa
3419	en.wikipedia.org	Bay leaf
3422	en.wikipedia.org	Burgess Shale
3427	en.wikipedia.org	Beavis and Butt-Head
3430	en.wikipedia.org	Bulletin board system
3439	en.wikipedia.org	Piano Trio, Op. 97 (Beethoven)
3446	en.wikipedia.org	Bomber
3447	en.wikipedia.org	Cue sports
3450	en.wikipedia.org	Bursa
3451	en.wikipedia.org	The Bahamas
3453	en.wikipedia.org	Baker Island
3454	en.wikipedia.org	Bangladesh
3455	en.wikipedia.org	Barbados
3457	en.wikipedia.org	Belarus
3458	en.wikipedia.org	Belize
3459	en.wikipedia.org	Benin
3460	en.wikipedia.org	Bermuda
3462	en.wikipedia.org	Bolivia
3463	en.wikipedia.org	Bosnia and Herzegovina
3464	en.wikipedia.org	Botswana
3466	en.wikipedia.org	Brunei
3469	en.wikipedia.org	British Virgin Islands
3470	en.wikipedia.org	Burkina Faso
3477	en.wikipedia.org	Economy of the Bahamas
3514	en.wikipedia.org	Government of Barbados
3535	en.wikipedia.org	Telecommunications in Belarus
3537	en.wikipedia.org	Armed Forces of Belarus
3538	en.wikipedia.org	Foreign relations of Belarus
3545	en.wikipedia.org	Telecommunications in Belgium
3546	en.wikipedia.org	Transport in Belgium
3565	en.wikipedia.org	Economy of Benin
3605	en.wikipedia.org	Demographics of Bosnia and Herzegovina
3606	en.wikipedia.org	Politics of Bosnia and Herzegovina
3607	en.wikipedia.org	Economy of Bosnia and Herzegovina
3609	en.wikipedia.org	Transport in Bosnia and Herzegovina
3610	en.wikipedia.org	Armed Forces of Bosnia and Herzegovina
3613	en.wikipedia.org	Geography of Botswana
3614	en.wikipedia.org	Demographics of Botswana
3615	en.wikipedia.org	Politics of Botswana
3616	en.wikipedia.org	Economy of Botswana
3617	en.wikipedia.org	Telecommunications in Botswana
3631	en.wikipedia.org	Geography of Brazil
3633	en.wikipedia.org	Politics of Brazil
3634	en.wikipedia.org	Economy of Brazil
3635	en.wikipedia.org	Telecommunications in Brazil
3636	en.wikipedia.org	Transport in Brazil
3637	en.wikipedia.org	Brazilian Armed Forces
3638	en.wikipedia.org	Foreign relations of Brazil
3652	en.wikipedia.org	Economy of the British Virgin Islands
3661	en.wikipedia.org	Economy of Brunei
3662	en.wikipedia.org	Telecommunications in Brunei
3668	en.wikipedia.org	Geography of Bulgaria
3670	en.wikipedia.org	Politics of Bulgaria
3671	en.wikipedia.org	Economy of Bulgaria
3674	en.wikipedia.org	Bulgarian Armed Forces
3677	en.wikipedia.org	Geography of Burkina Faso
3678	en.wikipedia.org	Demographics of Burkina Faso
3680	en.wikipedia.org	Economy of Burkina Faso
3681	en.wikipedia.org	Telecommunications in Burkina Faso
3683	en.wikipedia.org	Burkina Faso Armed Forces
3696	en.wikipedia.org	Demographics of Burundi
3697	en.wikipedia.org	Politics of Burundi
3698	en.wikipedia.org	Economy of Burundi
3700	en.wikipedia.org	Transport in Burundi
3705	en.wikipedia.org	Bosporus
3708	en.wikipedia.org	Brussels
3711	en.wikipedia.org	Bell (disambiguation)
3713	en.wikipedia.org	Bjarne Stroustrup
3717	en.wikipedia.org	Brain
3722	en.wikipedia.org	Berlin Wall
3729	en.wikipedia.org	Burning glass
3733	en.wikipedia.org	Bhangra (music)
3735	en.wikipedia.org	Beastie Boys
3736	en.wikipedia.org	British Isles
3738	en.wikipedia.org	Basque language
3740	en.wikipedia.org	Björn Ulvaeus
3741	en.wikipedia.org	Benny Andersson
3742	en.wikipedia.org	Bluetooth
3746	en.wikipedia.org	Blade Runner
3747	en.wikipedia.org	Bill Gates
3755	en.wikipedia.org	Boron
3756	en.wikipedia.org	Bromine
3757	en.wikipedia.org	Barium
3760	en.wikipedia.org	Bauxite
3764	en.wikipedia.org	Bavaria
3765	en.wikipedia.org	Brandenburg
3772	en.wikipedia.org	BMW
3776	en.wikipedia.org	Bornholm
3780	en.wikipedia.org	Bal Thackeray
3785	en.wikipedia.org	Bille August
3789	en.wikipedia.org	Bitola
3793	en.wikipedia.org	Battle of Bosworth Field
3794	en.wikipedia.org	Brassicaceae
3801	en.wikipedia.org	Earned run
3802	en.wikipedia.org	Base on balls
3806	en.wikipedia.org	Hit by pitch
3807	en.wikipedia.org	Hit (baseball)
3808	en.wikipedia.org	On-base percentage
3809	en.wikipedia.org	Sacrifice fly
3811	en.wikipedia.org	Stolen base
3812	en.wikipedia.org	Plate appearance
3817	en.wikipedia.org	Boogie Down Productions
3821	en.wikipedia.org	Binary-coded decimal
3837	en.wikipedia.org	Blazing Saddles
3840	en.wikipedia.org	Brain abscess
3845	en.wikipedia.org	Brigitte Bardot
3846	en.wikipedia.org	Banjo
3850	en.wikipedia.org	Baseball
3856	en.wikipedia.org	History of baseball in the United States
3858	en.wikipedia.org	Major League Baseball Most Valuable Player Award
3859	en.wikipedia.org	Major League Baseball Rookie of the Year Award
3860	en.wikipedia.org	National League Championship Series
3862	en.wikipedia.org	American League Division Series
3863	en.wikipedia.org	National League Division Series
3864	en.wikipedia.org	2001 World Series
3865	en.wikipedia.org	1903 World Series
3866	en.wikipedia.org	Bluetongue disease
3869	en.wikipedia.org	Bruce Perens
3873	en.wikipedia.org	Bernard Montgomery
3874	en.wikipedia.org	Herman Boerhaave
3875	en.wikipedia.org	Benjamin Disraeli
3876	en.wikipedia.org	Binomial distribution
3878	en.wikipedia.org	Biostatistics
3914	en.wikipedia.org	British & Irish Lions
3916	en.wikipedia.org	Bass guitar
3921	en.wikipedia.org	Basketball
3928	en.wikipedia.org	Ball
3931	en.wikipedia.org	Binary relation
3933	en.wikipedia.org	Braille
3936	en.wikipedia.org	Bastille Day
3940	en.wikipedia.org	Blowfish (cipher)
3942	en.wikipedia.org	Bijection
3943	en.wikipedia.org	Binary function
3948	en.wikipedia.org	Binary operation
3950	en.wikipedia.org	Bagpipes
3954	en.wikipedia.org	Biochemistry
3956	en.wikipedia.org	Badminton
3957	en.wikipedia.org	Baroque
3959	en.wikipedia.org	Boolean algebra (structure)
3960	en.wikipedia.org	Bank of Italy
3963	en.wikipedia.org	Beachcomber (pen name)
3965	en.wikipedia.org	Bill Joy
3967	en.wikipedia.org	Bandwidth (signal processing)
3968	en.wikipedia.org	Bodhisattva
3970	en.wikipedia.org	British Airways
3973	en.wikipedia.org	Bicycle
3974	en.wikipedia.org	Biopolymer
3975	en.wikipedia.org	2001 United Kingdom general election
3978	en.wikipedia.org	Book of Mormon
3979	en.wikipedia.org	Baptists
3981	en.wikipedia.org	Blackjack
3982	en.wikipedia.org	Bicarbonate
3984	en.wikipedia.org	Bernie Federko
3985	en.wikipedia.org	Buffalo, New York
3986	en.wikipedia.org	Benjamin Franklin
3989	en.wikipedia.org	Banach space
3995	en.wikipedia.org	Contract bridge
3997	en.wikipedia.org	Blood
3999	en.wikipedia.org	Benoit Mandelbrot
4001	en.wikipedia.org	Benedict of Nursia
4009	en.wikipedia.org	Bigfoot
4010	en.wikipedia.org	Bing Crosby
4012	en.wikipedia.org	Basel Convention
4015	en.wikipedia.org	BASIC
4027	en.wikipedia.org	Borland
4031	en.wikipedia.org	Buckminster Fuller
4032	en.wikipedia.org	Bill Watterson
4035	en.wikipedia.org	Black
4037	en.wikipedia.org	Bletchley Park
4041	en.wikipedia.org	Bede
4045	en.wikipedia.org	Bubble tea
4049	en.wikipedia.org	Battle of Blenheim
4050	en.wikipedia.org	Battle of Ramillies
4051	en.wikipedia.org	Brian Kernighan
4052	en.wikipedia.org	BCPL
4054	en.wikipedia.org	Battleship
4055	en.wikipedia.org	Bifröst
4057	en.wikipedia.org	Battlecruiser
4059	en.wikipedia.org	Bob Hawke
4063	en.wikipedia.org	Brísingamen
4064	en.wikipedia.org	Borsuk–Ulam theorem
4068	en.wikipedia.org	Blaise Pascal
4069	en.wikipedia.org	Brittonic languages
4071	en.wikipedia.org	Bronski Beat
4077	en.wikipedia.org	Binary prefix
4078	en.wikipedia.org	National Baseball Hall of Fame and Museum
4079	en.wikipedia.org	BPP (complexity)
4086	en.wikipedia.org	Brainfuck
4092	en.wikipedia.org	Bishop
4097	en.wikipedia.org	Bordeaux
4098	en.wikipedia.org	Puzzle Bobble
4099	en.wikipedia.org	Bone
4100	en.wikipedia.org	Bretwalda
4101	en.wikipedia.org	Brouwer fixed-point theorem
4106	en.wikipedia.org	Benzoic acid
4110	en.wikipedia.org	Blythe Danner
4111	en.wikipedia.org	Bioleaching
4113	en.wikipedia.org	Bouldering
4115	en.wikipedia.org	Boiling point
4116	en.wikipedia.org	Big Bang
4119	en.wikipedia.org	Bock
4130	en.wikipedia.org	CIM-10 Bomarc
4146	en.wikipedia.org	Bus
4147	en.wikipedia.org	Bali
4149	en.wikipedia.org	Bulgarian language
4153	en.wikipedia.org	Bipyramid
4157	en.wikipedia.org	Brown University
4160	en.wikipedia.org	Battle of Lostwithiel
4163	en.wikipedia.org	Bertrand Russell
4165	en.wikipedia.org	Boeing 767
4166	en.wikipedia.org	Bill Walsh (American football coach)
4168	en.wikipedia.org	Utility knife
4169	en.wikipedia.org	Bronze
4170	en.wikipedia.org	Benelux
4173	en.wikipedia.org	Babe Ruth
4177	en.wikipedia.org	Barge
4181	en.wikipedia.org	Battle
4183	en.wikipedia.org	Botany
4184	en.wikipedia.org	Bacillus thuringiensis
4185	en.wikipedia.org	Bacteriophage
4187	en.wikipedia.org	Bactericide
4188	en.wikipedia.org	Brion Gysin
4191	en.wikipedia.org	BCG vaccine
4193	en.wikipedia.org	Common buzzard
4194	en.wikipedia.org	Bohrium
4200	en.wikipedia.org	Boötes
4207	en.wikipedia.org	Bassoon
4210	en.wikipedia.org	Bipedalism
4211	en.wikipedia.org	Bootstrapping
4214	en.wikipedia.org	Bioinformatics
4216	en.wikipedia.org	Brian De Palma
4218	en.wikipedia.org	North American B-25 Mitchell
4224	en.wikipedia.org	Bobby Charlton
4227	en.wikipedia.org	Barry Lyndon
4230	en.wikipedia.org	Cell (biology)
4232	en.wikipedia.org	Barter
4233	en.wikipedia.org	Berthe Morisot
4240	en.wikipedia.org	Benedictines
4241	en.wikipedia.org	Bayezid I
4243	en.wikipedia.org	Boxing
4246	en.wikipedia.org	Hindi cinema
4248	en.wikipedia.org	Bowls
4249	en.wikipedia.org	Barcelonnette
4251	en.wikipedia.org	Baháʼí Faith
4256	en.wikipedia.org	Baiuvarii
4257	en.wikipedia.org	Burgundians
4260	en.wikipedia.org	Dots and boxes
4261	en.wikipedia.org	Big Brother (Nineteen Eighty-Four)
4266	en.wikipedia.org	Binary search algorithm
4267	en.wikipedia.org	Belle and Sebastian
4283	en.wikipedia.org	Battle of Peleliu
4284	en.wikipedia.org	Battle of Stalingrad
4285	en.wikipedia.org	Bodhidharma
4292	en.wikipedia.org	Base pair
4293	en.wikipedia.org	Baltimore Ravens
4294	en.wikipedia.org	British National Party
4295	en.wikipedia.org	Batavi (Germanic tribe)
4298	en.wikipedia.org	Baptism
4306	en.wikipedia.org	Beltane
4312	en.wikipedia.org	Bethlehem
4313	en.wikipedia.org	Benjamin
4314	en.wikipedia.org	Black Sabbath
4315	en.wikipedia.org	Buffalo Bills
4318	en.wikipedia.org	Big Dig
4319	en.wikipedia.org	Books of Chronicles
4320	en.wikipedia.org	Binary search tree
4321	en.wikipedia.org	Binary tree
4322	en.wikipedia.org	Borel measure
4326	en.wikipedia.org	Blackadder
4329	en.wikipedia.org	Backgammon
4331	en.wikipedia.org	Book of Joshua
4333	en.wikipedia.org	Book of Daniel
4335	en.wikipedia.org	Batman
4339	en.wikipedia.org	Boston Red Sox
4340	en.wikipedia.org	Baltimore Orioles
4342	en.wikipedia.org	Bastarnae
4345	en.wikipedia.org	Bohemia
4348	en.wikipedia.org	BBC Radio 1
4349	en.wikipedia.org	BBC Red Button
4353	en.wikipedia.org	Baldric
4359	en.wikipedia.org	Boomerang
4360	en.wikipedia.org	Bodybuilding
4361	en.wikipedia.org	Biological warfare
4362	en.wikipedia.org	Book of Nehemiah
4363	en.wikipedia.org	Book of Jeremiah
4364	en.wikipedia.org	Book of Isaiah
4366	en.wikipedia.org	Blind Blake
4367	en.wikipedia.org	Brian Lara
4368	en.wikipedia.org	Beagle
4375	en.wikipedia.org	Barry Bonds
4376	en.wikipedia.org	Book of Numbers
4377	en.wikipedia.org	Book of Judges
4378	en.wikipedia.org	Books of Samuel
4379	en.wikipedia.org	Book of Revelation
4380	en.wikipedia.org	Books of Kings
4381	en.wikipedia.org	Book of Ruth
4382	en.wikipedia.org	Book of Esther
4384	en.wikipedia.org	Rail transport in Great Britain
4385	en.wikipedia.org	British Rail
4386	en.wikipedia.org	Book of Job
4388	en.wikipedia.org	Book of Proverbs
4389	en.wikipedia.org	Book of Lamentations
4390	en.wikipedia.org	Book of Ezekiel
4391	en.wikipedia.org	Big Brother (franchise)
4392	en.wikipedia.org	Bristol City F.C.
4393	en.wikipedia.org	Bioterrorism
4396	en.wikipedia.org	Northrop Grumman B-2 Spirit
4399	en.wikipedia.org	Beaver
4400	en.wikipedia.org	Bear
4401	en.wikipedia.org	Bald eagle
4402	en.wikipedia.org	Brown bear
4403	en.wikipedia.org	BCS theory
4405	en.wikipedia.org	Biathlon
4407	en.wikipedia.org	Bubble and squeak
4408	en.wikipedia.org	Buddy Holly
4410	en.wikipedia.org	Brewing
4419	en.wikipedia.org	Breast reconstruction
4427	en.wikipedia.org	Beta-lactam
4429	en.wikipedia.org	Prince-Bishopric of Brandenburg
4430	en.wikipedia.org	BASE jumping
4431	en.wikipedia.org	Beauty
4436	en.wikipedia.org	Brownian motion
4443	en.wikipedia.org	Barcelona
4444	en.wikipedia.org	Bandy
4446	en.wikipedia.org	Booker Prize
4450	en.wikipedia.org	Book of Obadiah
4452	en.wikipedia.org	Book of Micah
4453	en.wikipedia.org	Book of Nahum
4454	en.wikipedia.org	Book of Haggai
4455	en.wikipedia.org	Book of Malachi
4460	en.wikipedia.org	Bacterial conjugation
4462	en.wikipedia.org	Blue crane
4463	en.wikipedia.org	Babrak Karmal
4468	en.wikipedia.org	Buddhist philosophy
4471	en.wikipedia.org	Billy Bob Thornton
4472	en.wikipedia.org	The Big O
4473	en.wikipedia.org	BIOS
4474	en.wikipedia.org	Bose–Einstein condensate
4475	en.wikipedia.org	B (programming language)
4477	en.wikipedia.org	The Beach Boys
4481	en.wikipedia.org	Beatrix Potter
4482	en.wikipedia.org	Liberal Party (UK)
4484	en.wikipedia.org	Bank of England
4485	en.wikipedia.org	Bakelite
4487	en.wikipedia.org	Bean
4489	en.wikipedia.org	Breast
4492	en.wikipedia.org	Baghdad
4493	en.wikipedia.org	Outline of biology
4497	en.wikipedia.org	Bugatti
4501	en.wikipedia.org	Black Death
4502	en.wikipedia.org	Biotechnology
4503	en.wikipedia.org	Battle of Poitiers
4506	en.wikipedia.org	Bongo (antelope)
4508	en.wikipedia.org	Brabant
4512	en.wikipedia.org	Boone, North Carolina
4513	en.wikipedia.org	Banshee
4514	en.wikipedia.org	Genetically modified maize
4518	en.wikipedia.org	Borneo
4519	en.wikipedia.org	Ballpoint pen
4526	en.wikipedia.org	Brick
4527	en.wikipedia.org	Béla Bartók
4528	en.wikipedia.org	Bill Haley
4529	en.wikipedia.org	Northern bobwhite
4531	en.wikipedia.org	Bipolar disorder
4537	en.wikipedia.org	Burt Lancaster
4540	en.wikipedia.org	Balts
4542	en.wikipedia.org	Bra–ket notation
4544	en.wikipedia.org	Blind Willie McTell
4545	en.wikipedia.org	BDSM
4547	en.wikipedia.org	Bash (Unix shell)
4548	en.wikipedia.org	Blizzard
4550	en.wikipedia.org	Bikini
4551	en.wikipedia.org	Babur
4552	en.wikipedia.org	Bernard of Clairvaux
4554	en.wikipedia.org	Bishkek
4560	en.wikipedia.org	Braveheart
4561	en.wikipedia.org	Brian Aldiss
4563	en.wikipedia.org	Battle of Jutland
4565	en.wikipedia.org	Bambara language
4566	en.wikipedia.org	Baku
4567	en.wikipedia.org	Balalaika
4568	en.wikipedia.org	Bank of China Tower (Hong Kong)
4569	en.wikipedia.org	Blind Lemon Jefferson
4571	en.wikipedia.org	Baku (mythology)
4572	en.wikipedia.org	Blackbeard
4573	en.wikipedia.org	Bugzilla
4575	en.wikipedia.org	Ballad
4579	en.wikipedia.org	Blue Öyster Cult
4580	en.wikipedia.org	Battery Park City
4581	en.wikipedia.org	Bacterial vaginosis
4582	en.wikipedia.org	Bud Selig
4584	en.wikipedia.org	Baryon
4594	en.wikipedia.org	Block cipher
4595	en.wikipedia.org	Wireless broadband
4601	en.wikipedia.org	Björn Borg
4606	en.wikipedia.org	Battle of the Nile
4607	en.wikipedia.org	Barnabas
4608	en.wikipedia.org	Birka
4609	en.wikipedia.org	Beta-lactamase
4611	en.wikipedia.org	Burhanuddin Rabbani
4614	en.wikipedia.org	Boeing 747
4615	en.wikipedia.org	Battle of Agincourt
4620	en.wikipedia.org	Bronze Age
4621	en.wikipedia.org	BBC News (TV channel)
4622	en.wikipedia.org	Bill Oddie
4626	en.wikipedia.org	Broadway (Manhattan)
4628	en.wikipedia.org	Bilinear transform
4631	en.wikipedia.org	Brian Boitano
4633	en.wikipedia.org	List of political scandals in the United Kingdom
4635	en.wikipedia.org	Bombardier Inc.
4642	en.wikipedia.org	BT Group
4644	en.wikipedia.org	Balmoral Castle
4649	en.wikipedia.org	Billy Crystal
4650	en.wikipedia.org	Black hole
4651	en.wikipedia.org	Beta decay
4652	en.wikipedia.org	Blitzkrieg
4653	en.wikipedia.org	The Beano
4654	en.wikipedia.org	Bee
4660	en.wikipedia.org	Basques
4662	en.wikipedia.org	Bookkeeping
4664	en.wikipedia.org	Bézier curve
4665	en.wikipedia.org	Banach algebra
4667	en.wikipedia.org	Boris Pasternak
4668	en.wikipedia.org	Binomial coefficient
4670	en.wikipedia.org	Bruce Campbell
4673	en.wikipedia.org	Boy band
4674	en.wikipedia.org	B-tree
4675	en.wikipedia.org	British Museum
4677	en.wikipedia.org	Binomial theorem
4681	en.wikipedia.org	Boxing Day
4687	en.wikipedia.org	Balochistan, Pakistan
4688	en.wikipedia.org	William M. Tweed
4690	en.wikipedia.org	Bunge & Born
4691	en.wikipedia.org	Big Apple
4692	en.wikipedia.org	Boston Corbett
4695	en.wikipedia.org	Bankruptcy
4699	en.wikipedia.org	Blissymbols
4700	en.wikipedia.org	Bessel function
4702	en.wikipedia.org	Brahui language
4706	en.wikipedia.org	Berkeley DB
4717	en.wikipedia.org	Bob Jones University
4721	en.wikipedia.org	British Empire
4726	en.wikipedia.org	Batman (1989 film)
4727	en.wikipedia.org	Batman (1966 film)
4728	en.wikipedia.org	Batman Returns
4729	en.wikipedia.org	Batman & Robin (film)
4730	en.wikipedia.org	Batman Forever
4731	en.wikipedia.org	Batman: Year One
4733	en.wikipedia.org	Bidirectional text
4741	en.wikipedia.org	Bayonne
4742	en.wikipedia.org	Bubblegum Crisis
4745	en.wikipedia.org	Black people
4746	en.wikipedia.org	Plague (disease)
4748	en.wikipedia.org	Baudot code
4749	en.wikipedia.org	Blu Tack
4751	en.wikipedia.org	Bacillus
4752	en.wikipedia.org	Brasília
4754	en.wikipedia.org	Blue Streak (missile)
4756	en.wikipedia.org	Bakassi
4760	en.wikipedia.org	The Ballad of the Green Berets
4763	en.wikipedia.org	Baroque dance
4765	en.wikipedia.org	Basenji
4768	en.wikipedia.org	Brit milah
4770	en.wikipedia.org	Business ethics
4776	en.wikipedia.org	Building society
4777	en.wikipedia.org	Blue Steel (missile)
4778	en.wikipedia.org	Branch Davidians
4779	en.wikipedia.org	Burwash Hall
4781	en.wikipedia.org	Benzodiazepine
4788	en.wikipedia.org	Body mass index
4794	en.wikipedia.org	Baralong incidents
4800	en.wikipedia.org	Babylon 5
4802	en.wikipedia.org	Biome
4805	en.wikipedia.org	Behavior
4806	en.wikipedia.org	Battle of Marathon
4810	en.wikipedia.org	Balance of trade
4816	en.wikipedia.org	Biosphere
4817	en.wikipedia.org	Biological membrane
4820	en.wikipedia.org	Balfour Declaration
4822	en.wikipedia.org	Board of directors
4825	en.wikipedia.org	BeBox
4829	en.wikipedia.org	Balkans
4831	en.wikipedia.org	Bohr model
4832	en.wikipedia.org	Bombay Sapphire
4836	en.wikipedia.org	Barış Manço
4840	en.wikipedia.org	Blitz BASIC
4845	en.wikipedia.org	Blood alcohol content
4848	en.wikipedia.org	Barrister
4849	en.wikipedia.org	Battle of Gettysburg
4851	en.wikipedia.org	Budweiser
4854	en.wikipedia.org	Bermuda Triangle
4856	en.wikipedia.org	Borough
4858	en.wikipedia.org	Bodmin
4860	en.wikipedia.org	Berkeley, California
4862	en.wikipedia.org	Bengal
4864	en.wikipedia.org	Bucket argument
4865	en.wikipedia.org	Roman Breviary
4866	en.wikipedia.org	Boomer (disambiguation)
4868	en.wikipedia.org	B. F. Skinner
4871	en.wikipedia.org	Bob Knight
4874	en.wikipedia.org	Black metal
4876	en.wikipedia.org	Blizzard Entertainment
4878	en.wikipedia.org	Robert Bellarmine
4882	en.wikipedia.org	Background radiation
4886	en.wikipedia.org	Banquo
4887	en.wikipedia.org	British Army
4893	en.wikipedia.org	Bob Costas
4896	en.wikipedia.org	Bamberg
4904	en.wikipedia.org	Bill Mumy
4905	en.wikipedia.org	House of Bonaparte
4910	en.wikipedia.org	Beryl
4911	en.wikipedia.org	Basel
4916	en.wikipedia.org	Bundaberg Rum
4917	en.wikipedia.org	Ben Nevis
4918	en.wikipedia.org	Bipolar I disorder
4921	en.wikipedia.org	Bacardi
21	tr.wikisource.org	Teşkîlât-ı Esâsîye Kanunu (1924)
22	tr.wikisource.org	Kyoto Protokolü
23	tr.wikisource.org	Türkiye Cumhuriyeti Anayasası (1961)
25	tr.wikisource.org	17 Aralık Türkiye-AB Müzakereleri Sonuç Bildirgesi
26	tr.wikisource.org	Birleşmiş Milletler Çocuk Haklarına Dair Sözleşme
28	tr.wikisource.org	Montrö Boğazlar Sözleşmesi
68	tr.wikisource.org	Özgür Masonlar Büyük Locası Evrensel Bildirgesi
72	tr.wikisource.org	Kıbrıs Türk Federe Devleti Anayasası
1791	tr.wikisource.org	Keloğlan ve Padişah
1799	tr.wikisource.org	Birleşmiş Milletler 1982 Deniz Hukuku Sözleşmesi
1800	tr.wikisource.org	Zürih Antlaşması
1801	tr.wikisource.org	Münhasır Ekonomik Bölge
1802	tr.wikisource.org	Karasularından zararsız geçiş
3629	tr.wikisource.org	Burçak Ekti Kuma Yazıya
3650	tr.wikisource.org	Kırsal Yerleşme Kanunu
3677	tr.wikisource.org	Türk Silahlı Kuvvetlerinin yabancı ülkelere gönderilmesi ve yabancı silahlı kuvvetlerin Türkiye'de bulunması için Hükümet'e yetki verilmesine ilişkin Başbakanlık Tezkeresi
3730	tr.wikisource.org	Altay Yaratılış Destanı
3749	tr.wikisource.org	Sarı Dede Efsanesi
3995	tr.wikisource.org	1923 Türkiye-Yunanistan Nüfus Mübadelesi Anlaşması
4013	tr.wikisource.org	Acil Sağlık Hizmetleri Yönetmeliği
4014	tr.wikisource.org	Afet Yerlerinde Yapılacak Yapılar Hakkında Yönetmelik
4015	tr.wikisource.org	Ağaçlandırma Yönetmeliği
4266	tr.wikisource.org	Acil Sağlık Hizmetleri Yönetmeliğinde Değişiklik
4290	tr.wikisource.org	Caine
4296	tr.wikisource.org	Çoban Kayası Hikayesi
4401	tr.wikisource.org	Atatürk'ün CHP 4. Kurultayı açılış konuşması
4526	tr.wikisource.org	Tüketicinin Korunması Hakkında Kanun
4551	tr.wikisource.org	Ankara Anlaşması (1963)
4625	tr.wikisource.org	Bayram
4742	tr.wikisource.org	Jandarma Teşkilat, Görev ve Yetkileri Kanunu
4855	tr.wikisource.org	Fatih Camii
4859	tr.wikisource.org	Hasta
4863	tr.wikisource.org	Kocakarı ile Ömer
4866	tr.wikisource.org	Mahalle Kahvesi
5133	tr.wikisource.org	Amatör Boks Müsabaka Yönetmeliği
5178	tr.wikisource.org	Mustafa Kemal'in Karlsbad günlüğü/6 Temmuz 1918
5264	tr.wikisource.org	Elazığspor Kulübü tüzüğü
5266	tr.wikisource.org	Meyhane
5333	tr.wikisource.org	Terörle Mücadele Kanunu
5511	tr.wikisource.org	Uzman Jandarma Kanunu
5537	tr.wikisource.org	Abhazya Cumhuriyeti Anayasası
5599	tr.wikisource.org	Kooperatifler Kanunu
5625	tr.wikisource.org	Trafik Kanunu
5664	tr.wikisource.org	Askeri Mahkemeler Kuruluşu ve Yargılama Usulü Hakkında Kanun
5782	tr.wikisource.org	Susurluk Raporu (Sönmez Köksal)
5835	tr.wikisource.org	GSGM Özerk Spor Federasyonları Çerçeve Statüsü
5870	tr.wikisource.org	Atatürk'ün Kastamonu Nutku
5871	tr.wikisource.org	Atatürk'ün TBMM 1. dönem 2. yasama yılı açılış konuşması (1 Mart 1921)
5872	tr.wikisource.org	Atatürk'ün TBMM 1. dönem 3. yasama yılı açılış konuşması (1 Mart 1922)
5901	tr.wikisource.org	Atatürk'ün TBMM 1. dönem 1. yasama yılı açılış konuşması (24 Nisan 1920)
5939	tr.wikisource.org	Tohumculuk Kanunu
5975	tr.wikisource.org	I. Ecevit Hükûmeti koalisyon protokolü
5994	tr.wikisource.org	Avrupa İnsan Hakları Sözleşmesi
6010	tr.wikisource.org	Ankara Antlaşması (1926)
6014	tr.wikisource.org	İnsan ve Yurttaş Hakları Bildirisi
6116	tr.wikisource.org	Şu Destanı
6199	tr.wikisource.org	V. Ecevit Hükûmeti koalisyon protokolü
6221	tr.wikisource.org	Che Guevara'nın Birleşmiş Milletler'deki konuşması
6293	tr.wikisource.org	Türkiye Büyük Millet Meclisi içtüzüğü
6322	tr.wikisource.org	Türk Silahlı Kuvvetleri İç Hizmet Kanunu
6455	tr.wikisource.org	Kamu İktisadî Teşebbüsleri Hakkında Kanun Hükmünde Kararname
6500	tr.wikisource.org	Toplantı ve Gösteri Yürüyüşleri Kanunu
6509	tr.wikisource.org	BM İnsan Hakları Savunucularının Korunması Belgesi
6516	tr.wikisource.org	Basın Kanunu
6517	tr.wikisource.org	Sendika özgürlüğü ve örgütlenme hakkının korunmasına ilişkin sözleşme
6549	tr.wikisource.org	5253 Sayılı Dernekler Kanunu
6608	tr.wikisource.org	Adalet Meslek Lisesi Yönetmeliği
6615	tr.wikisource.org	Venedik Tüzüğü
6633	tr.wikisource.org	3194 Sayılı İmar Kanunu
6920	tr.wikisource.org	Mizah
6927	tr.wikisource.org	Erkek
6944	tr.wikisource.org	Hayvanlar Arasında
7022	tr.wikisource.org	Diyarbakırlı Mardirosyan Setrak’a ait evrak ve mektuplara ilişkin resmî yazışma
7029	tr.wikisource.org	Magna Carta Libertatum
7033	tr.wikisource.org	En Kötü Biçimlerdeki Çocuk İşçiliğinin Yakalanması ve Ortadan Kaldırılmasına İlişkin Acil Eylem Sözleşmesi
7049	tr.wikisource.org	Başını Vermeyen Şehit
7067	tr.wikisource.org	Kütük
7097	tr.wikisource.org	Kırmızı Kitap'ın hazırlanması ile ilgili resmî yazışmalar - 1915
7116	tr.wikisource.org	Topuz
7127	tr.wikisource.org	Ermeni örgütlerinin faaliyetleri ve Ermeni Patriği'nin iddiaları üzerine yapılan tahkikatın raporu
7158	tr.wikisource.org	Kızıl Elma Neresi?
7162	tr.wikisource.org	Vire
7163	tr.wikisource.org	Siyasi Partiler Kanunu/Üçüncü Kısım
7170	tr.wikisource.org	Siyasi Partiler Kanunu/Dördüncü Kısım
7193	tr.wikisource.org	Ermeni Patriği'nin iddiaları üzerine yapılan tahkikat raporu - 22 Nisan 1915
7205	tr.wikisource.org	Sünne'deki Ermenilere ilişkin yazışmalar - 1915
7212	tr.wikisource.org	Ermeni Hayır İşleri Cemiyeti hakkında resmî yazışmalar
7223	tr.wikisource.org	Ferman
7235	tr.wikisource.org	Diyet
7236	tr.wikisource.org	TSK Genelkurmay Başkanlığının 2007'de yaptığı basın açıklaması
7257	tr.wikisource.org	Siyasi Partiler Kanunu/Dokuzuncu Kısım
7375	tr.wikisource.org	Aleko
7376	tr.wikisource.org	Köy Kanunu
7382	tr.wikisource.org	Balkon (hikâye)
7387	tr.wikisource.org	Atatürk Kültür, Dil ve Tarih Yüksek Kurumu Kanunu
7394	tr.wikisource.org	Türk bayrağı tüzüğü
7395	tr.wikisource.org	Atatürk Uluslararası Barış Ödülü tüzüğü
7399	tr.wikisource.org	Devlet İstihbarat Hizmetleri ve Millî İstihbarat Teşkilâtı Kanunu
7416	tr.wikisource.org	İl İdaresi Kanunu
7425	tr.wikisource.org	Yüksek Ökçeler
7441	tr.wikisource.org	Alfabetik sıraya göre kanunlar
7442	tr.wikisource.org	Mahalli İdareler İle Mahalle Muhtarlıkları Ve İhtiyar Heyetleri Seçimi Hakkında Kanun
7444	tr.wikisource.org	İl Özel İdaresi Kanunu
7447	tr.wikisource.org	Büyükşehir Belediyesi Kanunu
7449	tr.wikisource.org	Belediye Kanunu
7464	tr.wikisource.org	Kerâmet
7466	tr.wikisource.org	Perili Köşk
7477	tr.wikisource.org	Ahıska Türklerinin Türkiye'ye Kabulü Ve İskanına Dair Kanun
7478	tr.wikisource.org	Kıyı Kanunu
7480	tr.wikisource.org	Mera Kanunu
7481	tr.wikisource.org	Orman Kanunu
7486	tr.wikisource.org	Ölçüler ve Ayar Kanunu
7491	tr.wikisource.org	Bahar ve Kelebekler
7516	tr.wikisource.org	Milletlerarası Tahkim Kanunu
7520	tr.wikisource.org	Yeni Bitki Çeşitlerine Ait Islahçı Haklarının Korunmasına İlişkin Kanun
7524	tr.wikisource.org	Fon Sadriştayn’ın Karısı
7526	tr.wikisource.org	İki Mebus
7527	tr.wikisource.org	Nüfus Hizmetleri Kanunu
7528	tr.wikisource.org	Fon Sadriştayn’ın Oğlu
7531	tr.wikisource.org	Tapu Kanunu
7547	tr.wikisource.org	Kaşağı
7559	tr.wikisource.org	Üç Nasihat
7578	tr.wikisource.org	Pireler
7592	tr.wikisource.org	Yuf Borusu Seni Bekliyor
7650	tr.wikisource.org	İlk Namaz
7651	tr.wikisource.org	Kıskançlık
7652	tr.wikisource.org	Kurumuş Ağaçlar
7654	tr.wikisource.org	Namus
7692	tr.wikisource.org	Çakmak
7948	tr.wikisource.org	Avrupa Yerel Yönetimler Özerklik Şartnamesi
8151	tr.wikisource.org	Korkunç Bir Ceza
8165	tr.wikisource.org	Kadeş Antlaşması
8168	tr.wikisource.org	4709 sayılı kanun
8200	tr.wikisource.org	Zeytin Ekmek
8259	tr.wikisource.org	Marlon Brando'nun Wounded Knee Katliamı Protestosu
8296	tr.wikisource.org	Bir Hatıra
8330	tr.wikisource.org	Konsolosluk İlişkileri Hakkında Viyana Sözleşmesi
8386	tr.wikisource.org	Niçin Zengin Olmamış?
8443	tr.wikisource.org	Lozan Barış Antlaşması'nın TBMM Görüşmelerinde Dışişleri Bakanı İsmet İnönü'nün yaptığı konuşma
8500	tr.wikisource.org	Cemiyet-i Müderrisin Beyannamesi
8514	tr.wikisource.org	Bomba
8550	tr.wikisource.org	Hürriyet Bayrakları
8614	tr.wikisource.org	Falaka
8619	tr.wikisource.org	Irk Bitig
8625	tr.wikisource.org	Piç
8645	tr.wikisource.org	Büyücü
9392	tr.wikisource.org	Terakki
9474	tr.wikisource.org	Tarih Ezeli Bir Tekerrürdür
9537	tr.wikisource.org	Binecek Şey
9719	tr.wikisource.org	Tos
9776	tr.wikisource.org	Karadeniz Deniz İş Birliği Görev Grubu Teşkiline Dair Anlaşma
10002	tr.wikisource.org	Osmanlı tarihî belgeleri
10011	tr.wikisource.org	Kamu Kurum ve Kuruluşlarında Çalışan Personelin Kılık ve Kıyafetine Dair Yönetmelik
10054	tr.wikisource.org	Codex Cumanicus
10115	tr.wikisource.org	Antiseptik
10128	tr.wikisource.org	Turgut Özal'ın, ölümünün 50. yılında Atatürk'ü anma toplantısındaki konuşması
10129	tr.wikisource.org	Turgut Özal'ın, ölümünün 51. yılında Atatürk'ü anma toplantısındaki konuşması
10132	tr.wikisource.org	Turgut Özal'ın TBMM 18. Dönem 4. Yasama Yılının açılışında yaptığı konuşma
10161	tr.wikisource.org	Ahmet Necdet Sezer'in Harp Akademileri Konuşması
10162	tr.wikisource.org	Cumhuriyet'in 78. Yılı Cumhurbaşkanı Sezer'in mesajı
10187	tr.wikisource.org	Serbest Cumhuriyet Fırkası tüzüğü
10221	tr.wikisource.org	Mehmet Akif Ersoy'u Anma Günü Hakkında Yönetmelik
10286	tr.wikisource.org	Adalet ve Kalkınma Partisinin Temelli Kapatılması İstemine İlişkin Savcılık İddianamesi/B-1 Uluslararası hukuk yönünden
10290	tr.wikisource.org	Adalet ve Kalkınma Partisinin Temelli Kapatılması İstemine İlişkin Savcılık İddianamesi/C-1 Kapatma nedeninin hukuksal yönden irdelenmesi
10296	tr.wikisource.org	Adalet ve Kalkınma Partisinin Temelli Kapatılması İstemine İlişkin Savcılık İddianamesi/D-4d Eylemlerin isnat edilebilirliği
10299	tr.wikisource.org	Adalet ve Kalkınma Partisinin Temelli Kapatılması İstemine İlişkin Savcılık İddianamesi/D-2a Adalet ve Kalkınma Partisi Genel Başkanı ve Başbakan Recep Tayyip Erdoğan'ın laiklik ilkesine aykırı eylem ve demeçleri
10306	tr.wikisource.org	Adalet ve Kalkınma Partisinin Temelli Kapatılması İstemine İlişkin Savcılık İddianamesi/D-2c Dışişleri Bakanı Abdullah Gül'ün laik devlet ilkesine aykırı eylem ve demeçleri
10308	tr.wikisource.org	Adalet ve Kalkınma Partisinin Temelli Kapatılması İstemine İlişkin Savcılık İddianamesi/D-3 İç Hukuk ve Avrupa İnsan Hakları Mahkemesinin Siyasi Parti Kapatma Davalarında Esas Aldığı Ölçütler
10321	tr.wikisource.org	Adalet ve Kalkınma Partisi'nin Temelli Kapatılması İstemine İlişkin Savcılık İddianamesi/D-2e Diğer Milletvekillerinin Laikliğe Aykırı Eylem ve Demeçleri
10322	tr.wikisource.org	Adalet ve Kalkınma Partisinin Temelli Kapatılması İstemine İlişkin Savcılık İddianamesi/D-2g Adalet ve Kalkınma Partisi hükümetlerinin laiklik ilkesine aykırı diğer eylemleri
10323	tr.wikisource.org	Adalet ve Kalkınma Partisinin Temelli Kapatılması İstemine İlişkin Savcılık İddianamesi/D-2e Adalet ve Kalkınma Partisi hükümetlerinin laiklik ilkesine aykırı diğer eylemleri
10325	tr.wikisource.org	Adalet ve Kalkınma Partisinin Temelli Kapatılması İstemine İlişkin Savcılık İddianamesi/D-2b Türkiye Büyük Millet Meclisi Başkanı Bülent Arınç'ın laik devlet ilkesine aykırı
10326	tr.wikisource.org	Adalet ve Kalkınma Partisinin Temelli Kapatılması İstemine İlişkin Savcılık İddianamesi/C-2 Kapatma yaptırımına konu eylemler ve siyasi
10444	tr.wikisource.org	1924 Türkiye Cumhuriyeti Anayasası
10490	tr.wikisource.org	Avrupa Birliği Uyum Komisyonu Kanunu
10630	tr.wikisource.org	Vicdan ve Toplanma Hürriyetlerinin Korunması Hakkında Kanun
10719	tr.wikisource.org	Dîvânü Lugâti't-Türk
10807	tr.wikisource.org	İmran Öktem'in 1966-1967 adli yıl açılış konuşması
10832	tr.wikisource.org	Atatürk'ün, Milletvekili Seçimi Kanununun değiştirilmesi için birkaç milletvekilinin verdiği önerge üzerine 2 Aralık 1922 tarihinde TBMM'de yaptığı konuşma
10847	tr.wikisource.org	Kars Antlaşması
10852	tr.wikisource.org	Moskova Antlaşması
10875	tr.wikisource.org	Adnan Menderes'in 1954 tarihli radyo konuşması
10881	tr.wikisource.org	Mudanya Askerî Sözleşmesi
10998	tr.wikisource.org	Askeri Ceza Kanunu
11146	tr.wikisource.org	Adalet ve Kalkınma Partisinin ön savunması
11175	tr.wikisource.org	Organ ve Doku Alınması, Saklanması ve Nakli Hakkındaki Kanun
11203	tr.wikisource.org	Ergenekon iddianamesi/BÖLÜM IV ERGENEKON TERÖR ÖRGÜTÜNÜN GERÇEKLEŞTİRDİĞİ EYLEMLER,
11204	tr.wikisource.org	Ergenekon iddianamesi/BÖLÜM III ERGENEKON TERÖR ÖRGÜTÜNÜN DEŞİFRE EDİLEBİLEN YAPILANMASI
11222	tr.wikisource.org	Ergenekon iddianamesi/BÖLÜM II ERGENEKON TERÖR ÖRGÜTÜ
11223	tr.wikisource.org	Ergenekon iddianamesi/BÖLÜM I SORUŞTURMANIN ÖZETİ
11226	tr.wikisource.org	1. Ergenekon İddianamesi/ŞÜPHELİLER
11229	tr.wikisource.org	Ergenekon iddianamesi/BÖLÜM V ŞÜPHELİLERİN BİREYSEL DURUMLARI
11237	tr.wikisource.org	Ergenekon iddianamesi/BÖLÜM V ŞÜPHELİLERİN BİREYSEL DURUMLARI 1) ŞÜPHELİ OKTAY YILDIRIM ;
11238	tr.wikisource.org	Ergenekon iddianamesi/BÖLÜM V ŞÜPHELİLERİN BİREYSEL DURUMLARI 2) ŞÜPHELİ MEHMET DEMİRTAŞ ;
11239	tr.wikisource.org	Ergenekon iddianamesi/BÖLÜM V ŞÜPHELİLERİN BİREYSEL DURUMLARI 3) ŞÜPHELİ ALİ YİĞİT;
11240	tr.wikisource.org	Ergenekon iddianamesi/BÖLÜM V ŞÜPHELİLERİN BİREYSEL DURUMLARI 4) ŞÜPHELİ ZAFER (KOD) MUZAFFER TEKİN ;
11246	tr.wikisource.org	Ergenekon iddianamesi/BÖLÜM V ŞÜPHELİLERİN BİREYSEL DURUMLARI 6- ŞÜPHELİ GAZİ GÜDER :
11260	tr.wikisource.org	Ergenekon iddianamesi/BÖLÜM V ŞÜPHELİLERİN BİREYSEL DURUMLARI 7-ŞÜPHELİ AYŞE ASUMAN ÖZDEMİR ;
11262	tr.wikisource.org	Ergenekon iddianamesi/BÖLÜM V ŞÜPHELİLERİN BİREYSEL DURUMLARI 8-ŞÜPHELİ HALİL BEHİÇ GÜRCİHAN ;
11274	tr.wikisource.org	Kamu Görevlerine İlk Defa Atanacaklar İçin Yapılacak Sınavlar Hakkında Genel Yönetmelik
11277	tr.wikisource.org	Ergenekon iddianamesi/BÖLÜM V ŞÜPHELİLERİN BİREYSEL DURUMLARI 9-ŞÜPHELİ İSMAİL YILDIZ ;
11281	tr.wikisource.org	Ergenekon iddianamesi/BÖLÜM V ŞÜPHELİLERİN BİREYSEL DURUMLARI 12-ŞÜPHELİ FERİDUN REFİK NUHOĞLU;
11293	tr.wikisource.org	Ergenekon iddianamesi/BÖLÜM V ŞÜPHELİLERİN BİREYSEL DURUMLARI 13-ŞÜPHELİ HAYRULLAH MAHMUD ÖZGÜR;
11296	tr.wikisource.org	Ergenekon iddianamesi/BÖLÜM V ŞÜPHELİLERİN BİREYSEL DURUMLARI 14-ŞÜPHELİ ERGÜN POYRAZ :
11364	tr.wikisource.org	Ergenekon iddianamesi/BÖLÜM V ŞÜPHELİLERİN BİREYSEL DURUMLARI 15-ŞÜPHELİ BEKİR ÖZTÜRK
11365	tr.wikisource.org	Ergenekon iddianamesi/BÖLÜM V ŞÜPHELİLERİN BİREYSEL DURUMLARI 16-ŞÜPHELİ FUAT ERMİŞ
11366	tr.wikisource.org	Ergenekon iddianamesi/BÖLÜM V ŞÜPHELİLERİN BİREYSEL DURUMLARI 17-ŞÜPHELİ TUĞRUL DERME
11424	tr.wikisource.org	İngiliz Haklar Bildirgesi
11455	tr.wikisource.org	Ergenekon iddianamesi/BÖLÜM V ŞÜPHELİLERİN BİREYSEL DURUMLARI 18-ŞÜPHELİ METE YALAZANGİL
11456	tr.wikisource.org	Ergenekon iddianamesi/BÖLÜM V ŞÜPHELİLERİN BİREYSEL DURUMLARI 19-ŞÜPHELİ AYDIN YÜKSEK:
11482	tr.wikisource.org	Anayasa Mahkemesi'nin 2007/54 nolu kararı
11484	tr.wikisource.org	Ergenekon iddianamesi/BÖLÜM V ŞÜPHELİLERİN BİREYSEL DURUMLARI 20-ŞÜPHELİ MUZAFFER ŞENOCAK:
11497	tr.wikisource.org	Abdullah Gül'ün cumhurbaşkanı seçildikten sonra yaptığı konuşma
11499	tr.wikisource.org	Ergenekon iddianamesi/BÖLÜM V ŞÜPHELİLERİN BİREYSEL DURUMLARI 22-ŞÜPHELİ MEHMET ZEKERİYA ÖZTÜRK
11516	tr.wikisource.org	Ergenekon iddianamesi/BÖLÜM V ŞÜPHELİLERİN BİREYSEL DURUMLARI 23- ŞÜPHELİ RAFET ARSLAN
11518	tr.wikisource.org	Ergenekon iddianamesi/BÖLÜM V ŞÜPHELİLERİN BİREYSEL DURUMLARI 24-ŞÜPHELİ ZEKİ YURDAKUL ÇAĞMAN:
11523	tr.wikisource.org	Ergenekon iddianamesi/BÖLÜM V ŞÜPHELİLERİN BİREYSEL DURUMLARI 25-ŞÜPHELİ TUNCAY HACIBEKTAŞOĞLU
11524	tr.wikisource.org	Ergenekon iddianamesi/BÖLÜM V ŞÜPHELİLERİN BİREYSEL DURUMLARI 26-ŞÜPHELİ SAİPİR DEBZLELVİDZE
11525	tr.wikisource.org	Ergenekon iddianamesi/BÖLÜM V ŞÜPHELİLERİN BİREYSEL DURUMLARI 27-ŞÜPHELI İSMAİL EKSİK
11530	tr.wikisource.org	Ergenekon iddianamesi/BÖLÜM V ŞÜPHELİLERİN BİREYSEL DURUMLARI İKİNCİ GRUPTAKİ KİŞİLERİN BİREYSEL DURUMLARI 28 -ŞÜPHELİ VELİ KÜÇÜK
11533	tr.wikisource.org	Demokratik Toplum Partisi'nin Temelli Kapatılması İstemine İlişkin Savcılık İddianamesi/II- Siyasi parti kapatma nedenleri
11535	tr.wikisource.org	Demokratik Toplum Partisi'nin Temelli Kapatılması İstemine İlişkin Savcılık İddianamesi/VII- Dava süresince Demokratik Toplum Partisi hakkında uygulanması talep edilen yaptırımlar
11537	tr.wikisource.org	Demokratik Toplum Partisi'nin Temelli Kapatılması İstemine İlişkin Savcılık İddianamesi/V- Eylemlerin temelli kapatma nedenleri olarak yasal ölçütlere göre değerlendirilmesi
11538	tr.wikisource.org	Demokratik Toplum Partisi'nin Temelli Kapatılması İstemine İlişkin Savcılık İddianamesi/IV- Konuyla ilgili düzenlemeler
11539	tr.wikisource.org	Demokratik Toplum Partisi'nin Temelli Kapatılması İstemine İlişkin Savcılık İddianamesi/III- Dava konusu eylemler
11549	tr.wikisource.org	Recep Tayyip Erdoğan'ın 15 Ocak 2004 tarihli konuşması
11586	tr.wikisource.org	Ergenekon iddianamesi/BÖLÜM V ŞÜPHELİLERİN BİREYSEL DURUMLARI İKİNCİ GRUPTAKİ KİŞİLERİN BİREYSEL DURUMLARI 29- ŞÜPHELİ SEVGİ ERENEROL
11593	tr.wikisource.org	Ergenekon iddianamesi/BÖLÜM V ŞÜPHELİLERİN BİREYSEL DURUMLARI İKİNCİ GRUPTAKİ KİŞİLERİN BİREYSEL DURUMLARI 30-ŞÜPHELİ MUAMMER KARABULUT
11598	tr.wikisource.org	Ergenekon iddianamesi/BÖLÜM V ŞÜPHELİLERİN BİREYSEL DURUMLARI İKİNCİ GRUPTAKİ KİŞİLERİN BİREYSEL DURUMLARI 31-ŞÜPHELİ VEDAT YENERER
11600	tr.wikisource.org	Ergenekon iddianamesi/BÖLÜM V ŞÜPHELİLERİN BİREYSEL DURUMLARI İKİNCİ GRUPTAKİ KİŞİLERİN BİREYSEL DURUMLARI 32-ŞÜPHELİ GÜLER KÖMÜRCÜ
11602	tr.wikisource.org	Ergenekon iddianamesi/BÖLÜM V ŞÜPHELİLERİN BİREYSEL DURUMLARI İKİNCİ GRUPTAKİ KİŞİLERİN BİREYSEL DURUMLARI 33-ŞÜPHELİ EMİN CANER YİĞİT
11605	tr.wikisource.org	Ergenekon iddianamesi/BÖLÜM V ŞÜPHELİLERİN BİREYSEL DURUMLARI İKİNCİ GRUPTAKİ KİŞİLERİN BİREYSEL DURUMLARI 34-ŞÜPHELİ ÜMİT OĞUZTAN
11609	tr.wikisource.org	Ergenekon iddianamesi/BÖLÜM V ŞÜPHELİLERİN BİREYSEL DURUMLARI İKİNCİ GRUPTAKİ KİŞİLERİN BİREYSEL DURUMLARI 35-ŞÜPHELİ SAMİ HOŞTAN
11617	tr.wikisource.org	Ergenekon iddianamesi/BÖLÜM V ŞÜPHELİLERİN BİREYSEL DURUMLARI İKİNCİ GRUPTAKİ KİŞİLERİN BİREYSEL DURUMLARI 36-ŞÜPHELİ SEDAT PEKER
11636	tr.wikisource.org	Yargıtay Kanunu
11641	tr.wikisource.org	Ergenekon iddianamesi/BÖLÜM V ŞÜPHELİLERİN BİREYSEL DURUMLARI İKİNCİ GRUPTAKİ KİŞİLERİN BİREYSEL DURUMLARI 37- ŞÜPHELİ SEMİH TUFAN GÜLALTAY
11643	tr.wikisource.org	Anayasa Mahkemesi'nin 2008/116 nolu kararı
11656	tr.wikisource.org	Ergenekon iddianamesi/BÖLÜM V ŞÜPHELİLERİN BİREYSEL DURUMLARI İKİNCİ GRUPTAKİ KİŞİLERİN BİREYSEL DURUMLARI 38-ŞÜPHELİ ALİ YASAK
11662	tr.wikisource.org	Ergenekon iddianamesi/BÖLÜM V ŞÜPHELİLERİN BİREYSEL DURUMLARI İKİNCİ GRUPTAKİ KİŞİLERİN BİREYSEL DURUMLARI 39-ŞÜPHELİ VATAN BÖLÜKBAŞOĞLU
11667	tr.wikisource.org	Ergenekon iddianamesi/BÖLÜM V ŞÜPHELİLERİN BİREYSEL DURUMLARI İKİNCİ GRUPTAKİ KİŞİLERİN BİREYSEL DURUMLARI 40-ŞÜPHELİ ORHAN TUNÇ
11676	tr.wikisource.org	Kürt Teali Cemiyeti Nizamnamesi
11692	tr.wikisource.org	Ergenekon iddianamesi/BÖLÜM V ŞÜPHELİLERİN BİREYSEL DURUMLARI İKİNCİ GRUPTAKİ KİŞİLERİN BİREYSEL DURUMLARI 41-Şüpheli HABİB ÜMİT SAYIN
11696	tr.wikisource.org	Ergenekon iddianamesi/BÖLÜM V ŞÜPHELİLERİN BİREYSEL DURUMLARI İKİNCİ GRUPTAKİ KİŞİLERİN BİREYSEL DURUMLARI 42-ŞÜPHELİ EMİN GÜRSES
11708	tr.wikisource.org	Ergenekon iddianamesi/BÖLÜM V ŞÜPHELİLERİN BİREYSEL DURUMLARI İKİNCİ GRUPTAKİ KİŞİLERİN BİREYSEL DURUMLARI 43-ŞÜPHELİ KEMAL YALÇIN ALEMDAROĞLU
11716	tr.wikisource.org	Ergenekon iddianamesi/BÖLÜM V ŞÜPHELİLERİN BİREYSEL DURUMLARI İKİNCİ GRUPTAKİ KİŞİLERİN BİREYSEL DURUMLARI 44-Şüpheli SERHAN BOLLUK
11717	tr.wikisource.org	Ergenekon iddianamesi/BÖLÜM V ŞÜPHELİLERİN BİREYSEL DURUMLARI İKİNCİ GRUPTAKİ KİŞİLERİN BİREYSEL DURUMLARI 45-Şüpheli DOĞU PERİNÇEK
11769	tr.wikisource.org	743 Sayılı Türk Kanunu Medenisi
11789	tr.wikisource.org	Susurluk Raporu (Kutlu Savaş)
11795	tr.wikisource.org	Ergenekon iddianamesi/BÖLÜM V ŞÜPHELİLERİN BİREYSEL DURUMLARI İKİNCİ GRUPTAKİ KİŞİLERİN BİREYSEL DURUMLARI 46-ŞÜPHELİ FERİD İLSEVER
11796	tr.wikisource.org	Ergenekon iddianamesi/BÖLÜM V ŞÜPHELİLERİN BİREYSEL DURUMLARI İKİNCİ GRUPTAKİ KİŞİLERİN BİREYSEL DURUMLARI 47- ŞÜPHELİ MEHMET ADNAN AKFIRAT
11800	tr.wikisource.org	Ergenekon iddianamesi/BÖLÜM V ŞÜPHELİLERİN BİREYSEL DURUMLARI İKİNCİ GRUPTAKİ KİŞİLERİN BİREYSEL DURUMLARI 48-ŞÜPHELİ HİKMET ÇİÇEK
11801	tr.wikisource.org	Ergenekon iddianamesi/BÖLÜM V ŞÜPHELİLERİN BİREYSEL DURUMLARI İKİNCİ GRUPTAKİ KİŞİLERİN BİREYSEL DURUMLARI 49- ŞÜPHELİ HAYATİ ÖZCAN
11803	tr.wikisource.org	Ergenekon iddianamesi/BÖLÜM V ŞÜPHELİLERİN BİREYSEL DURUMLARI İKİNCİ GRUPTAKİ KİŞİLERİN BİREYSEL DURUMLARI 50- ŞÜPHELİ İBRAHİM BENLİ
11804	tr.wikisource.org	Ergenekon iddianamesi/BÖLÜM V ŞÜPHELİLERİN BİREYSEL DURUMLARI İKİNCİ GRUPTAKİ KİŞİLERİN BİREYSEL DURUMLARI 51- ŞÜPHELİ MAHİR ÇAYAN GÜNGÖR
11805	tr.wikisource.org	Ergenekon iddianamesi/BÖLÜM V ŞÜPHELİLERİN BİREYSEL DURUMLARI İKİNCİ GRUPTAKİ KİŞİLERİN BİREYSEL DURUMLARI 52- ŞÜPHELİ YUSUF TUNCER
11806	tr.wikisource.org	Ergenekon iddianamesi/BÖLÜM V ŞÜPHELİLERİN BİREYSEL DURUMLARI İKİNCİ GRUPTAKİ KİŞİLERİN BİREYSEL DURUMLARI 53- ŞÜPHELİ AYDIN GERGİN
11807	tr.wikisource.org	Ergenekon iddianamesi/BÖLÜM V ŞÜPHELİLERİN BİREYSEL DURUMLARI İKİNCİ GRUPTAKİ KİŞİLERİN BİREYSEL DURUMLARI 54- ŞÜPHELİ YUSUF BEŞİRİK
11808	tr.wikisource.org	Ergenekon iddianamesi/BÖLÜM V ŞÜPHELİLERİN BİREYSEL DURUMLARI İKİNCİ GRUPTAKİ KİŞİLERİN BİREYSEL DURUMLARI 55- ŞÜPHELİ İLHAN SELÇUK
11809	tr.wikisource.org	Ergenekon iddianamesi/BÖLÜM V ŞÜPHELİLERİN BİREYSEL DURUMLARI İKİNCİ GRUPTAKİ KİŞİLERİN BİREYSEL DURUMLARI 56- ŞÜPHELİ KEMAL KERİNÇSİZ
11810	tr.wikisource.org	Ergenekon iddianamesi/BÖLÜM V ŞÜPHELİLERİN BİREYSEL DURUMLARI İKİNCİ GRUPTAKİ KİŞİLERİN BİREYSEL DURUMLARI 57- ŞÜPHELİ FUAT TURGUT:
11812	tr.wikisource.org	Ergenekon iddianamesi/BÖLÜM V ŞÜPHELİLERİN BİREYSEL DURUMLARI İKİNCİ GRUPTAKİ KİŞİLERİN BİREYSEL DURUMLARI 58- ŞÜPHELİ HAYRETTİN ERTEKİN
11815	tr.wikisource.org	Ergenekon iddianamesi/BÖLÜM V ŞÜPHELİLERİN BİREYSEL DURUMLARI İKİNCİ GRUPTAKİ KİŞİLERİN BİREYSEL DURUMLARI 60- ABDÜLMUTTALİP TONÇER
11817	tr.wikisource.org	Ergenekon iddianamesi/BÖLÜM V ŞÜPHELİLERİN BİREYSEL DURUMLARI İKİNCİ GRUPTAKİ KİŞİLERİN BİREYSEL DURUMLARI 62- ŞÜPHELİ SATILMIŞ BALKAŞ
11818	tr.wikisource.org	Ergenekon iddianamesi/BÖLÜM V ŞÜPHELİLERİN BİREYSEL DURUMLARI İKİNCİ GRUPTAKİ KİŞİLERİN BİREYSEL DURUMLARI 63-ŞÜPHELİ ASİM DEMİR
11821	tr.wikisource.org	Ergenekon iddianamesi/BÖLÜM V ŞÜPHELİLERİN BİREYSEL DURUMLARI İKİNCİ GRUPTAKİ KİŞİLERİN BİREYSEL DURUMLARI 64- ŞÜPHELİ ATİLLA AKSU
11825	tr.wikisource.org	Ergenekon iddianamesi/BÖLÜM V ŞÜPHELİLERİN BİREYSEL DURUMLARI İKİNCİ GRUPTAKİ KİŞİLERİN BİREYSEL DURUMLARI 65-ŞÜPHELİ MEHMET FİKRİ KARADAĞ
11826	tr.wikisource.org	Ergenekon iddianamesi/BÖLÜM V ŞÜPHELİLERİN BİREYSEL DURUMLARI İKİNCİ GRUPTAKİ KİŞİLERİN BİREYSEL DURUMLARI 66-ŞÜPHELİ HÜSEYİN GÖRÜM
11829	tr.wikisource.org	Ergenekon iddianamesi/BÖLÜM V ŞÜPHELİLERİN BİREYSEL DURUMLARI İKİNCİ GRUPTAKİ KİŞİLERİN BİREYSEL DURUMLARI 67-ŞÜPHELİ ERKUT ERSOY
11832	tr.wikisource.org	Ergenekon iddianamesi/BÖLÜM V ŞÜPHELİLERİN BİREYSEL DURUMLARI İKİNCİ GRUPTAKİ KİŞİLERİN BİREYSEL DURUMLARI 68-ŞÜPHELİ KAHRAMAN ŞAHİN
11833	tr.wikisource.org	Ergenekon iddianamesi/BÖLÜM V ŞÜPHELİLERİN BİREYSEL DURUMLARI İKİNCİ GRUPTAKİ KİŞİLERİN BİREYSEL DURUMLARI 69-ŞÜPHELİ EROL ÖLMEZ
11834	tr.wikisource.org	Ergenekon iddianamesi/BÖLÜM V ŞÜPHELİLERİN BİREYSEL DURUMLARI İKİNCİ GRUPTAKİ KİŞİLERİN BİREYSEL DURUMLARI 70-ŞÜPHELİ ABDULLAH ARAPOĞULLARI
11835	tr.wikisource.org	Ergenekon iddianamesi/BÖLÜM V ŞÜPHELİLERİN BİREYSEL DURUMLARI İKİNCİ GRUPTAKİ KİŞİLERİN BİREYSEL DURUMLARI 71-ŞÜPHELİ ERDAL İRTEN
11836	tr.wikisource.org	Ergenekon iddianamesi/BÖLÜM V ŞÜPHELİLERİN BİREYSEL DURUMLARI İKİNCİ GRUPTAKİ KİŞİLERİN BİREYSEL DURUMLARI 72-ŞÜPHELİ RAİF GÖRÜM
11837	tr.wikisource.org	Ergenekon iddianamesi/BÖLÜM V ŞÜPHELİLERİN BİREYSEL DURUMLARI İKİNCİ GRUPTAKİ KİŞİLERİN BİREYSEL DURUMLARI 73-ŞÜPHELİ YUSUF GÖRÜM
11838	tr.wikisource.org	Ergenekon iddianamesi/BÖLÜM V ŞÜPHELİLERİN BİREYSEL DURUMLARI İKİNCİ GRUPTAKİ KİŞİLERİN BİREYSEL DURUMLARI 74-ŞÜPHELİ OĞUZ ALPASLAN ABDÜLKADİR
11839	tr.wikisource.org	Ergenekon iddianamesi/BÖLÜM V ŞÜPHELİLERİN BİREYSEL DURUMLARI İKİNCİ GRUPTAKİ KİŞİLERİN BİREYSEL DURUMLARI 75-ŞÜPHELİ RECEP GÖKHAN SİPAHİOĞLU
11840	tr.wikisource.org	Ergenekon iddianamesi/BÖLÜM V ŞÜPHELİLERİN BİREYSEL DURUMLARI İKİNCİ GRUPTAKİ KİŞİLERİN BİREYSEL DURUMLARI 76-ŞÜPHELİ MUHAMMET YÜCE
11841	tr.wikisource.org	Ergenekon iddianamesi/BÖLÜM V ŞÜPHELİLERİN BİREYSEL DURUMLARI İKİNCİ GRUPTAKİ KİŞİLERİN BİREYSEL DURUMLARI 77-ŞÜPHELİ SELİM AKKURT
11842	tr.wikisource.org	Ergenekon iddianamesi/BÖLÜM V ŞÜPHELİLERİN BİREYSEL DURUMLARI İKİNCİ GRUPTAKİ KİŞİLERİN BİREYSEL DURUMLARI 78-ŞÜPHELİ COŞKUN ÇALIK
11843	tr.wikisource.org	Ergenekon iddianamesi/BÖLÜM V ŞÜPHELİLERİN BİREYSEL DURUMLARI İKİNCİ GRUPTAKİ KİŞİLERİN BİREYSEL DURUMLARI 79-ŞÜPHELİ AYHAN ÇELİK
11847	tr.wikisource.org	Ergenekon iddianamesi/BÖLÜM V ŞÜPHELİLERİN BİREYSEL DURUMLARI İKİNCİ GRUPTAKİ KİŞİLERİN BİREYSEL DURUMLARI 80-ŞÜPHELİ HÜSEYİN GAZİ OĞUZ
11848	tr.wikisource.org	Ergenekon iddianamesi/BÖLÜM V ŞÜPHELİLERİN BİREYSEL DURUMLARI İKİNCİ GRUPTAKİ KİŞİLERİN BİREYSEL DURUMLARI 81-ŞÜPHELİ TANJU OKAN
11849	tr.wikisource.org	Ergenekon iddianamesi/BÖLÜM V ŞÜPHELİLERİN BİREYSEL DURUMLARI İKİNCİ GRUPTAKİ KİŞİLERİN BİREYSEL DURUMLARI 82-ŞÜPHELİ YAŞAR ASLANKÖYLÜ
11850	tr.wikisource.org	Ergenekon iddianamesi/BÖLÜM V ŞÜPHELİLERİN BİREYSEL DURUMLARI İKİNCİ GRUPTAKİ KİŞİLERİN BİREYSEL DURUMLARI 83-ŞÜPHELİ İHSAN GÖKTAŞ
11851	tr.wikisource.org	Ergenekon iddianamesi/BÖLÜM V ŞÜPHELİLERİN BİREYSEL DURUMLARI İKİNCİ GRUPTAKİ KİŞİLERİN BİREYSEL DURUMLARI 84-ŞÜPHELİ RASİM GÖRÜM
11852	tr.wikisource.org	Ergenekon iddianamesi/BÖLÜM V ŞÜPHELİLERİN BİREYSEL DURUMLARI İKİNCİ GRUPTAKİ KİŞİLERİN BİREYSEL DURUMLARI 85-ŞÜPHELİ ALİ KUTLU
11853	tr.wikisource.org	Ergenekon iddianamesi/BÖLÜM V ŞÜPHELİLERİN BİREYSEL DURUMLARI İKİNCİ GRUPTAKİ KİŞİLERİN BİREYSEL DURUMLARI 86-ŞÜPHELİ MURAT ÇAĞLAR
11944	tr.wikisource.org	2. Ergenekon İddianamesi/ŞÜPHELİLER
11946	tr.wikisource.org	2. Ergenekon İddianamesi/I.BÖLÜM 2008/623 SAYILI İDDİANAME ÖZETİ
11949	tr.wikisource.org	2. Ergenekon İddianamesi/III. BÖLÜM ÖRGÜTÜN İŞLEDİĞİ SUÇLAR
11953	tr.wikisource.org	2. Ergenekon İddianamesi/II. BÖLÜM SORUŞTURMANIN DİĞER AŞAMALARI
11955	tr.wikisource.org	2. Ergenekon İddianamesi/IV. BÖLÜM ÖRGÜTÜN FAALİYETLERİ
11956	tr.wikisource.org	Kat Mülkiyeti Kanunu
11967	tr.wikisource.org	2. Ergenekon İddianamesi/V. BÖLÜM ŞÜPHELİLERİN BİREYSEL DURUMLARI 1- Şüpheli Mehmet Şener Eruygur;
11968	tr.wikisource.org	Ergenekon iddianamesi/Ergenekon, Analiz Yeni Yapılanma Yönetim ve Geliştirme Projesi
11980	tr.wikisource.org	2. Ergenekon İddianamesi/V. BÖLÜM ŞÜPHELİLERİN BİREYSEL DURUMLARI 2- Şüpheli Ahmet Hurşit TOLON
11984	tr.wikisource.org	2. Ergenekon İddianamesi/V. BÖLÜM ŞÜPHELİLERİN BİREYSEL DURUMLARI 3- Şüpheli Levent Ersöz
11985	tr.wikisource.org	2. Ergenekon İddianamesi/V. BÖLÜM ŞÜPHELİLERİN BİREYSEL DURUMLARI 4- Şüpheli Hasan Atilla Uğur
12028	tr.wikisource.org	Doğu Perinçek'in 1. Ergenekon davası savunması
12044	tr.wikisource.org	2. Ergenekon İddianamesi/V. BÖLÜM ŞÜPHELİLERİN BİREYSEL DURUMLARI 5- Şüpheli Mustafa Ali BALBAY
12045	tr.wikisource.org	2. Ergenekon İddianamesi/V. BÖLÜM ŞÜPHELİLERİN BİREYSEL DURUMLARI 6- Şüpheli Sinan Aydın AYGÜN
12046	tr.wikisource.org	2. Ergenekon İddianamesi/V. BÖLÜM ŞÜPHELİLERİN BİREYSEL DURUMLARI 7- Şüpheli İlker GÜVEN
12069	tr.wikisource.org	2. Ergenekon İddianamesi/V. BÖLÜM ŞÜPHELİLERİN BİREYSEL DURUMLARI 8- Şüpheli Birol BAŞARAN
12070	tr.wikisource.org	2. Ergenekon İddianamesi/V. BÖLÜM ŞÜPHELİLERİN BİREYSEL DURUMLARI 9- Şüpheli Barbaros Hayrettin ALTINTAŞ
12071	tr.wikisource.org	2. Ergenekon İddianamesi/V. BÖLÜM ŞÜPHELİLERİN BİREYSEL DURUMLARI 10- Şüpheli Erol MÜTERCİMLER
12072	tr.wikisource.org	2. Ergenekon İddianamesi/V. BÖLÜM ŞÜPHELİLERİN BİREYSEL DURUMLARI 11- Şüpheli Emin ŞİRİN
12073	tr.wikisource.org	2. Ergenekon İddianamesi/V. BÖLÜM ŞÜPHELİLERİN BİREYSEL DURUMLARI 12- Şüpheli Hakan ŞANLI
12074	tr.wikisource.org	2. Ergenekon İddianamesi/V. BÖLÜM ŞÜPHELİLERİN BİREYSEL DURUMLARI 13- Şüpheli Yüksel Dilsiz
12075	tr.wikisource.org	2. Ergenekon İddianamesi/V. BÖLÜM ŞÜPHELİLERİN BİREYSEL DURUMLARI 14- Şüpheli Turhan ÇÖMEZ
12076	tr.wikisource.org	2. Ergenekon İddianamesi/V. BÖLÜM ŞÜPHELİLERİN BİREYSEL DURUMLARI 15- Şüpheli Ferda PAKSÜT
12089	tr.wikisource.org	2. Ergenekon İddianamesi/V. BÖLÜM ŞÜPHELİLERİN BİREYSEL DURUMLARI 16- Şüpheli Halis Yavuz IŞIKLAR
12090	tr.wikisource.org	2. Ergenekon İddianamesi/V. BÖLÜM ŞÜPHELİLERİN BİREYSEL DURUMLARI 17- Şüpheli Ufuk Mehmet BÜYÜKÇELEBİ
12091	tr.wikisource.org	2. Ergenekon İddianamesi/V. BÖLÜM ŞÜPHELİLERİN BİREYSEL DURUMLARI 18- Şüpheli Tanju Güvendiren
12104	tr.wikisource.org	Soykırım Suçunun Önlenmesi ve Cezalandırılması Sözleşmesi
14599	tr.wikisource.org	2. Ergenekon İddianamesi/V. BÖLÜM ŞÜPHELİLERİN BİREYSEL DURUMLARI 19- Şüpheli Ahmet Tuncay Özkan
14600	tr.wikisource.org	2. Ergenekon İddianamesi/V. BÖLÜM ŞÜPHELİLERİN BİREYSEL DURUMLARI 20-Şüpheli Adil Serdar Saçan
14641	tr.wikisource.org	2. Ergenekon İddianamesi/V. BÖLÜM ŞÜPHELİLERİN BİREYSEL DURUMLARI 21-Şüpheli Gürbüz Çapan,
14642	tr.wikisource.org	2. Ergenekon İddianamesi/V. BÖLÜM ŞÜPHELİLERİN BİREYSEL DURUMLARI 22- Şüpheli Emcet Olcaytu
14643	tr.wikisource.org	2. Ergenekon İddianamesi/V. BÖLÜM ŞÜPHELİLERİN BİREYSEL DURUMLARI 23-Şüpheli Adnan Türkkan
14646	tr.wikisource.org	2. Ergenekon İddianamesi/V. BÖLÜM ŞÜPHELİLERİN BİREYSEL DURUMLARI 24-Şüpheli Tunç Akkoç
14647	tr.wikisource.org	2. Ergenekon İddianamesi/V. BÖLÜM ŞÜPHELİLERİN BİREYSEL DURUMLARI 25-Şüpheli Mesut Özcan
14648	tr.wikisource.org	2. Ergenekon İddianamesi/V. BÖLÜM ŞÜPHELİLERİN BİREYSEL DURUMLARI 26-Şüpheli Hüseyin Nazlıkul
14649	tr.wikisource.org	2. Ergenekon İddianamesi/V. BÖLÜM ŞÜPHELİLERİN BİREYSEL DURUMLARI 27-Şüpheli Adnan Bulut,
14650	tr.wikisource.org	2. Ergenekon İddianamesi/V. BÖLÜM ŞÜPHELİLERİN BİREYSEL DURUMLARI 28-Şüpheli Merdan Yanardağ
14651	tr.wikisource.org	2. Ergenekon İddianamesi/V. BÖLÜM ŞÜPHELİLERİN BİREYSEL DURUMLARI 29-Şüpheli Murat Ağırel,
14652	tr.wikisource.org	2. Ergenekon İddianamesi/V. BÖLÜM ŞÜPHELİLERİN BİREYSEL DURUMLARI 30-Şüpheli Selim UTKU Gümrükçü
14653	tr.wikisource.org	2. Ergenekon İddianamesi/V. BÖLÜM ŞÜPHELİLERİN BİREYSEL DURUMLARI 31-Şüpheli Mahir Akkar,
14654	tr.wikisource.org	2. Ergenekon İddianamesi/V. BÖLÜM ŞÜPHELİLERİN BİREYSEL DURUMLARI 32-Şüpheli Evrim Baykara,
14667	tr.wikisource.org	Uluslararası Adalet Divanı Statüsü
14677	tr.wikisource.org	2. Ergenekon İddianamesi/V. BÖLÜM ŞÜPHELİLERİN BİREYSEL DURUMLARI 34-Şüpheli Osman Gürbüz
14678	tr.wikisource.org	2. Ergenekon İddianamesi/V. BÖLÜM ŞÜPHELİLERİN BİREYSEL DURUMLARI 35-Şüpheli Arif Doğan
14679	tr.wikisource.org	2. Ergenekon İddianamesi/V. BÖLÜM ŞÜPHELİLERİN BİREYSEL DURUMLARI 36-Şüpheli Muzaffer Öztürk
14681	tr.wikisource.org	2. Ergenekon İddianamesi/V. BÖLÜM ŞÜPHELİLERİN BİREYSEL DURUMLARI 38-Şüpheli Ertaç GİRAY
14683	tr.wikisource.org	2. Ergenekon İddianamesi/V. BÖLÜM ŞÜPHELİLERİN BİREYSEL DURUMLARI 40- Şüpheli Durmuş Ali ÖZOĞLU
14684	tr.wikisource.org	2. Ergenekon İddianamesi/V. BÖLÜM ŞÜPHELİLERİN BİREYSEL DURUMLARI 41- Şüpheli İbrahim ÖZCAN
14685	tr.wikisource.org	2. Ergenekon İddianamesi/V. BÖLÜM ŞÜPHELİLERİN BİREYSEL DURUMLARI 42- Şüpheli Kemal AYDIN
14686	tr.wikisource.org	2. Ergenekon İddianamesi/V. BÖLÜM ŞÜPHELİLERİN BİREYSEL DURUMLARI 43- Şüpheli Neriman AYDIN
14687	tr.wikisource.org	2. Ergenekon İddianamesi/V. BÖLÜM ŞÜPHELİLERİN BİREYSEL DURUMLARI 44-şüpheli Mehmet Ali ÇELEBİ
14688	tr.wikisource.org	2. Ergenekon İddianamesi/V. BÖLÜM ŞÜPHELİLERİN BİREYSEL DURUMLARI 45- Şüpheli Noyan ÇALIKUŞU
14689	tr.wikisource.org	2. Ergenekon İddianamesi/V. BÖLÜM ŞÜPHELİLERİN BİREYSEL DURUMLARI 46-Şüpheli Eren MUMCU
14716	tr.wikisource.org	TBMM Susurluk Araştırma Komisyonu Raporu/Başlangıç
14734	tr.wikisource.org	TBMM Susurluk Araştırma Komisyonu Raporu/Komisyon çalışmaları
14735	tr.wikisource.org	TBMM Susurluk Araştırma Komisyonu Raporu/İddialar
14736	tr.wikisource.org	TBMM Susurluk Araştırma Komisyonu Raporu/Kavramlar ve konuyla ilgili önceki meclis araştırma komisyonu raporları
14737	tr.wikisource.org	TBMM Susurluk Araştırma Komisyonu Raporu/İnceleme bölümü
14740	tr.wikisource.org	TBMM Susurluk Araştırma Komisyonu Raporu/Bilgisine başvurulanlar
14741	tr.wikisource.org	TBMM Susurluk Araştırma Komisyonu Raporu/Değerlendirmeler
14742	tr.wikisource.org	TBMM Susurluk Araştırma Komisyonu Raporu/Genel değerlendirme
14762	tr.wikisource.org	2. Ergenekon İddianamesi/V. BÖLÜM ŞÜPHELİLERİN BİREYSEL DURUMLARI 47- Şüpheli Önder KOÇ
14764	tr.wikisource.org	2. Ergenekon İddianamesi/V. BÖLÜM ŞÜPHELİLERİN BİREYSEL DURUMLARI 49-Şüpheli Yaşar TOZKOPARAN
14765	tr.wikisource.org	2. Ergenekon İddianamesi/V. BÖLÜM ŞÜPHELİLERİN BİREYSEL DURUMLARI 50- Şüpheli Doğukan YORULMAZ
14766	tr.wikisource.org	2. Ergenekon İddianamesi/V. BÖLÜM ŞÜPHELİLERİN BİREYSEL DURUMLARI 51- Şüpheli Hatice Bahtiyar
14767	tr.wikisource.org	2. Ergenekon İddianamesi/V. BÖLÜM ŞÜPHELİLERİN BİREYSEL DURUMLARI 52-Şüpheli Hamza DEMİR
14768	tr.wikisource.org	2. Ergenekon İddianamesi/V. BÖLÜM ŞÜPHELİLERİN BİREYSEL DURUMLARI 53- Şüpheli Ercüment OVALI
14769	tr.wikisource.org	2. Ergenekon İddianamesi/V. BÖLÜM ŞÜPHELİLERİN BİREYSEL DURUMLARI 54- Şüpheli Muhammet Murat AVAR
14770	tr.wikisource.org	2. Ergenekon İddianamesi/V. BÖLÜM ŞÜPHELİLERİN BİREYSEL DURUMLARI 55- Şüpheli Siyami YALÇIN
14771	tr.wikisource.org	2. Ergenekon İddianamesi/V. BÖLÜM ŞÜPHELİLERİN BİREYSEL DURUMLARI 56- Şüpheli Süleyman SOLMAZ
14788	tr.wikisource.org	Cizre davası iddianamesi
14807	tr.wikisource.org	Cizre davası iddianamesi/Soruşturma evrakı incelendi
14812	tr.wikisource.org	Cizre davası iddianamesi/Söz konusu tanıkların beyanları ile faili meçhul dosyaların birlikte değerlendirildiğinde
14813	tr.wikisource.org	Cizre davası iddianamesi/Genel değerlendirme
14820	tr.wikisource.org	3. Ergenekon İddianamesi/ŞÜPHELİLER
14854	tr.wikisource.org	Milli hükümet programı
14859	tr.wikisource.org	Öcalan davası hakkındaki mahkeme kararı
14861	tr.wikisource.org	Öcalan davası gerekçeli kararı
14869	tr.wikisource.org	Havyar
14899	tr.wikisource.org	3. Ergenekon İddianamesi/SORUŞTURMA EVRAKI İNCELENDİ I-GİRİŞ
14918	tr.wikisource.org	Velinimet
15013	tr.wikisource.org	3. Ergenekon İddianamesi/SORUŞTURMA EVRAKI İNCELENDİ IV-SORUŞTURMA KAPSAMINDA BU GÜNE KADAR ELE GEÇİRİLEN SİLAHLAR
15060	tr.wikisource.org	3. Ergenekon İddianamesi/SORUŞTURMA EVRAKI İNCELENDİ V-ŞÜPHELİLERİN BİREYSEL DURUMLARI 1- Şüpheli Yalçın KÜÇÜK
15151	tr.wikisource.org	Serbest Muhasebeci Mali Müşavirlik ve Yeminli Mali Müşavirlik Kanunu
15182	tr.wikisource.org	İşsizlik Sigortası Kanunu
15183	tr.wikisource.org	6183 Amme alacaklarının tahsili usulü hakkında kanun
15190	tr.wikisource.org	Karayolu Taşıma Yönetmeliği
15191	tr.wikisource.org	Serbest muhasebeci, serbest muhasebeci mali müşavir ve yeminli mali müşavirlerin çalışma usul ve esasları hakkında yönetmelik
15192	tr.wikisource.org	Ticaret sicili tüzüğü
15193	tr.wikisource.org	İlker Başbuğ’un Trabzon’da yaptığı konuşma (17 Aralık 2009)
15206	tr.wikisource.org	3. Ergenekon İddianamesi/SORUŞTURMA EVRAKI İNCELENDİ V-ŞÜPHELİLERİN BİREYSEL DURUMLARI 2- Şüpheli Mehmet HABERAL
15221	tr.wikisource.org	Erdal Eren'in avukatı Nihat Toktay'ın hazırladığı 24 Kasım 1980 tarihli metin
15290	tr.wikisource.org	3. Ergenekon İddianamesi/SORUŞTURMA EVRAKI İNCELENDİ V-ŞÜPHELİLERİN BİREYSEL DURUMLARI 3- Şüpheli Erol MANİSA
15320	tr.wikisource.org	3. Ergenekon İddianamesi/SORUŞTURMA EVRAKI İNCELENDİ V-ŞÜPHELİLERİN BİREYSEL DURUMLARI 4- Şüpheli Fatih HİLMİOĞLU
15343	tr.wikisource.org	Özel Güvenlik Hizmetlerine Dair Kanun
15356	tr.wikisource.org	3. Ergenekon İddianamesi/SORUŞTURMA EVRAKI İNCELENDİ V-ŞÜPHELİLERİN BİREYSEL DURUMLARI 5- Şüpheli Rıza Ferit BERNAY
15395	tr.wikisource.org	3. Ergenekon İddianamesi/SORUŞTURMA EVRAKI İNCELENDİ V-ŞÜPHELİLERİN BİREYSEL DURUMLARI 6- Şüpheli Mustafa Abbas YURTKURAN
15414	tr.wikisource.org	Poyrazköy iddianamesi/ŞÜPHELİLER
15415	tr.wikisource.org	Poyrazköy iddianamesi/A-) GİRİŞ
15658	tr.wikisource.org	Kafes iddianamesi
15797	tr.wikisource.org	Türkiye Cumhuriyeti Anayasasının Bazı Maddelerinde Değişiklik Yapılması Hakkında Kanun (5982)
15875	tr.wikisource.org	Girid Cezire Tarihi
15922	tr.wikisource.org	3. Ergenekon İddianamesi/SORUŞTURMA EVRAKI İNCELENDİ V-ŞÜPHELİLERİN BİREYSEL DURUMLARI 7- Şüpheli Halil Kemal GÜRÜZ
15953	tr.wikisource.org	3. Ergenekon İddianamesi/SORUŞTURMA EVRAKI İNCELENDİ V-ŞÜPHELİLERİN BİREYSEL DURUMLARI 9- Şüpheli Mustafa KOÇ
15954	tr.wikisource.org	3. Ergenekon İddianamesi/SORUŞTURMA EVRAKI İNCELENDİ V-ŞÜPHELİLERİN BİREYSEL DURUMLARI 10- Şüpheli Cihandar HASANHANOĞLU
15976	tr.wikisource.org	3. Ergenekon İddianamesi/SORUŞTURMA EVRAKI İNCELENDİ V-ŞÜPHELİLERİN BİREYSEL DURUMLARI 11- Şüpheli Erbay ÇOLAKOĞLU
15983	tr.wikisource.org	3. Ergenekon İddianamesi/SORUŞTURMA EVRAKI İNCELENDİ V-ŞÜPHELİLERİN BİREYSEL DURUMLARI 12- Şüpheli Mustafa DÖNMEZ
16015	tr.wikisource.org	TÜBİTAK'ın Danıştay Saldırısı Güvenlik Kamera Kayıtları Raporu
16025	tr.wikisource.org	Kanuni Sultan Süleyman'ın Semendire Sancakbeyi Gazi Bali Bey'e mektubu
16119	tr.wikisource.org	Türkiye Cumhuriyeti Başbakanlığı basın açıklaması (28 Nisan 2007)
16120	tr.wikisource.org	Sedat Bucak ve Mehmet Ağar hakkındaki Susurluk fezlekesi
16225	tr.wikisource.org	Mükelleflerin izahat taleplerinin cevaplandırılmasına dair yönetmelik
16242	tr.wikisource.org	Kıbrıs Cumhuriyeti Anayasası
16253	tr.wikisource.org	Hasta Hakları Yönetmeliği
16364	tr.wikisource.org	Ain't I a Woman?
16381	tr.wikisource.org	Özgürlüğünden Yoksun Bırakılmış Küçüklerin Korunması İçin Kurallar
16386	tr.wikisource.org	Abdullah Gül'ün 5 Kasım 2009'da Elazığ'da yaptığı konuşma
16391	tr.wikisource.org	İlker Başbuğ'un 14 Nisan 2009 tarihli konuşması
16403	tr.wikisource.org	Recep Tayyip Erdoğan'ın Mayıs 2010'daki ulusa sesleniş konuşması
16421	tr.wikisource.org	Recep Tayyip Erdoğan'ın 9 Kasım 2010 tarihli AK Parti grup toplantısında yaptığı konuşma
16442	tr.wikisource.org	Kemal Kılıçdaroğlu'nun 23 Kasım 2010 tarihli CHP grup toplantısında yaptığı konuşma
16476	tr.wikisource.org	Kuzey Kıbrıs Türk Cumhuriyeti Anayasası/II. Kısım/II. Bölüm
16479	tr.wikisource.org	Kars'ta Dokuzuncu Ordu Kumandanı Şevki Paşa'nın Ermenilerin yaptıkları zulme dair telgrafları
16480	tr.wikisource.org	Urfa vak'asının çıkış sebebi ve neticelerine ilişkin rapor
16494	tr.wikisource.org	Devlet Bahçeli'nin 30 Kasım 2010 tarihli TBMM grup toplantısında yaptığı konuşma
16507	tr.wikisource.org	Recep Tayyip Erdoğan'ın 1 Haziran 2010 tarihli AK Parti grup toplantısı konuşması
16513	tr.wikisource.org	Tarih-i Kamaniçe
16516	tr.wikisource.org	Kemal Kılıçdaroğlu'nun 21 Ağustos 2010 tarihli Denizli mitinginde yaptığı konuşma
16517	tr.wikisource.org	Kemal Kılıçdaroğlu'nun 20 Ağustos 2010 tarihli Afyonkarahisar mitinginde yaptığı konuşma
16518	tr.wikisource.org	Sadaret Teşrifat Defterleri
16522	tr.wikisource.org	Kuzey Kıbrıs Türk Cumhuriyeti Anayasası/II. Kısım/III. Bölüm
16543	tr.wikisource.org	Ferman-ı Adâlet
16599	tr.wikisource.org	III. Ahmet'in matbaaya onay veren hatt-ı hümayunu
16741	tr.wikisource.org	Hikmet-11
16818	tr.wikisource.org	Sevr Antlaşması
16872	tr.wikisource.org	Recep Tayyip Erdoğan'ın 1 Şubat 2011 tarihli AK Parti grup toplantısı konuşması
16874	tr.wikisource.org	Recep Tayyip Erdoğan'ın Ocak 2011'deki ulusa sesleniş konuşması
16890	tr.wikisource.org	Biyolojik Çeşitlilik Sözleşmesi
17083	tr.wikisource.org	Recep Tayyip Erdoğan'ın 22 Şubat 2011 tarihli AK Parti grup toplantısında yaptığı konuşma
17136	tr.wikisource.org	Küfe
17148	tr.wikisource.org	Recep Tayyip Erdoğan'ın 12 Haziran 2011 seçimlerinin ardından yaptığı balkon konuşması
17168	tr.wikisource.org	Kemal Kılıçdaroğlu'nun 10 Mayıs 2011 tarihli Burdur mitinginde yaptığı konuşma
17169	tr.wikisource.org	Kemal Kılıçdaroğlu'nun 12 Mayıs 2011 tarihli Konya mitinginde yaptığı konuşma
17170	tr.wikisource.org	Recep Tayyip Erdoğan'ın 12 Temmuz 2011 tarihli TBMM grup konuşması
17182	tr.wikisource.org	Recep Tayyip Erdoğan'ın 10 Haziran 2011 tarihli Erzurum mitinginde yaptığı konuşma
17183	tr.wikisource.org	Devlet Bahçeli'nin 11 Temmuz 2011 tarihli hükümet programı görüşmelerinde yaptığı konuşma
17184	tr.wikisource.org	Devlet Bahçeli'nin 4 Temmuz 2011 tarihli TBMM grup toplantısında yaptığı konuşma
17185	tr.wikisource.org	Devlet Bahçeli'nin 6 Haziran 2011 tarihli Diyarbakır mitinginde yaptığı konuşma
17191	tr.wikisource.org	Recep Tayyip Erdoğan'ın 11 Haziran 2011 tarihli Tuzla mitinginde yaptığı konuşma
17192	tr.wikisource.org	Recep Tayyip Erdoğan'ın 19 Mayıs 2011 tarihli Siirt mitinginde yaptığı konuşma
17193	tr.wikisource.org	Recep Tayyip Erdoğan'ın 20 Mayıs 2011 tarihli Van mitinginde yaptığı konuşma
17194	tr.wikisource.org	Recep Tayyip Erdoğan'ın 21 Mayıs 2011 tarihli Hakkari mitinginde yaptığı konuşma
17196	tr.wikisource.org	Recep Tayyip Erdoğan'ın 21 Mayıs 2011 tarihli Şanlıurfa mitinginde yaptığı konuşma
17198	tr.wikisource.org	Recep Tayyip Erdoğan'ın 22 Mayıs 2011 tarihli Bursa mitinginde yaptığı konuşma
17199	tr.wikisource.org	Recep Tayyip Erdoğan'ın 24 Mayıs 2011 tarihli Şırnak mitinginde yaptığı konuşma
17200	tr.wikisource.org	Recep Tayyip Erdoğan'ın 24 Mayıs 2011 tarihli Batman mitinginde yaptığı konuşma
17201	tr.wikisource.org	Recep Tayyip Erdoğan'ın 25 Mayıs 2011 tarihli Kırıkkale mitinginde yaptığı konuşma
17202	tr.wikisource.org	Recep Tayyip Erdoğan'ın 25 Mayıs 2011 tarihli Nevşehir mitinginde yaptığı konuşma
17203	tr.wikisource.org	Recep Tayyip Erdoğan'ın 26 Mayıs 2011 tarihli Aksaray mitinginde yaptığı konuşma
17207	tr.wikisource.org	Recep Tayyip Erdoğan'ın 27 Mayıs 2011 tarihli Aydın mitinginde yaptığı konuşma
17210	tr.wikisource.org	Recep Tayyip Erdoğan'ın 27 Mayıs 2011 tarihli Muğla mitinginde yaptığı konuşma
17211	tr.wikisource.org	Recep Tayyip Erdoğan'ın 28 Mayıs 2011 tarihli Hatay mitinginde yaptığı konuşma
17212	tr.wikisource.org	Kemal Kılıçdaroğlu'nun CHP'nin 15. Olağanüstü Kurultayı'nda yaptığı konuşma
17214	tr.wikisource.org	Recep Tayyip Erdoğan'ın 29 Mayıs 2011 tarihli Kayseri mitinginde yaptığı konuşma
17216	tr.wikisource.org	Recep Tayyip Erdoğan'ın 31 Mayıs 2011 tarihli Trabzon mitinginde yaptığı konuşma
17218	tr.wikisource.org	Recep Tayyip Erdoğan'ın 1 Haziran 2011 tarihli Diyarbakır mitinginde yaptığı konuşma
17219	tr.wikisource.org	Recep Tayyip Erdoğan'ın 2 Haziran 2011 tarihli Isparta mitinginde yaptığı konuşma
17220	tr.wikisource.org	Recep Tayyip Erdoğan'ın 2 Haziran 2011 tarihli Mersin mitinginde yaptığı konuşma
17221	tr.wikisource.org	Recep Tayyip Erdoğan'ın 3 Haziran 2011 tarihli Konya mitinginde yaptığı konuşma
17222	tr.wikisource.org	Recep Tayyip Erdoğan'ın 3 Haziran 2011 tarihli Samsun mitinginde yaptığı konuşma
17224	tr.wikisource.org	Recep Tayyip Erdoğan'ın 4 Haziran 2011 tarihli İzmir mitinginde yaptığı konuşma
17225	tr.wikisource.org	Recep Tayyip Erdoğan'ın 5 Haziran 2011 tarihli Sakarya mitinginde yaptığı konuşma
17226	tr.wikisource.org	Recep Tayyip Erdoğan'ın 5 Haziran 2011 tarihli İstanbul mitinginde yaptığı konuşma
17227	tr.wikisource.org	Recep Tayyip Erdoğan'ın 6 Haziran 2011 tarihli Çankırı mitinginde yaptığı konuşma
17228	tr.wikisource.org	Recep Tayyip Erdoğan'ın 7 Haziran 2011 tarihli Adıyaman mitinginde yaptığı konuşma
17256	tr.wikisource.org	Recep Tayyip Erdoğan'ın 8 Haziran 2011 tarihli Bingöl mitinginde yaptığı konuşma
17257	tr.wikisource.org	Recep Tayyip Erdoğan'ın 8 Haziran 2011 tarihli Elazığ mitinginde yaptığı konuşma
17258	tr.wikisource.org	Recep Tayyip Erdoğan'ın 9 Haziran 2011 tarihli Sivas mitinginde yaptığı konuşma
17279	tr.wikisource.org	Recep Tayyip Erdoğan'ın 9 Haziran 2011 tarihli Gaziantep mitinginde yaptığı konuşma
17281	tr.wikisource.org	Devlet Bahçeli'nin 4 Haziran 2011 tarihli Ankara açık hava toplantısında yaptığı konuşma
17283	tr.wikisource.org	Devlet Bahçeli'nin 3 Mayıs 2011 tarihli Ankara milletvekili adaylarını sunma toplantısında yaptığı konuşma
17285	tr.wikisource.org	Devlet Bahçeli'nin 8 Şubat 1999 tarihli TBMM grup konuşması
17286	tr.wikisource.org	Devlet Bahçeli'nin 1 Mayıs 1999 tarihinde 18 Nisan seçimlerine ilişkin yaptığı konuşma
17287	tr.wikisource.org	Devlet Bahçeli'nin 3 Mayıs 1999'da yaptığı konuşma
17288	tr.wikisource.org	Devlet Bahçeli'nin 6 Haziran 1999 tarihli TBMM grup konuşması
17289	tr.wikisource.org	Devlet Bahçeli'nin 27 Temmuz 1999 tarihli TBMM grup konuşması
17290	tr.wikisource.org	Devlet Bahçeli'nin 3 Ağustos 1999 tarihli TBMM grup konuşması
17291	tr.wikisource.org	Devlet Bahçeli'nin 10 Ağustos 1999 tarihli TBMM grup konuşması
17292	tr.wikisource.org	Devlet Bahçeli'nin 24 Ağustos 1999 tarihli TBMM grup konuşmasında yaptığı konuşma
17293	tr.wikisource.org	Devlet Bahçeli'nin 5 Eylül 1999 tarihli TBMM grup toplantısında yaptığı konuşma
17298	tr.wikisource.org	Recep Tayyip Erdoğan'ın 10 Haziran 2011 tarihli Ağrı mitinginde yaptığı konuşma
17300	tr.wikisource.org	Recep Tayyip Erdoğan'ın 11 Haziran 2011 tarihli Maltepe mitinginde yaptığı konuşma
17301	tr.wikisource.org	Devlet Bahçeli'nin 20 Kasım 1999 tarihli TBMM grup toplantısında yaptığı konuşma
17302	tr.wikisource.org	Devlet Bahçeli'nin 6 Aralık 1999 tarihli TBMM grup konuşması
17303	tr.wikisource.org	Devlet Bahçeli'nin 20 Aralık 1999 tarihinde TÜBİTAK'ta yaptığı konuşma
17304	tr.wikisource.org	Devlet Bahçeli'nin 14 Aralık 1999 tarihli TBMM grup toplantısında yaptığı konuşma
17305	tr.wikisource.org	Devlet Bahçeli'nin 29 Şubat 2000 tarihli TBMM grup toplantısında yaptığı konuşma
17314	tr.wikisource.org	Devlet Bahçeli'nin 24 Şubat 2000 tarihli TBMM grup toplantısında yaptığı konuşma
17315	tr.wikisource.org	Devlet Bahçeli'nin 12 Mart 2000 tarihinde Erzurum'da yaptığı konuşma
17316	tr.wikisource.org	Devlet Bahçeli'nin 21 Mart 2000 tarihli TBMM grup toplantısında yaptığı konuşma
17317	tr.wikisource.org	Devlet Bahçeli'nin 28 Mart 2000 tarihli TBMM grup konuşmasında yaptığı konuşma
17319	tr.wikisource.org	Devlet Bahçeli'nin 4 Nisan 2000 tarihinde yeni MHP genel merkez binasının temel atma töreninde yaptığı konuşma
17320	tr.wikisource.org	Devlet Bahçeli'nin 11 Nisan 2000 tarihli TBMM grup toplantısında yaptığı konuşma
17322	tr.wikisource.org	İnternet andıcı iddianamesi
17327	tr.wikisource.org	Milli Nizam Partisi'nin kapatılmasına ilişkin savcılık iddianamesi
17336	tr.wikisource.org	Özürlülerin Devlet Memurluğuna Alınma Şartları ile Yapılacak Yarışma Sınavları Hakkında Yönetmelik
17339	tr.wikisource.org	Recep Tayyip Erdoğan'ın 31 Mayıs 2010'da Şili'den Türkiye'ye hareket ederken havaalanında yaptığı konuşma
17340	tr.wikisource.org	Ahmet Davutoğlu'nun 25 Nisan 2011 tarihli Çanakkale Savaşları'nın 96. yıldönümü törenlerinde yaptığı konuşma
17343	tr.wikisource.org	Ahmet Davutoğlu'nun 24 Nisan 2011 tarihli Çanakkale Savaşları'nın 96. yıldönümü anma törenleri kapsamında 57. Piyade Alayı Şehitliği'nde yaptığı konuşma
17358	tr.wikisource.org	Abdullah Gül'ün 11 Temmuz 2011 tarihinde Türkiye-Bulgaristan İş Konseyi'nde yaptığı konuşma
17387	tr.wikisource.org	Nutuk/1. bölüm/Ordu ile temas
17396	tr.wikisource.org	İsmet İnönü'nün Lozan Antlaşması'nın 50. yılı nedeniyle 23 Ekim 1973 tarihinde yaptığı konuşma
17416	tr.wikisource.org	Poyrazköy iddianamesi/B-) ŞÜPHELİLERİN BİREYSEL DURUMLARI
17418	tr.wikisource.org	Amirallere suikast iddianamesi
17419	tr.wikisource.org	Erzincan iddianamesi
17420	tr.wikisource.org	Oda TV iddianamesi
17429	tr.wikisource.org	Mehmet Akif Hamzaçebi'nin 15 Temmuz 2011'de TBMM'de yaptığı konuşma
17438	tr.wikisource.org	Fırâk-ı Irak/Fuzûlî-i Bağdâdî'den Nef'î-i Erzurumî'ye
17442	tr.wikisource.org	Fırâk-ı Irak/Şehîdin Babası
17444	tr.wikisource.org	Fırâk-ı Irak/Sübhâneke Yâ Muhavvile'l-Ahvâl!...
17449	tr.wikisource.org	Abdullah Gül'ün TBMM 23. Dönem 5. Yasama Yılının açılışında yaptığı konuşma
17451	tr.wikisource.org	Haydar Kemal Kurt'un 5 Ekim 2010'da TBMM'de yaptığı konuşma
17486	tr.wikisource.org	Barack Obama'nın Mısır devriminin ardından yaptığı konuşma
17487	tr.wikisource.org	Recep Tayyip Erdoğan'ın 22 Eylül 2011 tarihinde Birleşmiş Milletler Genel Kurulu'nda yaptığı konuşma
17491	tr.wikisource.org	Adana Katliamı
17497	tr.wikisource.org	Ermeni Patrikhanesince olaylar hakkında yapılan değerlendirmeler
17502	tr.wikisource.org	Ermeni Patrikhanesi'nin olaylardan zarar görenler için yardım talebi / Adana olaylarının Meclis-i Mebusan'da görüşülmesi
17503	tr.wikisource.org	Recep Tayyip Erdoğan'ın 13 Eylül 2011 tarihinde Kahire'de Arap Birliği Dışişleri Bakanları Konseyi'nin açılış oturumunda yaptığı konuşma
17506	tr.wikisource.org	Devlet Bahçeli'nin 2 Ocak 2001 tarihli TBMM grup toplantısında yaptığı konuşma
17508	tr.wikisource.org	Recep Tayyip Erdoğan'ın 29 Eylül 2011 tarihli ulusa sesleniş konuşması
17509	tr.wikisource.org	Recep Tayyip Erdoğan'ın 28 Ağustos 2011 tarihli ulusa sesleniş konuşması
17520	tr.wikisource.org	Ahmet Davutoğlu'nun 3 Ocak 2011 tarihli Ankara'da 3. Büyükelçiler Konferansı'nın açılışında yaptığı konuşma
17521	tr.wikisource.org	Ahmet Davutoğlu'nun 17 Ekim 2010 tarihli Kuveyt'te Türkiye-Körfez İşbirliği Konseyi Yüksek Düzeyli Stratejik Diyalog İkinci Dışişleri Bakanları Toplantısında yaptığı konuşma
17522	tr.wikisource.org	Ahmet Davutoğlu'nun 31 Mayıs 2010 tarihli New York'ta Birleşmiş Milletler Güvenlik Konseyi Olağanüstü Oturumunda yaptığı konuşma
17525	tr.wikisource.org	Ahmet Davutoğlu'nun 18 Kasım 2009 tarihli İstanbul'da Türk-İtalyan Forumunda yaptığı konuşma
17532	tr.wikisource.org	Alevi Bektaşi Kültür Kuruluşları Birliği Kültür Derneği'nin gerekçeli kapatılma kararı
17533	tr.wikisource.org	Aziz Yıldırım'ın savcılık ifadesi
17537	tr.wikisource.org	Ahmet Davutoğlu'nun Birleşmiş Milletler Mavi Marmara Raporu ve İsrail'e uygulanacak yaptırımlara ilişkin açıklaması (2 Eylül 2011)
17569	tr.wikisource.org	Lozan Antlaşması
17573	tr.wikisource.org	3. Ergenekon İddianamesi/SORUŞTURMA EVRAKI İNCELENDİ V-ŞÜPHELİLERİN BİREYSEL DURUMLARI 13- Şüpheli Muhittin Erdal ŞENEL
17592	tr.wikisource.org	KCK Sözleşmesi
17614	tr.wikisource.org	3. Ergenekon İddianamesi/SORUŞTURMA EVRAKI İNCELENDİ V-ŞÜPHELİLERİN BİREYSEL DURUMLARI 14- Şüpheli Engin AYDIN
17628	tr.wikisource.org	3. Ergenekon İddianamesi/SORUŞTURMA EVRAKI İNCELENDİ V-ŞÜPHELİLERİN BİREYSEL DURUMLARI 15- Şüpheli Mustafa Levent GÖKTAŞ
17636	tr.wikisource.org	3. Ergenekon İddianamesi/SORUŞTURMA EVRAKI İNCELENDİ V-ŞÜPHELİLERİN BİREYSEL DURUMLARI 16- Şüpheli Mustafa Hüseyin BUZOĞLU
17723	tr.wikisource.org	2011 Türkiye futbolu şike iddianamesi
17724	tr.wikisource.org	2011 Türkiye futbolu şike iddianamesi/Soruşturmanın başlaması
17725	tr.wikisource.org	2011 Türkiye futbolu şike iddianamesi/Olgun Peker liderliğindeki haksız çıkar sağlama amaçlı suç örgütü
17735	tr.wikisource.org	2011 Türkiye futbolu şike iddianamesi/Aziz Yıldırım liderliğindeki suç örgütü
17778	tr.wikisource.org	Rauf Denktaş'ın 15 Temmuz 1999'da TBMM'de yaptığı konuşma
17810	tr.wikisource.org	On iki gardaş meseli
17824	tr.wikisource.org	Hukuk Uyuşmazlıklarında Arabuluculuk Kanunu
17867	tr.wikisource.org	Kamulaştırma Kanunu
17875	tr.wikisource.org	Numan Kurtulmuş'un HAS Parti Kuruluş Konuşması
17990	tr.wikisource.org	6306 sayılı kanun
18031	tr.wikisource.org	Ahmet Davutoğlu’nun II. İstanbul Somali Konferansı açılışında yaptığı konuşma
18032	tr.wikisource.org	Ahmet Davutoğlu’nun Terörizmle Mücadele Küresel Forumu Koordinasyon Komitesi toplantısının açılışında yaptığı konuşma
18035	tr.wikisource.org	Ahmet Davutoğlu’nun Fas Dışişleri Bakanı Saad Eddine El Othmani ile birlikte katıldıkları “Demokratik Dönüşüm ve Ortak Bölgesel Vizyon” konulu Seta Panelinde yaptığı konuşma
18036	tr.wikisource.org	Ahmet Davutoğlu’nun Dışişleri Şehitlerini Anma Töreni'nde yaptığı konuşma
18046	tr.wikisource.org	Ekonomik, Sosyal ve Kültürel Haklar Uluslararası Sözleşmesi
18087	tr.wikisource.org	Yabancıların Türkiye'de mülk alımı
18104	tr.wikisource.org	Antarktika Antlaşması
18143	tr.wikisource.org	Deniz Gezmiş'in THKO davasındaki savunması
18183	tr.wikisource.org	Yaş Antlaşması
18308	tr.wikisource.org	1. Bölüm (Gaybet-i Numani)
18383	tr.wikisource.org	Devlet Memurları Kanunu
18394	tr.wikisource.org	2011 Türkiye futbolu şike iddianamesi/Soruşturmada tespit edilen diğer şike / teşvik faaliyetleri
18396	tr.wikisource.org	2011 Türkiye futbolu şike iddianamesi/Şüpheliler hakkında tatbiki talep edilen sevk maddeleri
18423	tr.wikisource.org	Öcalan davası hakkındaki savcılık iddianamesi
18551	tr.wikisource.org	Türkiye'de Birleşik Devletler Eğitim Komisyonu
18577	tr.wikisource.org	Şef Seattle'ın Mektubu
18592	tr.wikisource.org	Aşk-ı Memnu/Bölüm 1
18595	tr.wikisource.org	Aşk-ı Memnu/Bölüm 2
18611	tr.wikisource.org	Marifetname/2
18612	tr.wikisource.org	Marifetname/3
18613	tr.wikisource.org	Marifetname/4
18615	tr.wikisource.org	Marifetname/6
18616	tr.wikisource.org	Marifetname/7
18618	tr.wikisource.org	Marifetname/8
18621	tr.wikisource.org	Marifetname/10
18623	tr.wikisource.org	Marifetname/12
18624	tr.wikisource.org	Marifetname/13
18625	tr.wikisource.org	Marifetname/14
18626	tr.wikisource.org	Marifetname/15
18628	tr.wikisource.org	Marifetname/17
18630	tr.wikisource.org	Marifetname/19
18631	tr.wikisource.org	Marifetname/20
18632	tr.wikisource.org	Marifetname/21
18633	tr.wikisource.org	Marifetname/22
18634	tr.wikisource.org	Marifetname/23
18635	tr.wikisource.org	Marifetname/24
18637	tr.wikisource.org	Marifetname/26
18638	tr.wikisource.org	Marifetname/27
18640	tr.wikisource.org	Marifetname/29
18641	tr.wikisource.org	Marifetname/30
18642	tr.wikisource.org	Marifetname/31
18643	tr.wikisource.org	Marifetname/33
18644	tr.wikisource.org	Marifetname/34
18645	tr.wikisource.org	Marifetname/35
18646	tr.wikisource.org	Marifetname/36
18647	tr.wikisource.org	Marifetname/37
18648	tr.wikisource.org	Marifetname/38
18649	tr.wikisource.org	Marifetname/39
18650	tr.wikisource.org	Marifetname/40
18651	tr.wikisource.org	Marifetname/41
18652	tr.wikisource.org	Marifetname/42
18653	tr.wikisource.org	Marifetname/43
18654	tr.wikisource.org	Marifetname/45
18711	tr.wikisource.org	Bern Sözleşmesi
18794	tr.wikisource.org	Özgürlük ve Dayanışma Partisi tüzüğü
19217	tr.wikisource.org	Kemal Kılıçdaroğlu'nun 12 Ekim 2010 tarihli CHP grup toplantısında yaptığı konuşma
19679	tr.wikisource.org	Bazı Kanununlarda Değişiklik Yapılmasına Dair Kanun (5397)
19764	tr.wikisource.org	Beşiktaş Jimnastik Kulübü tüzüğü
19790	tr.wikisource.org	Vakıflar Kanunu/İkinci Kısım
19791	tr.wikisource.org	Vakıflar Kanunu/Üçüncü Kısım
19792	tr.wikisource.org	Vakıflar Kanunu/Dördüncü Kısım
19796	tr.wikisource.org	Türkiye Cumhuriyeti Başbakanlığının 1915 olaylarına ilişkin basın açıklaması (23 Nisan 2014)
19799	tr.wikisource.org	Sendikalar Kanunu/Birinci Kısım
19800	tr.wikisource.org	Sendikalar Kanunu/İkinci Kısım
19802	tr.wikisource.org	Sendikalar Kanunu/Dördüncü Kısım
19803	tr.wikisource.org	Sendikalar Kanunu/Beşinci Kısım
19818	tr.wikisource.org	Gençlik ve Spor Kulüpleri Yönetmeliği
19821	tr.wikisource.org	Galatasaray Spor Kulübü tüzüğü
19824	tr.wikisource.org	Çağdaş Yaşamı Destekleme Derneği Tüzüğü
19826	tr.wikisource.org	Adana Demirspor Kulübü tüzüğü
19829	tr.wikisource.org	Dernekler Yönetmeliği
19834	tr.wikisource.org	İş Kanunu/İkinci Bölüm
19836	tr.wikisource.org	İş Kanunu/Dördüncü Bölüm
19841	tr.wikisource.org	İş Kanunu/Dokuzuncu Bölüm
19842	tr.wikisource.org	İş Kanunu/Onuncu Bölüm
19845	tr.wikisource.org	Âhiret Yolu
19872	tr.wikisource.org	Halkların Demokratik Kongresi tüzüğü
19895	tr.wikisource.org	Okul Spor Kulüpleri Yönetmeliği
19896	tr.wikisource.org	Ekonomi Bakanlığının Teşkilat ve Görevleri Hakkında Kanun Hükmünde Kararname
19909	tr.wikisource.org	Ticaret Sicili Yönetmeliği
19923	tr.wikisource.org	Milli Eğitim Bakanlığının Teşkilat ve Görevleri Hakkında Kanun Hükmünde Kararname
19925	tr.wikisource.org	Araştırma Altyapılarının Desteklenmesine Dair Kanun
19929	tr.wikisource.org	Çanakkale Savaşları Gelibolu Tarihi Alan Başkanlığı Kurulması Hakkında Kanun
19931	tr.wikisource.org	Türkiye Kızılay Derneği Tüzüğü
19965	tr.wikisource.org	Aksak Timur'un Devlet Politikası/Demir'in Müslümanlığı
19982	tr.wikisource.org	Seyfi Baba
19989	tr.wikisource.org	Kemal Kılıçdaroğlu'nun 15 Temmuz 2014 tarihli CHP grup konuşmasında yaptığı konuşma
19990	tr.wikisource.org	Ahmet Davutoğlu'nun 1 Eylül 2014 tarihli AK Parti grup toplantısında yaptığı konuşma
19993	tr.wikisource.org	İranlılar ve Ruslar arasında yapılan savaşlar ve barışın sonuçları
20048	tr.wikisource.org	Barack Obama'nın Aralık 2009 tarihli Afganistan üzerine konuşması
20049	tr.wikisource.org	Afganistan'daki Gerçekler
20052	tr.wikisource.org	Barack Obama'nın 8 Ocak 2011'de Tucson'da gerçekleşen silahlı saldırı hakkındaki konuşması
20070	tr.wikisource.org	Kasîde-i Bahâriyye der Hakk-ı Müşâriin-ileyh
20102	tr.wikisource.org	Kuzey Kıbrıs Türk Cumhuriyeti Anayasası/III. Kısım/II. Bölüm
20104	tr.wikisource.org	Kuzey Kıbrıs Türk Cumhuriyeti Anayasası/IV. Kısım/I. Bölüm
20106	tr.wikisource.org	Kuzey Kıbrıs Türk Cumhuriyeti Anayasası/IV. Kısım/III. Bölüm
20264	tr.wikisource.org	Kemal Kılıçdaroğlu'nun 17 Şubat 2015 tarihli CHP grup toplantısında yaptığı konuşma
20265	tr.wikisource.org	Kemal Kılıçdaroğlu'nun 11 Kasım 2014 tarihli CHP grup toplantısında yaptığı konuşma
20476	tr.wikisource.org	Büyük Millet Meclisi'nin Bütün İslam Alemine Beyannamesi
20607	tr.wikisource.org	Türkistan
20636	tr.wikisource.org	Recep Tayyip Erdoğan'ın 3 Mart 2014 tarihli Balıkesir mitinginde yaptığı konuşma
20638	tr.wikisource.org	Anayasa Mahkemesinin Kuruluşu Ve Yargılama Usulleri Hakkında Kanun (1983)
20639	tr.wikisource.org	Anayasa Mahkemesinin Kuruluşu Ve Yargılama Usulleri Hakkında Kanun (2011)
20736	tr.wikisource.org	İcra ve İflas Kanunu/Birinci Bap
20740	tr.wikisource.org	İcra ve İflas Kanunu/İkinci Bap
20742	tr.wikisource.org	İcra ve İflas Kanunu/Üçüncü Bap
20748	tr.wikisource.org	İdari Yargılama Usulü Kanunu/Birinci Bölüm
20773	tr.wikisource.org	İcra ve İflas Kanunu/Dördüncü Bap
20871	tr.wikisource.org	Aziz Yıldırım'ın 21 Şubat 2012'deki savunması
20894	tr.wikisource.org	İdari Yargılama Usulü Kanunu/İkinci Bölüm
21072	tr.wikisource.org	Subhaneke Yâ Muhavvilel Ahvâl!...
21104	tr.wikisource.org	Kemal Kılıçdaroğlu'nun 7 Ağustos 2016 Yenikapı mitinginde yaptığı konuşma
21107	tr.wikisource.org	Devlet Bahçeli'nin 7 Ağustos 2016 Yenikapı mitinginde yaptığı konuşma
21108	tr.wikisource.org	Feleknas Uca'nın Ezidi katliamı üzerine TBMM'de yaptığı 2 Ağustos 2016 tarihli konuşması
21124	tr.wikisource.org	Cumhuriyet/1 İkinciteşrin 1936/Hazin bir macera: Türkiyeden giden Rumlar ve Ermeniler -3-
21130	tr.wikisource.org	Akın Öztürk'ün 2016 Türkiye askerî darbe girişimi üzerine ifadesi
21265	tr.wikisource.org	Olağanüstü hal kapsamında alınan tedbirlere ilişkin 667 sayılı kanun hükmünde kararname
21287	tr.wikisource.org	Ottawa Sözleşmesi
21316	tr.wikisource.org	Modern Devlet Anlayışının Felsefi Temelleri
21335	tr.wikisource.org	İskendernâme/201-300
21336	tr.wikisource.org	İskendernâme/301-400
21338	tr.wikisource.org	İskendernâme/501-600
21339	tr.wikisource.org	İskendernâme/601-700
21341	tr.wikisource.org	Hektor ile Akhilleüs'ün Doğüşü
21368	tr.wikisource.org	Dedeağaç'ın sancak merkezi haline getirilmesi
21474	tr.wikisource.org	Türk Tarihinin Ana Hatları/Bu Kitap Niçin Yazıldı?
21491	tr.wikisource.org	Kur'an/Nisâ Suresi
21914	tr.wikisource.org	Bir Temiz Havlu Uğruna
21923	tr.wikisource.org	Nutuk/2. bölüm/Sivas'a hareket
21930	tr.wikisource.org	Nutuk/2. bölüm/Refet Bey'in üçüncü kolordu komutanlığını bırakması
21942	tr.wikisource.org	Nutuk/2. bölüm/Sivas yolunda
21964	tr.wikisource.org	Nutuk/3. bölüm/Yapılan itiraz ve tenkitler
21968	tr.wikisource.org	Nutuk/3. bölüm/Kastamonu valisinin İstanbul Hükûmetince değiştirilmesi ve bundan çıkan hadise
21974	tr.wikisource.org	Nutuk/3. bölüm/Abdülkerim Paşa'nın tavassutları
21975	tr.wikisource.org	Nutuk/3. bölüm/Ferit Paşa Kabinesi çekilmelidir
21977	tr.wikisource.org	Nutuk/3. bölüm/İlk Bozkır Hâdisesi ve İzmit mutasarrıfının muhalefeti
21981	tr.wikisource.org	Nutuk/3. bölüm/Ali Rıza Paşa Kabinesi teşkilat ve makasıd-ı milliyeyi soruyor
21982	tr.wikisource.org	Nutuk/3. bölüm/Yunus Nadi Bey tavsit ediliyor
21997	tr.wikisource.org	Nutuk/3. bölüm/Amasya mülakatı
22000	tr.wikisource.org	Nutuk/3. bölüm/İstanbul'da Kuva-yi Milliye aleyhine tahrikât
22002	tr.wikisource.org	Nutuk/3. bölüm/Akd-i sulha kadar İstanbul'a ayak basmamaklığımız ve mebus olmamaklığımız tavsiyesi
22066	tr.wikisource.org	Fatih Kanunnâmesi/Bâb-ı evvel
22067	tr.wikisource.org	Fatih Kanunnâmesi/Bâb-ı sâni
22068	tr.wikisource.org	Fatih Kanunnâmesi/Bâb-ı sâlis
22322	tr.wikisource.org	Kemal Kılıçdaroğlu'nun 24 Temmuz 2016 tarihli Cumhuriyet ve Demokrasi Buluşmasında yaptığı konuşma
22329	tr.wikisource.org	Binali Yıldırım'ın 22 Mart 2017 Iğdır mitinginde yaptığı konuşma
22332	tr.wikisource.org	Binali Yıldırım'ın 10 Nisan 2017 Aydın mitinginde yaptığı konuşma
22333	tr.wikisource.org	Binali Yıldırım'ın 1 Mart 2017 Tokat mitinginde yaptığı konuşma
22335	tr.wikisource.org	Binali Yıldırım'ın 16 Mart 2017 Çankırı mitinginde yaptığı konuşma
22336	tr.wikisource.org	Binali Yıldırım'ın 2 Nisan 2017 Kayseri mitinginde yaptığı konuşma
22338	tr.wikisource.org	Kemal Kılıçdaroğlu'nun 11 Nisan 2017 Bursa mitinginde yaptığı konuşma
22340	tr.wikisource.org	Sırrı Süreyya Önder'in 14 Şubat 2017 HDP grup toplantısında yaptığı konuşma
22370	tr.wikisource.org	Yeni Ahit/Matta/2
22374	tr.wikisource.org	Yeni Ahit/Matta/4
22390	tr.wikisource.org	Yeni Ahit/Matta/6
22406	tr.wikisource.org	Kur'an/Tegâbün Suresi
22409	tr.wikisource.org	Kur'an/Mülk Suresi
22416	tr.wikisource.org	Yeni Ahit/Matta/8
22418	tr.wikisource.org	Kur'an/Kalem Suresi
22431	tr.wikisource.org	Kur'an/Nûh Suresi
22433	tr.wikisource.org	Kur'an/Cin Suresi
22448	tr.wikisource.org	Yeni Ahit/Matta/11
22651	tr.wikisource.org	Ahmet Şık'ın 26 Temmuz 2017'de Cumhuriyet Davası'ndaki savunması
22653	tr.wikisource.org	Akın Atalay'ın 24 Temmuz 2017'de Cumhuriyet Davası'ndaki savunması
22658	tr.wikisource.org	Kadri Gürsel'in 24 Temmuz 2017'de Cumhuriyet Davası'ndaki savunması
22660	tr.wikisource.org	Hakan Kara'nın 26 Temmuz 2017'de Cumhuriyet Davası'ndaki savunması
22703	tr.wikisource.org	İsmet İnönü'nün Cemal Gürsel'e 13 Eylül 1961 tarihli mektubu
22726	tr.wikisource.org	Ertuğrul Kürkçü'nün 5 Eylül 2017'deki savunması
22730	tr.wikisource.org	Selahattin Demirtaş'ın 16 Mart 2017'deki savunması
22732	tr.wikisource.org	Besime Konca'nın 17 Mart 2017'deki savunması
22735	tr.wikisource.org	Selahattin Demirtaş'ın 25 Kasım 2016'daki savunması
22738	tr.wikisource.org	Selahattin Demirtaş'ın 20 Aralık 2016'daki savunması
22744	tr.wikisource.org	Selahattin Demirtaş'ın 20 Şubat 2017'de Diyarbakır'daki ifadesi
22747	tr.wikisource.org	Selahattin Demirtaş'ın 23 Şubat 2017'deki savunması
22749	tr.wikisource.org	Selahattin Demirtaş'ın 7 Mart 2017'deki savunması
22768	tr.wikisource.org	Kânûn-ı Esâsî/7 Zilhicce 1293 Tarihli Kânûn-ı Esâsînin Bazı Mevadd-ı Muaddelesine Dair Kanun
22774	tr.wikisource.org	II. Abdülhamid'in Meclis-i Mebusan'ı açış nutku
22793	tr.wikisource.org	Teşkîlât-ı Esâsîye Kanunu (1924)/1924 tarih ve 491 sayılı Teşkîlât-ı Esâsîye Kanununun bazı hükümlerinin kaldırılması ve bazı hükümlerinin değiştirilmesi hakkında geçici kanun
22796	tr.wikisource.org	Teşkîlât-ı Esâsîye Kanunu (1924)/12 Haziran 1960 tarihli ve 1 sayılı geçici Kanuna ek "Kurucu Meclis Teşkili" hakkındaki Kanun
22816	tr.wikisource.org	Nutuk/4. bölüm/Yahya Kaptan meselesi
22827	tr.wikisource.org	Nutuk/4. bölüm/İtilâf Devletlerinin Karadeniz başkumandanı Osmanlı Devleti'nin harbiye nâzırına doğrudan doğruya talimat ve emir vermektedir
22837	tr.wikisource.org	Nutuk/5. bölüm/Harbiye Nâzırı Cemal Paşa'nın işten uzaklaştırılması teklifi karşısında Ali Rıza Paşa Kabinesi
22842	tr.wikisource.org	Nutuk/5. bölüm/Aldatıcı vaitler, ağır iftiralar
22865	tr.wikisource.org	Sefâretnâme-i Şâhî
22889	tr.wikisource.org	Nutuk/7. bölüm/Yunan taarruzu karşısında millî cephelerin bozulması üzerine mecliste şiddetli ta'rîzât ve tenkidât
22893	tr.wikisource.org	Nutuk/7. bölüm/Celâlettin Arif ve Hüseyin Avni Beylerin Erzurum'a gidişi ve oradan ortaya attıkları meseleler
22897	tr.wikisource.org	Nutuk/7. bölüm/Celâlettin Arif Bey'in ültimatomu
22921	tr.wikisource.org	Nutuk/9. bölüm/Ethem, Tevfik Kardeşler ve kendilerinin hemfikri olan bazı arkadaşlarının hükûmet-i milliyeye isyanı
22929	tr.wikisource.org	Nutuk/10. bölüm/Reşit Bey orduyu ızlâle teşebbüs ediyor
22932	tr.wikisource.org	Nutuk/10. bölüm/Çerkes Ethem'e bir nasihat heyeti gönderiliyor
22937	tr.wikisource.org	Nutuk/10. bölüm/Ethem ve kardeşleri kâmilen imhâ edilmekten kurtulabilmelerini Refet Paşa'ya medyûndurlar
22943	tr.wikisource.org	Nutuk/10. bölüm/İlk Teşkilât-ı Esasiye Kanunumuzun tarihçesi
22958	tr.wikisource.org	Nutuk/11. bölüm/Londra Konferansı'ndan dönen Hariciye Vekili Bekir Sami Bey'in imzaladığı mukavelenameler
22963	tr.wikisource.org	Nutuk/11. bölüm/Kâzım Karabekir Paşa devlet şeklinin tarihî tebeddülâtı teşebbüslerinde ricâl-i askeriye ve mülkiyenin lâzımı gibi mütâlaat alınmalıdır diyor
22990	tr.wikisource.org	Nutuk/12. bölüm/Sakarya Meydan Muharebesi
23001	tr.wikisource.org	Nutuk/12. bölüm/Fransa hükûmeti ile temas ve Ankara İtilâfnamesi
23002	tr.wikisource.org	Nutuk/12. bölüm/Pontus meselesi
23007	tr.wikisource.org	Nutuk/12. bölüm/İkinci Grup teşekkül ediliyor
23014	tr.wikisource.org	Nutuk/12. bölüm/22 Mart 338 tarihli mütareke teklifi
23017	tr.wikisource.org	Nutuk/12. bölüm/Memleketin menfaat-i âliyesi namına başkumandanlık vazifesini ifaya devam kararını verdim
23026	tr.wikisource.org	Nutuk/13. bölüm/Birinci Ordu Kumandanı Ali İhsan Paşa'nın ihdas ettiği vaziyetler
23060	tr.wikisource.org	Nutuk/14. bölüm/Din oyunu aktörleri halifeyi İslâm-şümûl bir hükümdar yapmak istiyorlardı
23062	tr.wikisource.org	Nutuk/14. bölüm/Teşkilât-ı Esasiye Kanununda ukde noktaları
23076	tr.wikisource.org	Nutuk/15. bölüm/Nurettin Paşa'nın re'sen mebus olmak teşebbüsü ve neşrettiği tercüme-i hâl
23077	tr.wikisource.org	Nutuk/15. bölüm/Nurettin Paşa'nın ve babası Müşir İbrahim Paşa'nın Meşrûtiyet İnkılâbı'na suret ve derece-i temaslarına ait hatıralarım
23086	tr.wikisource.org	Nutuk/15. bölüm/Mondros Mütarekesi'nden sonra Türkiye'ye yapılan dört sulh teklifi arasında bir mukayese
23089	tr.wikisource.org	Nutuk/15. bölüm/Yunan tamiratı meselesinden dolayı İsmet Paşa ile Heyet-i Vekile arasında hâsıl olan nokta-i nazar farkı ve gerginlik
23091	tr.wikisource.org	Nutuk/15. bölüm/Meseleyi hal için bir tarafa hak vererek diğer tarafı ilzam etmek sistemini tatbik etmedim
23116	tr.wikisource.org	Nutuk/16. bölüm/29 Teşrinievvel 1923 günü Halk Fırkası Grubu'nda cereyan eden müzâkerât
23118	tr.wikisource.org	Nutuk/16. bölüm/28/29 Teşrinievvel gecesi hazırladığım teklif-i kanunî müsveddesini müdâvele-i efkâr ettim
23122	tr.wikisource.org	Nutuk/16. bölüm/Cumhuriyetin ilânından milletin duyduğu umumî ve samimî sürûra iştirakte tereddüt edip endişeye düşenler
23125	tr.wikisource.org	Nutuk/16. bölüm/Cumhuriyetin ilânıyla boşa çıkan ümitler
23144	tr.wikisource.org	Nutuk/18. bölüm/"Cumhuriyet" sözünü söylemeye Rauf Bey'in ağzı varmıyordu
23149	tr.wikisource.org	Nutuk/18. bölüm/Terakkiperver Cumhuriyet Fırkası ve en hain dimağların mahsulü olan programı
23152	tr.wikisource.org	Nutuk/18. bölüm/Memlekette sükûn ve asayiş tesisi için tatbik edilen fevkalâde tedbirlerin feyizli neticeleri
23163	tr.wikisource.org	Özlem Dalkıran'ın 25 Ekim 2017'de Büyükada Davası'ndaki savunması
23171	tr.wikisource.org	Yeni Ahit/Matta/16
23180	tr.wikisource.org	Murat Sabuncu'nun 25 Temmuz 2017'de Cumhuriyet Davası'ndaki savunması
23181	tr.wikisource.org	Murat Sabuncu'nun 31 Ekim 2017'de Cumhuriyet Davası'ndaki savunması
23182	tr.wikisource.org	Ahmet Şık'ın 14 Şubat 2017'de Oda TV Davasındaki savunması
23226	tr.wikisource.org	Pervin Buldan'ın 4 Kasım 2017 Demokratik Siyasete ve Basına Özgürlük Paneli açılış konuşması
23233	tr.wikisource.org	Yeni Ahit/Matta/19
23238	tr.wikisource.org	Yeni Ahit/Matta/20
23249	tr.wikisource.org	Yeni Ahit/Matta/22
23253	tr.wikisource.org	Figen Yüksekdağ'ın 6 Aralık 2017'deki savunması
23340	tr.wikisource.org	Selahattin Demirtaş'ın 14, 15, 16 Şubat 2018'deki savunması
23341	tr.wikisource.org	Ahmet Altan'ın 12-16 Şubat'taki savunması
23356	tr.wikisource.org	Sırrı Süreyya Önder'in 16 Mart 2018'deki savunması
23373	tr.wikisource.org	Selahattin Demirtaş'ın 11, 12, 13 Nisan 2018'deki savunması
23388	tr.wikisource.org	Proleter Devrim ve Dönek Kautsky
23438	tr.wikisource.org	İhtiyaç
23447	tr.wikisource.org	Ahmet Şık'ın 23 Temmuz 2018 TBMM konuşması
23588	tr.wikisource.org	İsmet İnönü'nün Adolf Hitler'e mektubu
23604	tr.wikisource.org	Selahattin Demirtaş'ın 12, 13 Aralık 2018'deki savunması
23611	tr.wikisource.org	Selahattin Demirtaş'ın 3, 4 Ekim 2018'deki savunması
23616	tr.wikisource.org	Gençay Gürsoy'un savunması
23653	tr.wikisource.org	Selahattin Demirtaş'ın 23, 24 Ocak 2019'daki savunması
23657	tr.wikisource.org	İbrahim Kaboğlu'nun savunması
23658	tr.wikisource.org	Şebnem Korur Fincancı'nın 4 Ekim 2018'deki savunması
23659	tr.wikisource.org	Şahika Yüksel'in savunması
23661	tr.wikisource.org	Güventürk Görgülü'nün savunması
23663	tr.wikisource.org	Ceren Sözeri'nin savunması
23665	tr.wikisource.org	Ayşe Erzan'ın savunması
23666	tr.wikisource.org	Büşra Ersanlı'nın savunması
23742	tr.wikisource.org	Figen Yüksekdağ'ın 16 Ocak 2019'daki savunması
23800	tr.wikisource.org	Kur'an/Âl-i İmrân Suresi
23907	tr.wikisource.org	Figen Yüksekdağ'ın 11 Mart 2019'daki savunması
23997	tr.wikisource.org	Kitâb-ı Mukaddes/KMEYA/Tekvin/4
23999	tr.wikisource.org	Kur'an/Mâide Suresi
24034	tr.wikisource.org	Kitâb-ı Mukaddes/KMEYA/Tekvin/6
24043	tr.wikisource.org	Kur'an/En'âm Suresi
24053	tr.wikisource.org	Selahattin Demirtaş'ın 24-25 Nisan 2019'daki savunması
24116	tr.wikisource.org	Selahattin Demirtaş'ın 18-19 Haziran 2019'daki savunması
24118	tr.wikisource.org	Osman Kavala'nın 24 Haziran 2019'daki savunması
24119	tr.wikisource.org	Yiğit Aksakoğlu'nun 24 Haziran 2019'daki savunması
24148	tr.wikisource.org	Selahattin Demirtaş'ın 16-17 Temmuz 2019'daki savunması
24150	tr.wikisource.org	Canan Kaftancıoğlu'nun 18 Temmuz 2019'daki savunması
24364	tr.wikisource.org	Kur'an/A'râf Suresi
24365	tr.wikisource.org	Kur'an/Enfâl Suresi
24366	tr.wikisource.org	Kur'an/Tevbe Suresi
24367	tr.wikisource.org	Kur'an/Yûnus Suresi
24368	tr.wikisource.org	Kur'an/Hûd Suresi
24370	tr.wikisource.org	Kur'an/İbrâhîm Suresi
24371	tr.wikisource.org	Kur'an/Hicr Suresi
24374	tr.wikisource.org	Kur'an/Kehf Suresi
24375	tr.wikisource.org	Kur'an/Meryem Suresi
24376	tr.wikisource.org	Kur'an/Tâhâ Suresi
24377	tr.wikisource.org	Kur'an/Enbiyâ Suresi
24378	tr.wikisource.org	Kur'an/Hac Suresi
24386	tr.wikisource.org	Kur'an/Mü'minûn Suresi
24387	tr.wikisource.org	Kur'an/Nûr Suresi
24388	tr.wikisource.org	Kur'an/Furkân Suresi
24389	tr.wikisource.org	Kur'an/Şuarâ Suresi
24402	tr.wikisource.org	Kur'an/Haşr Suresi
24403	tr.wikisource.org	Kur'an/Mücâdele Suresi
24404	tr.wikisource.org	Kur'an/Hadîd Suresi
24406	tr.wikisource.org	Kur'an/Rahmân Suresi
24407	tr.wikisource.org	Kur'an/Kamer Suresi
24410	tr.wikisource.org	Kur'an/Zâriyât Suresi
24415	tr.wikisource.org	Kur'an/Ahkâf Suresi
24417	tr.wikisource.org	Kur'an/Duhân Suresi
24418	tr.wikisource.org	Kur'an/Zuhruf Suresi
24420	tr.wikisource.org	Kur'an/Fussilet Suresi
24421	tr.wikisource.org	Kur'an/Mü'min Suresi
24423	tr.wikisource.org	Kur'an/Sâd Suresi
24424	tr.wikisource.org	Kur'an/Sâffât Suresi
24428	tr.wikisource.org	Kur'an/Ahzâb Suresi
24429	tr.wikisource.org	Kur'an/Secde Suresi
24431	tr.wikisource.org	Kur'an/Rûm Suresi
24432	tr.wikisource.org	Kur'an/Ankebût Suresi
24433	tr.wikisource.org	Kur'an/Kasas Suresi
24459	tr.wikisource.org	Figen Yüksekdağ'ın 26 Temmuz 2019'daki savunması
24460	tr.wikisource.org	Figen Yüksekdağ'ın 27 Eylül 2019'daki savunması
24463	tr.wikisource.org	Selahattin Demirtaş'ın 7-8 Ocak 2020'deki savunması
24495	tr.wikisource.org	Encümen-i Daniş Nizamnamesi
24529	tr.wikisource.org	Şiir ve İnşâ
24533	tr.wikisource.org	Kemal Kılıçdaroğlu'nun 1 Şubat 2020'de Elazığ Deprem Sunum Toplantısı'nda yaptığı konuşma
24534	tr.wikisource.org	Kemal Kılıçdaroğlu'nun 4 Şubat 2020 tarihli CHP grup toplantısında yaptığı konuşma
24535	tr.wikisource.org	Kemal Kılıçdaroğlu'nun 28 Ocak 2020 tarihli CHP grup toplantısında yaptığı konuşma
24541	tr.wikisource.org	Kemal Kılıçdaroğlu'nun 29 Mart 2019 Manisa mitinginde yaptığı konuşma
24542	tr.wikisource.org	Kemal Kılıçdaroğlu'nun 30 Mart 2019 Ankara mitinginde yaptığı konuşma
24544	tr.wikisource.org	Kemal Kılıçdaroğlu'nun 28 Mart 2019 Bursa mitinginde yaptığı konuşma
24545	tr.wikisource.org	Kemal Kılıçdaroğlu'nun 25 Mart 2019 Zonguldak mitinginde yaptığı konuşma
24546	tr.wikisource.org	Kemal Kılıçdaroğlu'nun 23 Mart 2019 Artvin mitinginde yaptığı konuşma
24547	tr.wikisource.org	Kemal Kılıçdaroğlu'nun 21 Mart 2019 Kocaeli mitinginde yaptığı konuşma
24548	tr.wikisource.org	Kemal Kılıçdaroğlu'nun 28 Eylül 2017 Alaşehir Üzüm Mitinginde yaptığı konuşma
24550	tr.wikisource.org	Kemal Kılıçdaroğlu'nun 7 Nisan 2018 Şeker Vatandır Vatan Satılmaz mitinginde yaptığı konuşma
24551	tr.wikisource.org	Kemal Kılıçdaroğlu'nun 8 Nisan 2017 Trabzon mitinginde yaptığı konuşma
24577	tr.wikisource.org	Can Atalay'ın 25 Haziran 2019'daki savunması
24578	tr.wikisource.org	Mücella Yapıcı'nın 24 Haziran 2019'daki savunması
24990	tr.wikisource.org	Su Ürünleri̇ Kanununda Deği̇şi̇kli̇k Yapılmasına Dai̇r Kanun
24993	tr.wikisource.org	Türki̇ye Adalet Akademi̇si̇ Kanunu (Mülga)
25007	tr.wikisource.org	Nişancı Celâlzâde Mustafa Çelebi Mektubu
25014	tr.wikisource.org	Şehzade Bayezid Mektubu
25257	tr.wikisource.org	Sağduyu Tanrısızlığın İlmihali/Evrenin Düzeni de Bir Allah'ın Varlığını Kanıtlamaz
25305	tr.wikisource.org	Sağduyu Tanrısızlığın İlmihali/Cehennemin Sürekli Ceza ve Eziyet İnancını İcat Etmekle…
25316	tr.wikisource.org	Sağduyu Tanrısızlığın İlmihali/Tanrının İsteği İnsan İçin Tanrısal Bir Sırdır, İnsanın Bu Sırrı İnceleme ve Bu Konuda Bir Karar Verme Hakkı Yoktur Demek Saçmadır
25327	tr.wikisource.org	Sağduyu Tanrısızlığın İlmihali/İlahiyat, Ancak, Allah'ına Güçlülük Hakkı, Yani Bütün Haklara Tecavüz Hakkı Vererek…
25345	tr.wikisource.org	Sağduyu Tanrısızlığın İlmihali/Ahret Hayatı İnanışının Avutuculuğu Gerçeğe Aykırıdır; Avutucu Olsa Bile, Bundan İnanışın Doğruluğunun Çıkarılması Gerekmez
25358	tr.wikisource.org	Sağduyu Tanrısızlığın İlmihali/Din Konusunda Kuşkuculuk, Teolojik İlkelerin Yüzeysel ve Derin Olmayan Bir Araştırma ve İncelenmesinin Sonucudur
25374	tr.wikisource.org	Sağduyu Tanrısızlığın İlmihali/Yalnız Tek Bir Hak Dini Olduğunu Öğretmek Bir Saçmalıktır ve Milletlerde Bir Karışıklık Nedenidir
25399	tr.wikisource.org	Sağduyu Tanrısızlığın İlmihali/İzleyicilerinin İlahı Hazreti İsa Hakkında
25404	tr.wikisource.org	Sağduyu Tanrısızlığın İlmihali/İlahiyatçıların Öğrettiği ve Uyguladığı Biçimiyle Hıristiyan İyilikseverliği Nasıl Bir Sonuç Doğurur
25409	tr.wikisource.org	Sağduyu Tanrısızlığın İlmihali/Dinle Siyasetin Birleşmesinin, Gerek Hükümdarlar Gerekse Kavimler İçin Ne Kadar Kötü Olduğu Hakkında
25429	tr.wikisource.org	Sağduyu Tanrısızlığın İlmihali/Dinin Yerine Felsefe Geçseydi, Evrende Ne Kadar Mutlu ve Büyük Devrimler Gerçekleşirdi
25444	tr.wikisource.org	Sağduyu Tanrısızlığın İlmihali/İnsan Ruhunun Maneviyatını, İlahiyatın Ne Kadar Kısıtladığı ve Kültür, Akıl ve Gerçek Işıklarının İlerlemesini Ne Kadar Ertelediği Hakkında
25450	tr.wikisource.org	Resmî Gazete (26 Mart 2020 - 1. Mükerrer)/7226 Numaralı Kanun (25 Mart 2020)
25469	tr.wikisource.org	Resmî Gazete (27 Mart 2020)/DHMİ Balıkesir Merkez Havalimanı Müdürlüğünün 27 Mart 2020 Tarihli İhale İlanı
25568	tr.wikisource.org	Şûrâ-yı Devlet Bâb-ı Seraskerî Mesâlihi
25587	tr.wikisource.org	Nedim Bey Merhum
25618	tr.wikisource.org	Mehdi
25697	tr.wikisource.org	Osman Şems’in Nef‘î’nin Na‘tine Naziresi
25698	tr.wikisource.org	Hülâsâ-i Ahvâli’l-Buldan fi Memâlik-i Devlet-i Âl-i Osmân
25730	tr.wikisource.org	Resmî Gazete (14 Nisan 2020)/Cumhurbaşkanlığı Teşkilatı Hakkında Cumhurbaşkanlığı Kararnamesinde Değişiklik Yapılmasına Dair Cumhurbaşkanlığı Kararnamesi
25736	tr.wikisource.org	Müjde
25742	tr.wikisource.org	Resmî Gazete (14 Nisan 2020)/Yurt Dışında Organize Sanayi Bölgesi Kurulması, İşletilmesi ve Bu Kapsamdaki Desteklere İlişkin Usul ve Esaslar Hakkında Karar
25747	tr.wikisource.org	Resmî Gazete (14 Nisan 2020)/Anayasa Mahkemesinin 26/2/2020 Tarihli ve 2015/3324 Başvuru Numaralı Kararı
25970	tr.wikisource.org	Astsubay Meslek Yüksek Okulları Kanunu
25972	tr.wikisource.org	Wikimedia Foundation Inc. ve Diğerleri Başvurusu
25985	tr.wikisource.org	Resmî Gazete (16 Nisan 2020)/Adana Şehir Eğitim ve Araştırma Hastanesi Başhekimliğinden
26039	tr.wikisource.org	Cumhuriyet Senatosu Tutanakları/20 Ekim 1961/Birinci Oturum/Başkanlık Divanı Seçimi
26084	tr.wikisource.org	Kapadokya Alanı Hakkında Kanun
26134	tr.wikisource.org	4721 Sayılı Türk Medeni Kanunu/İKİNCİ KİTAP: AİLE HUKUKU
26135	tr.wikisource.org	4721 Sayılı Türk Medeni Kanunu/ÜÇÜNCÜ KİTAP : MİRAS HUKUKU
26136	tr.wikisource.org	4721 Sayılı Türk Medeni Kanunu/DÖRDÜNCÜ KİTAP : EŞYA HUKUKU
26137	tr.wikisource.org	4721 Sayılı Türk Medeni Kanunu/BİRİNCİ KİTAP: KİŞİLER HUKUKU/BİRİNCİ KISIM: GERÇEK KİŞİLER
26138	tr.wikisource.org	4721 Sayılı Türk Medeni Kanunu/BİRİNCİ KİTAP: KİŞİLER HUKUKU/İKİNCİ KISIM : TÜZEL KİŞİLER
26188	tr.wikisource.org	Türkiye İşçi Partisi tüzüğü
26696	tr.wikisource.org	Recep Tayyip Erdoğan'ın 3 Nisan 2020 tarihli ulusa sesleniş konuşması
26697	tr.wikisource.org	Recep Tayyip Erdoğan'ın 30 Mart 2020 tarihli ulusa sesleniş konuşması
26698	tr.wikisource.org	Recep Tayyip Erdoğan'ın 27 Mart 2020 tarihli ulusa sesleniş konuşması
26723	tr.wikisource.org	Resmî Gazete (3 Mayıs 2020)/Isparta Uygulamalı Bilimler Üniversitesi Enerji Uygulama ve Araştırma Merkezi Yönetmeliği
26724	tr.wikisource.org	Resmî Gazete (3 Mayıs 2020)/İskenderun Teknik Üniversitesi Deniz Ürünleri Üretim Uygulama ve Araştırma Merkezi Yönetmeliği
26836	tr.wikisource.org	Yeni Ahit/Matta/24
26837	tr.wikisource.org	Yeni Ahit/Matta/25
26838	tr.wikisource.org	Yeni Ahit/Matta/26
26877	tr.wikisource.org	Yeni Ahit/Matta/27
26901	tr.wikisource.org	Yeni Ahit/Markos/1
26902	tr.wikisource.org	Yeni Ahit/Markos/2
26903	tr.wikisource.org	Yeni Ahit/Markos/3
26915	tr.wikisource.org	Yeni Ahit/Markos/4
26916	tr.wikisource.org	Yeni Ahit/Markos/5
26927	tr.wikisource.org	Yeni Ahit/Markos/7
26983	tr.wikisource.org	Yeni Ahit/Markos/9
26987	tr.wikisource.org	Yeni Ahit/Markos/11
27026	tr.wikisource.org	Yeni Ahit/Markos/14
27041	tr.wikisource.org	Yeni Ahit/Markos/15
27043	tr.wikisource.org	Yeni Ahit/Luka/1
27077	tr.wikisource.org	Yeni Ahit/Luka/3
27085	tr.wikisource.org	Yeni Ahit/Luka/5
27090	tr.wikisource.org	Yeni Ahit/Luka/7
27092	tr.wikisource.org	Yeni Ahit/Luka/9
27097	tr.wikisource.org	Yeni Ahit/Luka/10
27114	tr.wikisource.org	Yeni Ahit/Luka/11
27123	tr.wikisource.org	Yeni Ahit/Luka/12
27134	tr.wikisource.org	Yeni Ahit/Luka/13
27149	tr.wikisource.org	Yeni Ahit/Luka/17
27182	tr.wikisource.org	Yeni Ahit/Luka/24
27190	tr.wikisource.org	Yeni Ahit/Yuhanna/1
27215	tr.wikisource.org	Yeni Ahit/Yuhanna/4
27217	tr.wikisource.org	Yeni Ahit/Yuhanna/5
27224	tr.wikisource.org	Yeni Ahit/Yuhanna/6
27306	tr.wikisource.org	Yeni Ahit/Yuhanna/8
27307	tr.wikisource.org	Yeni Ahit/Yuhanna/9
27314	tr.wikisource.org	Yeni Ahit/Yuhanna/12
27375	tr.wikisource.org	Yeni Ahit/Yuhanna/14
27405	tr.wikisource.org	Yeni Ahit/Yuhanna/17
27406	tr.wikisource.org	Yeni Ahit/Yuhanna/18
27414	tr.wikisource.org	Yeni Ahit/Yuhanna/19
27438	tr.wikisource.org	Yeni Ahit/Yuhanna/20
27439	tr.wikisource.org	Yeni Ahit/Yuhanna/21
28510	tr.wikisource.org	Dîvânü Lugâti't-Türk/Dizin/T
28531	tr.wikisource.org	Dîvânü Lugâti't-Türk/Dizin/Ç
28534	tr.wikisource.org	Dîvânü Lugâti't-Türk/Dizin/A
28618	tr.wikisource.org	Ahmet Necdet Sezer'in Türk Dil Kurumu'nun 75. kuruluş yıldönümü için düzenlenen etkinlikteki konuşması
28619	tr.wikisource.org	Ahmet Necdet Sezer'in And İçme Töreninden Sonra TBMM'de Yaptığı Teşekkür Konuşması
28621	tr.wikisource.org	Ahmet Necdet Sezer'in Anayasa Mahkemesinin 37. kuruluş yıldönümünde yaptığı konuşma
28622	tr.wikisource.org	Ahmet Necdet Sezer'in Anayasa Mahkemesinin 38. kuruluş yıldönümünde yaptığı konuşma
28623	tr.wikisource.org	Kasîde-i Merhum Agehi Efendi tahmis-i Monla Mehemmed Efendi
28634	tr.wikisource.org	Sivas Katliamı olay yeri keşif tutanağı
28645	tr.wikisource.org	Aziz Nesin'in Sivas Katliamı'na ilişkin savcılık ifadesi
28647	tr.wikisource.org	Demet Işık'ın Sivas Katliamı'na ilişkin savcılık ifadesi
28648	tr.wikisource.org	Doğukan Öner'in Sivas Katliamı'na ilişkin savcılık ifadesi
28650	tr.wikisource.org	Nevzat Aydın'ın Sivas Katliamı'na ilişkin Sivas Emniyet Müdürlüğündeki ifadesi
28820	tr.wikisource.org	Pervin Buldan'ın 14 Temmuz 2020 HDP grup toplantısı konuşması
28821	tr.wikisource.org	Pervin Buldan'ın 30 Haziran 2020 HDP grup toplantısı konuşması
29182	tr.wikisource.org	Kemal Kılıçdaroğlu'nun eğitim sistemine ilişkin basın açıklaması (16 Eylül 2020)
29183	tr.wikisource.org	Kemal Kılıçdaroğlu'nun CHP'nin 97. kuruluş yıldönümü için yaptığı konuşma
29184	tr.wikisource.org	Kemal Kılıçdaroğlu'nun 23 Mart 2020'de COVID-19 ile ilgili yaptığı konuşma
29188	tr.wikisource.org	Fahrettin Koca'nın Koronavirüs Bilim Kurulu toplantısına ilişkin açıklaması (22 Temmuz 2020)
29193	tr.wikisource.org	Türk Tabipleri Birliği'nin 30 Mart 2020 tarihli COVID-19 pandemisiyle ilgili basın açıklaması
29194	tr.wikisource.org	Türk Tabipleri Birliği'nin 17 Temmuz 2020 tarihli COVID-19 pandemisiyle ilgili basın açıklaması
29201	tr.wikisource.org	DİSK'in, Covid-19 pandemisine ilişkin basın açıklaması (30 Mart 2020)
29202	tr.wikisource.org	Ünal Çeviköz'ün COVID-19 Konusundaki Uluslararası Gelişmelere İlişkin Basın Açıklaması
29204	tr.wikisource.org	Mersin Tabip Odası'nın 5 Ağustos 2020 tarihli basın açıklaması
29206	tr.wikisource.org	Antalya Valiliğinin 2020/6 No'lu Genelgesi
29212	tr.wikisource.org	Recep Tayyip Erdoğan'ın 15 Temmuz 2020 tarihli ulusa sesleniş konuşması
29213	tr.wikisource.org	Recep Tayyip Erdoğan'ın 18 Mayıs 2020'deki kabine toplantısının ardından yaptığı konuşma
29214	tr.wikisource.org	Recep Tayyip Erdoğan'ın 4 Mayıs 2020'deki kabine toplantısının ardından yaptığı konuşma
29217	tr.wikisource.org	Türk Tabipleri Birliği'nin 7 Ağustos 2020 tarihli basın açıklaması
29225	tr.wikisource.org	TMMOB Makina Mühendisleri Odası'nın 19 Nisan 2020 tarihli basın açıklaması
29228	tr.wikisource.org	81 İl Valiliğine İnternet Kafeleri, Salonları ve Elektronik Oyun Yerleri Genelgesi
29229	tr.wikisource.org	81 İl Valiliğine Koronavirüs Tedbirleri Konulu Ek Genelge
29235	tr.wikisource.org	Çekmeköy Kaymakamlığının bir Covid-19 hastasının iddialarına ilişkin basın açıklaması (24 Eylül 2020)
29241	tr.wikisource.org	Yükseköğretim Kurulunun Covid-19 pandemisine ilişkin basın açıklaması (18 Mart 2020)
29243	tr.wikisource.org	Ankara Tabip Odası'nın Covid-19 pandemisine ilişkin basın açıklaması (21 Ağustos 2020)
29252	tr.wikisource.org	EGED'in, COVID-19 pandemisinde görme engellilerin uzaktan eğitime erişim durumu hakkında basın açıklaması (Mayıs 2021)
29257	tr.wikisource.org	Mültecilerle Dayanışma Derneği'nin Pazarkule'ye ilişkin basın açıklaması (20 Nisan 2020)
29519	tr.wikisource.org	Gaziantep-Kilis Tabip Odası'nın 29 Temmuz 2020 tarihli basın açıklaması
29834	tr.wikisource.org	Ekim Dersleri/1. Bölüm
29835	tr.wikisource.org	Ekim Dersleri/2. Bölüm
29838	tr.wikisource.org	Ekim Dersleri/5. Bölüm
29839	tr.wikisource.org	Ekim Dersleri/6. Bölüm
29840	tr.wikisource.org	Ekim Dersleri/7. Bölüm
29841	tr.wikisource.org	Ekim Dersleri/8. Bölüm
29954	tr.wikisource.org	Çin'in Gelişmesi Dünya İçin Fırsattır
29993	tr.wikisource.org	Türkiye Bina Deprem Yönetmeliği/Ek/Bölüm 1
30001	tr.wikisource.org	Türkiye Bina Deprem Yönetmeliği/Ek/Bölüm 2
30002	tr.wikisource.org	Türkiye Bina Deprem Yönetmeliği/Ek/Bölüm 3
30018	tr.wikisource.org	Türkiye Bina Deprem Yönetmeliği/Ek/Bölüm 6
30034	tr.wikisource.org	Türkiye Bina Deprem Yönetmeliği/Ek/Bölüm 5
30042	tr.wikisource.org	Türkiye Bina Deprem Yönetmeliği/Ek/Bölüm 7
30398	tr.wikisource.org	Yeni Ahit/Resullerin İşleri/2
30400	tr.wikisource.org	Yeni Ahit/Resullerin İşleri/4
30418	tr.wikisource.org	Yeni Ahit/Resullerin İşleri/9
30466	tr.wikisource.org	Yeni Ahit/Resullerin İşleri/10
30493	tr.wikisource.org	Yeni Ahit/Resullerin İşleri/11
30496	tr.wikisource.org	Yeni Ahit/Resullerin İşleri/13
30505	tr.wikisource.org	Yeni Ahit/Resullerin İşleri/15
30519	tr.wikisource.org	Yeni Ahit/Resullerin İşleri/20
30520	tr.wikisource.org	Yeni Ahit/Resullerin İşleri/21
30524	tr.wikisource.org	Yeni Ahit/Resullerin İşleri/22
30528	tr.wikisource.org	Yeni Ahit/Resullerin İşleri/24
30542	tr.wikisource.org	Yeni Ahit/Resullerin İşleri/25
30543	tr.wikisource.org	Yeni Ahit/Resullerin İşleri/26
30544	tr.wikisource.org	Yeni Ahit/Resullerin İşleri/27
30545	tr.wikisource.org	Yeni Ahit/Resullerin İşleri/28
30553	tr.wikisource.org	Yeni Ahit/Romalılara/1
30557	tr.wikisource.org	Yeni Ahit/Romalılara/3
