scheme,condition,wm,prompt_id,seed,score,stat,n_tokens,edits,rejected,short,src
KGW,clean,0,0,11,-1.2977713690461004,-1.2977713690461004,951,0,0,0,neg
KGW,clean,0,0,12,-0.2568645196271742,-0.2568645196271742,971,0,0,0,neg
KGW,clean,0,0,13,-0.909363506104144,-0.909363506104144,1018,0,0,0,neg
KGW,clean,0,0,14,-0.2955987834492879,-0.2955987834492879,928,0,0,0,neg
KGW,clean,0,1,11,-1.2026755886059097,-1.2026755886059097,897,0,0,0,neg
KGW,clean,0,1,12,-2.2125349253908184,-2.2125349253908184,918,0,0,0,neg
KGW,clean,0,1,13,-0.8819171036881969,-0.8819171036881969,1009,0,0,0,neg
KGW,clean,0,1,14,0.9576643706915483,0.9576643706915483,918,0,0,0,neg
KGW,clean,0,2,11,1.2447313859527949,1.2447313859527949,933,0,0,0,neg
KGW,clean,0,2,12,0.6006654653369373,0.6006654653369373,802,0,0,0,neg
KGW,clean,0,2,13,-1.5471969959791478,-1.5471969959791478,1004,0,0,0,neg
KGW,clean,0,2,14,0.38892223413129867,0.38892223413129867,953,0,0,0,neg
KGW,clean,0,3,11,0.2221382855913819,0.2221382855913819,994,0,0,0,neg
KGW,clean,0,3,12,0.9322980214968376,0.9322980214968376,903,0,0,0,neg
KGW,clean,0,3,13,2.744793155812663,2.744793155812663,960,0,0,0,neg
KGW,clean,0,3,14,1.2205392106525912,1.2205392106525912,1022,0,0,0,neg
KGW,clean,0,4,11,-1.0370654891554296,-1.0370654891554296,1140,0,0,0,neg
KGW,clean,0,4,12,-1.3804027713039488,-1.3804027713039488,1017,0,0,0,neg
KGW,clean,0,4,13,-0.19324698792024925,-0.19324698792024925,965,0,0,0,neg
KGW,clean,0,4,14,-1.8508973673741775,-1.8508973673741775,884,0,0,0,neg
KGW,clean,0,5,11,3.2576479150838735,3.2576479150838735,816,0,0,0,neg
KGW,clean,0,5,12,0.8480669144409478,0.8480669144409478,870,0,0,0,neg
KGW,clean,0,5,13,-0.5877208336035052,-0.5877208336035052,939,0,0,0,neg
KGW,clean,0,5,14,0.1007301416809612,0.1007301416809612,888,0,0,0,neg
KGW,clean,0,6,11,0.52851642258169,0.52851642258169,1433,0,0,0,neg
KGW,clean,0,6,12,-1.2611333222388634,-1.2611333222388634,1007,0,0,0,neg
KGW,clean,0,6,13,0.45845460404900223,0.45845460404900223,1219,0,0,0,neg
KGW,clean,0,6,14,1.8569614484488353,1.8569614484488353,1152,0,0,0,neg
KGW,clean,0,7,11,-2.1262575813923053,-2.1262575813923053,907,0,0,0,neg
KGW,clean,0,7,12,-2.487592975524973,-2.487592975524973,910,0,0,0,neg
KGW,clean,0,7,13,-0.30890103160760773,-0.30890103160760773,1049,0,0,0,neg
KGW,clean,0,7,14,0.16511454667095662,0.16511454667095662,918,0,0,0,neg
KGW,clean,0,8,11,-0.43301270189221935,-0.43301270189221935,769,0,0,0,neg
KGW,clean,0,8,12,-0.8528028654224418,-0.8528028654224418,793,0,0,0,neg
KGW,clean,0,8,13,-0.621997473274912,-0.621997473274912,748,0,0,0,neg
KGW,clean,0,8,14,-0.8328707558159619,-0.8328707558159619,902,0,0,0,neg
KGW,clean,0,9,11,-0.711530850088466,-0.711530850088466,957,0,0,0,neg
KGW,clean,0,9,12,0.128564869306645,0.128564869306645,969,0,0,0,neg
KGW,clean,0,9,13,0.151934281365691,0.151934281365691,1084,0,0,0,neg
KGW,clean,0,9,14,0.25374459187822046,0.25374459187822046,995,0,0,0,neg
KGW,clean,0,10,11,-0.4026936331284146,-0.4026936331284146,889,0,0,0,neg
KGW,clean,0,10,12,0.7190263052677958,0.7190263052677958,854,0,0,0,neg
KGW,clean,0,10,13,1.7284978790940957,1.7284978790940957,977,0,0,0,neg
KGW,clean,0,10,14,0.9439751632913289,0.9439751632913289,1011,0,0,0,neg
KGW,clean,0,11,11,-0.03309516961607476,-0.03309516961607476,914,0,0,0,neg
KGW,clean,0,11,12,1.7656860023298393,1.7656860023298393,902,0,0,0,neg
KGW,clean,0,11,13,-0.4980668251281895,-0.4980668251281895,908,0,0,0,neg
KGW,clean,0,11,14,0.06892455167955776,0.06892455167955776,843,0,0,0,neg
KGW,clean,0,12,11,-0.7051109917667283,-0.7051109917667283,888,0,0,0,neg
KGW,clean,0,12,12,-1.9192701434654484,-1.9192701434654484,946,0,0,0,neg
KGW,clean,0,12,13,-0.687614164172529,-0.687614164172529,847,0,0,0,neg
KGW,clean,0,12,14,-0.6253926177428015,-0.6253926177428015,924,0,0,0,neg
KGW,clean,0,13,11,-1.4405881151970743,-1.4405881151970743,851,0,0,0,neg
KGW,clean,0,13,12,2.1838568563966754,2.1838568563966754,807,0,0,0,neg
KGW,clean,0,13,13,3.8015277064919317,3.8015277064919317,869,0,0,0,neg
KGW,clean,0,13,14,-1.2391564216175794,-1.2391564216175794,1043,0,0,0,neg
KGW,clean,0,14,11,-1.0136060675992289,-1.0136060675992289,877,0,0,0,neg
KGW,clean,0,14,12,-0.7682212795973759,-0.7682212795973759,977,0,0,0,neg
KGW,clean,0,14,13,-0.7466115941353748,-0.7466115941353748,950,0,0,0,neg
KGW,clean,0,14,14,-1.5689290811054721,-1.5689290811054721,937,0,0,0,neg
KGW,clean,0,15,11,0.5502760564641688,0.5502760564641688,1071,0,0,0,neg
KGW,clean,0,15,12,-0.8101300387046826,-0.8101300387046826,1031,0,0,0,neg
KGW,clean,0,15,13,1.3858697343671664,1.3858697343671664,1009,0,0,0,neg
KGW,clean,0,15,14,-1.6996731711975948,-1.6996731711975948,937,0,0,0,neg
KGW,clean,0,16,11,-1.118604851176038,-1.118604851176038,980,0,0,0,neg
KGW,clean,0,16,12,-1.6216633111876633,-1.6216633111876633,914,0,0,0,neg
KGW,clean,0,16,13,-1.5998986062890241,-1.5998986062890241,864,0,0,0,neg
KGW,clean,0,16,14,-1.1188537620401051,-1.1188537620401051,819,0,0,0,neg
KGW,clean,0,17,11,-2.517531124527155,-2.517531124527155,865,0,0,0,neg
KGW,clean,0,17,12,-1.3884202690012466,-1.3884202690012466,831,0,0,0,neg
KGW,clean,0,17,13,0.31564378072435245,0.31564378072435245,814,0,0,0,neg
KGW,clean,0,17,14,0.4824718617569043,0.4824718617569043,843,0,0,0,neg
KGW,clean,0,18,11,1.2830005981991683,1.2830005981991683,973,0,0,0,neg
KGW,clean,0,18,12,0.4803844614152614,0.4803844614152614,976,0,0,0,neg
KGW,clean,0,18,13,2.612275736998716,2.612275736998716,1035,0,0,0,neg
KGW,clean,0,18,14,1.860350867388794,1.860350867388794,973,0,0,0,neg
KGW,clean,0,19,11,2.2913516529901776,2.2913516529901776,856,0,0,0,neg
KGW,clean,0,19,12,2.1688945736725573,2.1688945736725573,927,0,0,0,neg
KGW,clean,0,19,13,1.3784910335911553,1.3784910335911553,843,0,0,0,neg
KGW,clean,0,19,14,-0.4163331998932266,-0.4163331998932266,976,0,0,0,neg
KGW,clean,0,20,11,-0.38851434494290565,-0.38851434494290565,955,0,0,0,neg
KGW,clean,0,20,12,-0.8326597992593108,-0.8326597992593108,1214,0,0,0,neg
KGW,clean,0,20,13,-0.3099764656432308,-0.3099764656432308,844,0,0,0,neg
KGW,clean,0,20,14,0.4504426164614508,0.4504426164614508,967,0,0,0,neg
KGW,clean,0,21,11,-1.4987609886374715,-1.4987609886374715,943,0,0,0,neg
KGW,clean,0,21,12,0.7027642214999339,0.7027642214999339,981,0,0,0,neg
KGW,clean,0,21,13,1.212183053462653,1.212183053462653,883,0,0,0,neg
KGW,clean,0,21,14,-0.401789718109455,-0.401789718109455,893,0,0,0,neg
KGW,clean,0,22,11,1.1448395504925055,1.1448395504925055,883,0,0,0,neg
KGW,clean,0,22,12,-0.03090485136077065,-0.03090485136077065,1048,0,0,0,neg
KGW,clean,0,22,13,1.347042702804773,1.347042702804773,1020,0,0,0,neg
KGW,clean,0,22,14,0.8125,0.8125,1025,0,0,0,neg
KGW,clean,0,23,11,0.4036036763977875,0.4036036763977875,885,0,0,0,neg
KGW,clean,0,23,12,1.9074322720192258,1.9074322720192258,894,0,0,0,neg
KGW,clean,0,23,13,1.0700983179571106,1.0700983179571106,952,0,0,0,neg
KGW,clean,0,23,14,0.7581700684751354,0.7581700684751354,843,0,0,0,neg
KGW,clean,1,0,11,8.27963171012033,8.27963171012033,957,0,0,0,pos_KGW
KGW,clean,1,0,12,7.733858380202354,7.733858380202354,956,0,0,0,pos_KGW
KGW,clean,1,0,13,8.151812975928763,8.151812975928763,804,0,0,0,pos_KGW
KGW,clean,1,0,14,6.681531047810609,6.681531047810609,897,0,0,0,pos_KGW
KGW,clean,1,1,11,8.995655846253486,8.995655846253486,922,0,0,0,pos_KGW
KGW,clean,1,1,12,9.240587726896031,9.240587726896031,1041,0,0,0,pos_KGW
KGW,clean,1,1,13,9.062277698761987,9.062277698761987,1018,0,0,0,pos_KGW
KGW,clean,1,1,14,8.369594607579055,8.369594607579055,879,0,0,0,pos_KGW
KGW,clean,1,2,11,10.072274034464716,10.072274034464716,853,0,0,0,pos_KGW
KGW,clean,1,2,12,13.31629699978385,13.31629699978385,872,0,0,0,pos_KGW
KGW,clean,1,2,13,14.983407074567156,14.983407074567156,1006,0,0,0,pos_KGW
KGW,clean,1,2,14,22.374360475114646,22.374360475114646,1800,0,0,0,pos_KGW
KGW,clean,1,3,11,8.83937379840801,8.83937379840801,893,0,0,0,pos_KGW
KGW,clean,1,3,12,9.175367231583849,9.175367231583849,919,0,0,0,pos_KGW
KGW,clean,1,3,13,8.323479926776498,8.323479926776498,1007,0,0,0,pos_KGW
KGW,clean,1,3,14,7.596651473378913,7.596651473378913,802,0,0,0,pos_KGW
KGW,clean,1,4,11,15.281998832625135,15.281998832625135,1799,0,0,0,pos_KGW
KGW,clean,1,4,12,9.851293551859756,9.851293551859756,1043,0,0,0,pos_KGW
KGW,clean,1,4,13,9.411837077072379,9.411837077072379,1017,0,0,0,pos_KGW
KGW,clean,1,4,14,8.91808690703505,8.91808690703505,1008,0,0,0,pos_KGW
KGW,clean,1,5,11,9.902881755684406,9.902881755684406,1000,0,0,0,pos_KGW
KGW,clean,1,5,12,9.568495052043222,9.568495052043222,821,0,0,0,pos_KGW
KGW,clean,1,5,13,9.559871170760692,9.559871170760692,1039,0,0,0,pos_KGW
KGW,clean,1,5,14,9.018411919761837,9.018411919761837,845,0,0,0,pos_KGW
KGW,clean,1,6,11,13.952869320594242,13.952869320594242,1406,0,0,0,pos_KGW
KGW,clean,1,6,12,12.053357900171186,12.053357900171186,1130,0,0,0,pos_KGW
KGW,clean,1,6,13,12.714915050766225,12.714915050766225,1113,0,0,0,pos_KGW
KGW,clean,1,6,14,13.70109484676316,13.70109484676316,1301,0,0,0,pos_KGW
KGW,clean,1,7,11,12.031339828768607,12.031339828768607,957,0,0,0,pos_KGW
KGW,clean,1,7,12,14.575757575757576,14.575757575757576,1090,0,0,0,pos_KGW
KGW,clean,1,7,13,13.810644319339758,13.810644319339758,948,0,0,0,pos_KGW
KGW,clean,1,7,14,12.574786066506075,12.574786066506075,1023,0,0,0,pos_KGW
KGW,clean,1,8,11,4.76999046002862,4.76999046002862,802,0,0,0,pos_KGW
KGW,clean,1,8,12,8.432774650830432,8.432774650830432,771,0,0,0,pos_KGW
KGW,clean,1,8,13,7.323133574959279,7.323133574959279,800,0,0,0,pos_KGW
KGW,clean,1,8,14,5.991091627840364,5.991091627840364,778,0,0,0,pos_KGW
KGW,clean,1,9,11,9.869787151337075,9.869787151337075,1072,0,0,0,pos_KGW
KGW,clean,1,9,12,11.233349924239711,11.233349924239711,1250,0,0,0,pos_KGW
KGW,clean,1,9,13,11.5994151603674,11.5994151603674,1024,0,0,0,pos_KGW
KGW,clean,1,9,14,11.1652674723637,11.1652674723637,1058,0,0,0,pos_KGW
KGW,clean,1,10,11,12.524050936172841,12.524050936172841,946,0,0,0,pos_KGW
KGW,clean,1,10,12,15.048157106653838,15.048157106653838,1332,0,0,0,pos_KGW
KGW,clean,1,10,13,12.816826722240029,12.816826722240029,975,0,0,0,pos_KGW
KGW,clean,1,10,14,18.604948840707955,18.604948840707955,1583,0,0,0,pos_KGW
KGW,clean,1,11,11,13.316643832934815,13.316643832934815,1010,0,0,0,pos_KGW
KGW,clean,1,11,12,11.065570688571576,11.065570688571576,923,0,0,0,pos_KGW
KGW,clean,1,11,13,8.290652039653066,8.290652039653066,846,0,0,0,pos_KGW
KGW,clean,1,11,14,8.072649922279348,8.072649922279348,991,0,0,0,pos_KGW
KGW,clean,1,12,11,8.701896614809652,8.701896614809652,853,0,0,0,pos_KGW
KGW,clean,1,12,12,8.989986468521325,8.989986468521325,978,0,0,0,pos_KGW
KGW,clean,1,12,13,8.232187289112488,8.232187289112488,953,0,0,0,pos_KGW
KGW,clean,1,12,14,6.452344020806072,6.452344020806072,905,0,0,0,pos_KGW
KGW,clean,1,13,11,10.322792935107563,10.322792935107563,742,0,0,0,pos_KGW
KGW,clean,1,13,12,12.071677124618446,12.071677124618446,966,0,0,0,pos_KGW
KGW,clean,1,13,13,11.348609640240099,11.348609640240099,862,0,0,0,pos_KGW
KGW,clean,1,13,14,13.13948374670421,13.13948374670421,1148,0,0,0,pos_KGW
KGW,clean,1,14,11,9.996451593714056,9.996451593714056,1058,0,0,0,pos_KGW
KGW,clean,1,14,12,7.302967433402215,7.302967433402215,1081,0,0,0,pos_KGW
KGW,clean,1,14,13,7.604691006293735,7.604691006293735,997,0,0,0,pos_KGW
KGW,clean,1,14,14,9.342914068428719,9.342914068428719,925,0,0,0,pos_KGW
KGW,clean,1,15,11,7.6150237346555825,7.6150237346555825,1140,0,0,0,pos_KGW
KGW,clean,1,15,12,6.312009459327049,6.312009459327049,985,0,0,0,pos_KGW
KGW,clean,1,15,13,6.651940092765619,6.651940092765619,887,0,0,0,pos_KGW
KGW,clean,1,15,14,9.377308411451457,9.377308411451457,1151,0,0,0,pos_KGW
KGW,clean,1,16,11,13.534402760493448,13.534402760493448,1034,0,0,0,pos_KGW
KGW,clean,1,16,12,12.287080622768565,12.287080622768565,869,0,0,0,pos_KGW
KGW,clean,1,16,13,16.10175266674644,16.10175266674644,1172,0,0,0,pos_KGW
KGW,clean,1,16,14,14.422242180698415,14.422242180698415,936,0,0,0,pos_KGW
KGW,clean,1,17,11,8.47065336936514,8.47065336936514,1017,0,0,0,pos_KGW
KGW,clean,1,17,12,11.568679416179853,11.568679416179853,991,0,0,0,pos_KGW
KGW,clean,1,17,13,9.536632970868315,9.536632970868315,913,0,0,0,pos_KGW
KGW,clean,1,17,14,9.369716279927193,9.369716279927193,999,0,0,0,pos_KGW
KGW,clean,1,18,11,10.619771334525836,10.619771334525836,1008,0,0,0,pos_KGW
KGW,clean,1,18,12,11.120102815475517,11.120102815475517,1003,0,0,0,pos_KGW
KGW,clean,1,18,13,12.636761730584823,12.636761730584823,1013,0,0,0,pos_KGW
KGW,clean,1,18,14,10.142690885744072,10.142690885744072,1066,0,0,0,pos_KGW
KGW,clean,1,19,11,9.655274265053896,9.655274265053896,848,0,0,0,pos_KGW
KGW,clean,1,19,12,10.75984548706079,10.75984548706079,794,0,0,0,pos_KGW
KGW,clean,1,19,13,8.13621409489572,8.13621409489572,991,0,0,0,pos_KGW
KGW,clean,1,19,14,10.495438018713449,10.495438018713449,1032,0,0,0,pos_KGW
KGW,clean,1,20,11,6.8867841460328885,6.8867841460328885,922,0,0,0,pos_KGW
KGW,clean,1,20,12,6.534801216793452,6.534801216793452,966,0,0,0,pos_KGW
KGW,clean,1,20,13,7.602758824767021,7.602758824767021,1031,0,0,0,pos_KGW
KGW,clean,1,20,14,6.676498352587293,6.676498352587293,953,0,0,0,pos_KGW
KGW,clean,1,21,11,8.76249546540977,8.76249546540977,815,0,0,0,pos_KGW
KGW,clean,1,21,12,9.208061462894177,9.208061462894177,880,0,0,0,pos_KGW
KGW,clean,1,21,13,11.528352554522229,11.528352554522229,928,0,0,0,pos_KGW
KGW,clean,1,21,14,10.192969477449951,10.192969477449951,920,0,0,0,pos_KGW
KGW,clean,1,22,11,12.84870755034473,12.84870755034473,1121,0,0,0,pos_KGW
KGW,clean,1,22,12,10.7595819373176,10.7595819373176,982,0,0,0,pos_KGW
KGW,clean,1,22,13,11.584936872155954,11.584936872155954,893,0,0,0,pos_KGW
KGW,clean,1,22,14,11.409666025846803,11.409666025846803,1087,0,0,0,pos_KGW
KGW,clean,1,23,11,15.661058028563723,15.661058028563723,1095,0,0,0,pos_KGW
KGW,clean,1,23,12,14.625,14.625,1025,0,0,0,pos_KGW
KGW,clean,1,23,13,14.289010178108937,14.289010178108937,894,0,0,0,pos_KGW
KGW,clean,1,23,14,13.655377864009457,13.655377864009457,947,0,0,0,pos_KGW
KGW,dia100,0,0,11,-0.9197090092274488,-0.9197090092274488,1065,-1,0,0,neg
KGW,dia100,0,0,12,-1.3661476666175616,-1.3661476666175616,1086,-1,0,0,neg
KGW,dia100,0,0,13,-1.7346309532082798,-1.7346309532082798,1119,-1,0,0,neg
KGW,dia100,0,0,14,-1.211086683386847,-1.211086683386847,1038,-1,0,0,neg
KGW,dia100,0,1,11,0.7240728325236424,0.7240728325236424,1010,-1,0,0,neg
KGW,dia100,0,1,12,0.0,0.0,1035,-1,0,0,neg
KGW,dia100,0,1,13,-0.02968260885977624,-0.02968260885977624,1136,-1,0,0,neg
KGW,dia100,0,1,14,2.447077640038818,2.447077640038818,1017,-1,0,0,neg
KGW,dia100,0,2,11,0.2579303520876644,0.2579303520876644,963,-1,0,0,neg
KGW,dia100,0,2,12,-0.4175334003835326,-0.4175334003835326,827,-1,0,0,neg
KGW,dia100,0,2,13,-0.9490290011300718,-0.9490290011300718,1068,-1,0,0,neg
KGW,dia100,0,2,14,0.9486832980505138,0.9486832980505138,1001,-1,0,0,neg
KGW,dia100,0,3,11,1.259496302198541,1.259496302198541,1113,-1,0,0,neg
KGW,dia100,0,3,12,1.3941933511538516,1.3941933511538516,997,-1,0,0,neg
KGW,dia100,0,3,13,3.304629724693603,3.304629724693603,1109,-1,0,0,neg
KGW,dia100,0,3,14,0.5244448920732585,0.5244448920732585,1179,-1,0,0,neg
KGW,dia100,0,4,11,-2.3297408241459623,-2.3297408241459623,1301,-1,0,0,neg
KGW,dia100,0,4,12,-2.8762632850175027,-2.8762632850175027,1115,-1,0,0,neg
KGW,dia100,0,4,13,-1.5764815627361644,-1.5764815627361644,1089,-1,0,0,neg
KGW,dia100,0,4,14,-3.0284966819701378,-3.0284966819701378,944,-1,0,0,neg
KGW,dia100,0,5,11,1.7300565054595336,1.7300565054595336,870,-1,0,0,neg
KGW,dia100,0,5,12,2.0691914841450156,2.0691914841450156,928,-1,0,0,neg
KGW,dia100,0,5,13,-0.7925532811853017,-0.7925532811853017,996,-1,0,0,neg
KGW,dia100,0,5,14,1.2302954256525345,1.2302954256525345,955,-1,0,0,neg
KGW,dia100,0,6,11,1.3585174346518945,1.3585174346518945,1581,-1,0,0,neg
KGW,dia100,0,6,12,0.3882759992081743,0.3882759992081743,1122,-1,0,0,neg
KGW,dia100,0,6,13,-0.24324324324324326,-0.24324324324324326,1370,-1,0,0,neg
KGW,dia100,0,6,14,2.146354492351533,2.146354492351533,1288,-1,0,0,neg
KGW,dia100,0,7,11,0.0,0.0,925,-1,0,0,neg
KGW,dia100,0,7,12,-0.2631806779839076,-0.2631806779839076,925,-1,0,0,neg
KGW,dia100,0,7,13,1.0403831043155778,1.0403831043155778,1069,-1,0,0,neg
KGW,dia100,0,7,14,-0.228924479058705,-0.228924479058705,936,-1,0,0,neg
KGW,dia100,0,8,11,-1.9052998708248954,-1.9052998708248954,896,-1,0,0,neg
KGW,dia100,0,8,12,-0.06711560552140243,-0.06711560552140243,889,-1,0,0,neg
KGW,dia100,0,8,13,-1.9010781070057796,-1.9010781070057796,838,-1,0,0,neg
KGW,dia100,0,8,14,-0.914776431920942,-0.914776431920942,1006,-1,0,0,neg
KGW,dia100,0,9,11,0.2781436622469358,0.2781436622469358,1048,-1,0,0,neg
KGW,dia100,0,9,12,-0.3964962828647722,-0.3964962828647722,1076,-1,0,0,neg
KGW,dia100,0,9,13,1.0766555296617522,1.0766555296617522,1182,-1,0,0,neg
KGW,dia100,0,9,14,-0.12216944435630522,-0.12216944435630522,1073,-1,0,0,neg
KGW,dia100,0,10,11,1.4490628282653253,1.4490628282653253,923,-1,0,0,neg
KGW,dia100,0,10,12,2.3570226039551585,2.3570226039551585,883,-1,0,0,neg
KGW,dia100,0,10,13,2.5751046013874435,2.5751046013874435,1015,-1,0,0,neg
KGW,dia100,0,10,14,1.8498792479346222,1.8498792479346222,1053,-1,0,0,neg
KGW,dia100,0,11,11,1.3970013970020956,1.3970013970020956,993,-1,0,0,neg
KGW,dia100,0,11,12,0.7705935588815227,0.7705935588815227,971,-1,0,0,neg
KGW,dia100,0,11,13,0.7320980661911148,0.7320980661911148,988,-1,0,0,neg
KGW,dia100,0,11,14,1.1233916207736525,1.1233916207736525,917,-1,0,0,neg
KGW,dia100,0,12,11,-0.5726562866782,-0.5726562866782,989,-1,0,0,neg
KGW,dia100,0,12,12,-0.3991036138995859,-0.3991036138995859,1062,-1,0,0,neg
KGW,dia100,0,12,13,0.6233697791785473,0.6233697791785473,930,-1,0,0,neg
KGW,dia100,0,12,14,-0.90492539515073,-0.90492539515073,1028,-1,0,0,neg
KGW,dia100,0,13,11,-1.5939701191492708,-1.5939701191492708,946,-1,0,0,neg
KGW,dia100,0,13,12,1.2992783790729006,1.2992783790729006,902,-1,0,0,neg
KGW,dia100,0,13,13,-0.13005121775247103,-0.13005121775247103,947,-1,0,0,neg
KGW,dia100,0,13,14,-0.8467378855869865,-0.8467378855869865,1174,-1,0,0,neg
KGW,dia100,0,14,11,0.12751534261266764,0.12751534261266764,985,-1,0,0,neg
KGW,dia100,0,14,12,0.1504142093990467,0.1504142093990467,1106,-1,0,0,neg
KGW,dia100,0,14,13,1.1995741912456868,1.1995741912456868,1058,-1,0,0,neg
KGW,dia100,0,14,14,-0.03070027799227584,-0.03070027799227584,1062,-1,0,0,neg
KGW,dia100,0,15,11,-0.7419491891959544,-0.7419491891959544,1229,-1,0,0,neg
KGW,dia100,0,15,12,0.5590653920196746,0.5590653920196746,1156,-1,0,0,neg
KGW,dia100,0,15,13,0.9339334486684464,0.9339334486684464,1175,-1,0,0,neg
KGW,dia100,0,15,14,-0.525382473133101,-0.525382473133101,1048,-1,0,0,neg
KGW,dia100,0,16,11,0.25,0.25,1025,-1,0,0,neg
KGW,dia100,0,16,12,0.9733285267845753,0.9733285267845753,951,-1,0,0,neg
KGW,dia100,0,16,13,-0.3628565186147232,-0.3628565186147232,920,-1,0,0,neg
KGW,dia100,0,16,14,0.6490276364008973,0.6490276364008973,858,-1,0,0,neg
KGW,dia100,0,17,11,-1.6748072286421603,-1.6748072286421603,965,-1,0,0,neg
KGW,dia100,0,17,12,-1.4230922934912147,-1.4230922934912147,914,-1,0,0,neg
KGW,dia100,0,17,13,-0.2995012465378748,-0.2995012465378748,904,-1,0,0,neg
KGW,dia100,0,17,14,-1.1161046793076417,-1.1161046793076417,929,-1,0,0,neg
KGW,dia100,0,18,11,-1.131433534933286,-1.131433534933286,1129,-1,0,0,neg
KGW,dia100,0,18,12,-0.39214303531439504,-0.39214303531439504,1100,-1,0,0,neg
KGW,dia100,0,18,13,1.1406629921195408,1.1406629921195408,1170,-1,0,0,neg
KGW,dia100,0,18,14,1.0538536114044361,1.0538536114044361,1104,-1,0,0,neg
KGW,dia100,0,19,11,0.1273859510596964,0.1273859510596964,987,-1,0,0,neg
KGW,dia100,0,19,12,2.5129117966586754,2.5129117966586754,1040,-1,0,0,neg
KGW,dia100,0,19,13,-0.032157832069216574,-0.032157832069216574,968,-1,0,0,neg
KGW,dia100,0,19,14,-0.9402577500954382,-0.9402577500954382,1088,-1,0,0,neg
KGW,dia100,0,20,11,0.12356041264304309,0.12356041264304309,1049,-1,0,0,neg
KGW,dia100,0,20,12,0.658585559938142,0.658585559938142,1329,-1,0,0,neg
KGW,dia100,0,20,13,-0.09863939238321437,-0.09863939238321437,926,-1,0,0,neg
KGW,dia100,0,20,14,1.5657141776060677,1.5657141776060677,1062,-1,0,0,neg
KGW,dia100,0,21,11,-1.8359579197154634,-1.8359579197154634,999,-1,0,0,neg
KGW,dia100,0,21,12,-1.1369824051465538,-1.1369824051465538,1060,-1,0,0,neg
KGW,dia100,0,21,13,0.8064516129032258,0.8064516129032258,962,-1,0,0,neg
KGW,dia100,0,21,14,0.03225806451612903,0.03225806451612903,962,-1,0,0,neg
KGW,dia100,0,22,11,2.1391453703272383,2.1391453703272383,982,-1,0,0,neg
KGW,dia100,0,22,12,1.1157184170779366,1.1157184170779366,1161,-1,0,0,neg
KGW,dia100,0,22,13,2.1901095082131845,2.1901095082131845,1112,-1,0,0,neg
KGW,dia100,0,22,14,2.2755583795773355,2.2755583795773355,1146,-1,0,0,neg
KGW,dia100,0,23,11,3.2812826978938827,3.2812826978938827,893,-1,0,0,neg
KGW,dia100,0,23,12,2.683649725786415,2.683649725786415,912,-1,0,0,neg
KGW,dia100,0,23,13,1.6625524849289615,1.6625524849289615,942,-1,0,0,neg
KGW,dia100,0,23,14,1.306466911927805,1.306466911927805,847,-1,0,0,neg
KGW,dia100,1,0,11,3.755851703455373,3.755851703455373,1091,-1,0,0,pos_KGW
KGW,dia100,1,0,12,3.6415590591053695,3.6415590591053695,1051,-1,0,0,pos_KGW
KGW,dia100,1,0,13,2.860317452522279,2.860317452522279,905,-1,0,0,pos_KGW
KGW,dia100,1,0,14,2.295869942586902,2.295869942586902,1012,-1,0,0,pos_KGW
KGW,dia100,1,1,11,3.1892977794465573,3.1892977794465573,1044,-1,0,0,pos_KGW
KGW,dia100,1,1,12,4.263108710658201,4.263108710658201,1190,-1,0,0,pos_KGW
KGW,dia100,1,1,13,5.889130564226118,5.889130564226118,1120,-1,0,0,pos_KGW
KGW,dia100,1,1,14,3.891547782585246,3.891547782585246,1000,-1,0,0,pos_KGW
KGW,dia100,1,2,11,4.3478504035892325,4.3478504035892325,895,-1,0,0,pos_KGW
KGW,dia100,1,2,12,9.956645148276383,9.956645148276383,921,-1,0,0,pos_KGW
KGW,dia100,1,2,13,10.538554314022791,10.538554314022791,1048,-1,0,0,pos_KGW
KGW,dia100,1,2,14,19.722801399859527,19.722801399859527,1802,-1,0,0,pos_KGW
KGW,dia100,1,3,11,7.3025073025109535,7.3025073025109535,993,-1,0,0,pos_KGW
KGW,dia100,1,3,12,4.751186219440707,4.751186219440707,1038,-1,0,0,pos_KGW
KGW,dia100,1,3,13,7.536672417387698,7.536672417387698,1119,-1,0,0,pos_KGW
KGW,dia100,1,3,14,4.354224519736481,4.354224519736481,934,-1,0,0,pos_KGW
KGW,dia100,1,4,11,6.457718456202195,6.457718456202195,1881,-1,0,0,pos_KGW
KGW,dia100,1,4,12,4.5413355759687395,4.5413355759687395,1181,-1,0,0,pos_KGW
KGW,dia100,1,4,13,3.155843721336013,3.155843721336013,1108,-1,0,0,pos_KGW
KGW,dia100,1,4,14,4.140125513726171,4.140125513726171,1096,-1,0,0,pos_KGW
KGW,dia100,1,5,11,7.534535869529772,7.534535869529772,1067,-1,0,0,pos_KGW
KGW,dia100,1,5,12,4.901894677425396,4.901894677425396,876,-1,0,0,pos_KGW
KGW,dia100,1,5,13,5.926974966883571,5.926974966883571,1117,-1,0,0,pos_KGW
KGW,dia100,1,5,14,6.874309035939799,6.874309035939799,899,-1,0,0,pos_KGW
KGW,dia100,1,6,11,8.261650952620721,8.261650952620721,1539,-1,0,0,pos_KGW
KGW,dia100,1,6,12,7.3130685529344674,7.3130685529344674,1236,-1,0,0,pos_KGW
KGW,dia100,1,6,13,8.380569037782255,8.380569037782255,1215,-1,0,0,pos_KGW
KGW,dia100,1,6,14,9.247938426148643,9.247938426148643,1458,-1,0,0,pos_KGW
KGW,dia100,1,7,11,7.510632572181969,7.510632572181969,980,-1,0,0,pos_KGW
KGW,dia100,1,7,12,8.77465776164978,8.77465776164978,1116,-1,0,0,pos_KGW
KGW,dia100,1,7,13,8.110807630014394,8.110807630014394,974,-1,0,0,pos_KGW
KGW,dia100,1,7,14,7.703864790498363,7.703864790498363,1071,-1,0,0,pos_KGW
KGW,dia100,1,8,11,1.044416536820274,1.044416536820274,882,-1,0,0,pos_KGW
KGW,dia100,1,8,12,4.75926935391541,4.75926935391541,854,-1,0,0,pos_KGW
KGW,dia100,1,8,13,2.715376933208523,2.715376933208523,869,-1,0,0,pos_KGW
KGW,dia100,1,8,14,3.0148303232411395,3.0148303232411395,853,-1,0,0,pos_KGW
KGW,dia100,1,9,11,6.303772897449275,6.303772897449275,1186,-1,0,0,pos_KGW
KGW,dia100,1,9,12,8.43627368926102,8.43627368926102,1360,-1,0,0,pos_KGW
KGW,dia100,1,9,13,7.477106628550643,7.477106628550643,1110,-1,0,0,pos_KGW
KGW,dia100,1,9,14,6.1502705938218885,6.1502705938218885,1178,-1,0,0,pos_KGW
KGW,dia100,1,10,11,8.4002187067661,8.4002187067661,959,-1,0,0,pos_KGW
KGW,dia100,1,10,12,11.895028739934363,11.895028739934363,1388,-1,0,0,pos_KGW
KGW,dia100,1,10,13,7.090288789742716,7.090288789742716,1026,-1,0,0,pos_KGW
KGW,dia100,1,10,14,12.676875128241644,12.676875128241644,1645,-1,0,0,pos_KGW
KGW,dia100,1,11,11,9.831733490357353,9.831733490357353,1087,-1,0,0,pos_KGW
KGW,dia100,1,11,12,8.027764012762123,8.027764012762123,1010,-1,0,0,pos_KGW
KGW,dia100,1,11,13,6.446501147846041,6.446501147846041,916,-1,0,0,pos_KGW
KGW,dia100,1,11,14,5.261786909416896,5.261786909416896,1082,-1,0,0,pos_KGW
KGW,dia100,1,12,11,2.796101181678127,2.796101181678127,947,-1,0,0,pos_KGW
KGW,dia100,1,12,12,4.653487844744423,4.653487844744423,1082,-1,0,0,pos_KGW
KGW,dia100,1,12,13,4.681912387616101,4.681912387616101,1055,-1,0,0,pos_KGW
KGW,dia100,1,12,14,2.6759213375873743,2.6759213375873743,1010,-1,0,0,pos_KGW
KGW,dia100,1,13,11,4.432664531800839,4.432664531800839,809,-1,0,0,pos_KGW
KGW,dia100,1,13,12,6.561235282255833,6.561235282255833,1045,-1,0,0,pos_KGW
KGW,dia100,1,13,13,6.392815115923733,6.392815115923733,941,-1,0,0,pos_KGW
KGW,dia100,1,13,14,6.659125246200584,6.659125246200584,1257,-1,0,0,pos_KGW
KGW,dia100,1,14,11,3.5551508750488923,3.5551508750488923,1198,-1,0,0,pos_KGW
KGW,dia100,1,14,12,6.061025687840629,6.061025687840629,1236,-1,0,0,pos_KGW
KGW,dia100,1,14,13,5.317874403649643,5.317874403649643,1134,-1,0,0,pos_KGW
KGW,dia100,1,14,14,5.382647534633026,5.382647534633026,1034,-1,0,0,pos_KGW
KGW,dia100,1,15,11,3.5089663377771623,3.5089663377771623,1270,-1,0,0,pos_KGW
KGW,dia100,1,15,12,2.9516097302997224,2.9516097302997224,1126,-1,0,0,pos_KGW
KGW,dia100,1,15,13,4.1825081121323615,4.1825081121323615,982,-1,0,0,pos_KGW
KGW,dia100,1,15,14,3.801205782659554,3.801205782659554,1319,-1,0,0,pos_KGW
KGW,dia100,1,16,11,10.123664577359616,10.123664577359616,1096,-1,0,0,pos_KGW
KGW,dia100,1,16,12,8.901636390843125,8.901636390843125,921,-1,0,0,pos_KGW
KGW,dia100,1,16,13,10.769274475435786,10.769274475435786,1233,-1,0,0,pos_KGW
KGW,dia100,1,16,14,9.241810817890393,9.241810817890393,1013,-1,0,0,pos_KGW
KGW,dia100,1,17,11,3.1673091313854984,3.1673091313854984,1100,-1,0,0,pos_KGW
KGW,dia100,1,17,12,5.949641173087296,5.949641173087296,1131,-1,0,0,pos_KGW
KGW,dia100,1,17,13,6.014344909412725,6.014344909412725,999,-1,0,0,pos_KGW
KGW,dia100,1,17,14,5.474802966371077,5.474802966371077,1094,-1,0,0,pos_KGW
KGW,dia100,1,18,11,5.428604875074232,5.428604875074232,1125,-1,0,0,pos_KGW
KGW,dia100,1,18,12,7.618893094976946,7.618893094976946,1095,-1,0,0,pos_KGW
KGW,dia100,1,18,13,6.493094697110508,6.493094697110508,1149,-1,0,0,pos_KGW
KGW,dia100,1,18,14,4.305086834477186,4.305086834477186,1215,-1,0,0,pos_KGW
KGW,dia100,1,19,11,2.873959892556788,2.873959892556788,960,-1,0,0,pos_KGW
KGW,dia100,1,19,12,3.4864677758973266,3.4864677758973266,908,-1,0,0,pos_KGW
KGW,dia100,1,19,13,3.269410640527702,3.269410640527702,1133,-1,0,0,pos_KGW
KGW,dia100,1,19,14,3.8329361673176705,3.8329361673176705,1187,-1,0,0,pos_KGW
KGW,dia100,1,20,11,3.9298320277763734,3.9298320277763734,1029,-1,0,0,pos_KGW
KGW,dia100,1,20,12,3.877381965848981,3.877381965848981,1057,-1,0,0,pos_KGW
KGW,dia100,1,20,13,5.5612294258799215,5.5612294258799215,1156,-1,0,0,pos_KGW
KGW,dia100,1,20,14,3.5955060470141538,3.5955060470141538,1024,-1,0,0,pos_KGW
KGW,dia100,1,21,11,3.5967656531725565,3.5967656531725565,886,-1,0,0,pos_KGW
KGW,dia100,1,21,12,5.5628775552370975,5.5628775552370975,957,-1,0,0,pos_KGW
KGW,dia100,1,21,13,6.655787142597199,6.655787142597199,1006,-1,0,0,pos_KGW
KGW,dia100,1,21,14,6.394198272112476,6.394198272112476,999,-1,0,0,pos_KGW
KGW,dia100,1,22,11,8.833459118601274,8.833459118601274,1201,-1,0,0,pos_KGW
KGW,dia100,1,22,12,6.468948895591946,6.468948895591946,1075,-1,0,0,pos_KGW
KGW,dia100,1,22,13,6.914194918467253,6.914194918467253,986,-1,0,0,pos_KGW
KGW,dia100,1,22,14,6.968538633022972,6.968538633022972,1207,-1,0,0,pos_KGW
KGW,dia100,1,23,11,11.6095964531509,11.6095964531509,1078,-1,0,0,pos_KGW
KGW,dia100,1,23,12,11.238869617866971,11.238869617866971,1010,-1,0,0,pos_KGW
KGW,dia100,1,23,13,6.881976979244928,6.881976979244928,897,-1,0,0,pos_KGW
KGW,dia100,1,23,14,9.32258064516129,9.32258064516129,962,-1,0,0,pos_KGW
KGW,dia50,0,0,11,-1.4666032266235969,-1.4666032266235969,1028,-1,0,0,neg
KGW,dia50,0,0,12,-1.3552904279941345,-1.3552904279941345,1055,-1,0,0,neg
KGW,dia50,0,0,13,-1.517242822586011,-1.517242822586011,1087,-1,0,0,neg
KGW,dia50,0,0,14,-2.0767453592409235,-2.0767453592409235,1011,-1,0,0,neg
KGW,dia50,0,1,11,-0.06362847629757777,-0.06362847629757777,989,-1,0,0,neg
KGW,dia50,0,1,12,-0.726960472427166,-0.726960472427166,1002,-1,0,0,neg
KGW,dia50,0,1,13,-0.03013743873394561,-0.03013743873394561,1102,-1,0,0,neg
KGW,dia50,0,1,14,2.0073469118130736,2.0073469118130736,986,-1,0,0,neg
KGW,dia50,0,2,11,0.5839971160707451,0.5839971160707451,951,-1,0,0,neg
KGW,dia50,0,2,12,0.0695889000639221,0.0695889000639221,827,-1,0,0,neg
KGW,dia50,0,2,13,-0.647150228929434,-0.647150228929434,1054,-1,0,0,neg
KGW,dia50,0,2,14,0.5744030816453425,0.5744030816453425,983,-1,0,0,neg
KGW,dia50,0,3,11,0.4864143202483853,0.4864143202483853,1083,-1,0,0,neg
KGW,dia50,0,3,12,0.9632419486019034,0.9632419486019034,971,-1,0,0,neg
KGW,dia50,0,3,13,2.9472422306490635,2.9472422306490635,1040,-1,0,0,neg
KGW,dia50,0,3,14,2.23606797749979,2.23606797749979,1126,-1,0,0,neg
KGW,dia50,0,4,11,-1.3341724461386,-1.3341724461386,1242,-1,0,0,neg
KGW,dia50,0,4,12,-2.696969696969697,-2.696969696969697,1090,-1,0,0,neg
KGW,dia50,0,4,13,-1.3226074416298597,-1.3226074416298597,1058,-1,0,0,neg
KGW,dia50,0,4,14,-2.4921381759790213,-2.4921381759790213,931,-1,0,0,neg
KGW,dia50,0,5,11,1.8587566552180885,1.8587566552180885,845,-1,0,0,neg
KGW,dia50,0,5,12,1.6270182954187524,1.6270182954187524,908,-1,0,0,neg
KGW,dia50,0,5,13,-0.9887464447697201,-0.9887464447697201,984,-1,0,0,neg
KGW,dia50,0,5,14,0.0,0.0,939,-1,0,0,neg
KGW,dia50,0,6,11,0.7163023141353112,0.7163023141353112,1529,-1,0,0,neg
KGW,dia50,0,6,12,-0.8512250604346743,-0.8512250604346743,1083,-1,0,0,neg
KGW,dia50,0,6,13,0.441054277135977,0.441054277135977,1317,-1,0,0,neg
KGW,dia50,0,6,14,2.817096446461137,2.817096446461137,1236,-1,0,0,neg
KGW,dia50,0,7,11,-1.2139306226108553,-1.2139306226108553,930,-1,0,0,neg
KGW,dia50,0,7,12,-2.3179316248638266,-2.3179316248638266,913,-1,0,0,neg
KGW,dia50,0,7,13,0.8528028654224418,0.8528028654224418,1079,-1,0,0,neg
KGW,dia50,0,7,14,-0.16351748504193214,-0.16351748504193214,936,-1,0,0,neg
KGW,dia50,0,8,11,-2.230794224927386,-2.230794224927386,850,-1,0,0,neg
KGW,dia50,0,8,12,-1.018266349953196,-1.018266349953196,869,-1,0,0,neg
KGW,dia50,0,8,13,-1.5629146012061728,-1.5629146012061728,830,-1,0,0,neg
KGW,dia50,0,8,14,-1.8180176565120658,-1.8180176565120658,984,-1,0,0,neg
KGW,dia50,0,9,11,-0.3806168878173307,-0.3806168878173307,995,-1,0,0,neg
KGW,dia50,0,9,12,0.6219704135711229,0.6219704135711229,1035,-1,0,0,neg
KGW,dia50,0,9,13,0.7139569407704756,0.7139569407704756,1131,-1,0,0,neg
KGW,dia50,0,9,14,0.24712082528608617,0.24712082528608617,1049,-1,0,0,neg
KGW,dia50,0,10,11,0.3624623234754152,0.3624623234754152,922,-1,0,0,neg
KGW,dia50,0,10,12,1.724114679646174,1.724114679646174,876,-1,0,0,neg
KGW,dia50,0,10,13,1.5811388300841898,1.5811388300841898,1001,-1,0,0,neg
KGW,dia50,0,10,14,1.4525280139562204,1.4525280139562204,1048,-1,0,0,neg
KGW,dia50,0,11,11,0.672538245981366,0.672538245981366,976,-1,0,0,neg
KGW,dia50,0,11,12,0.7396301375919812,0.7396301375919812,968,-1,0,0,neg
KGW,dia50,0,11,13,-0.772987951680997,-0.772987951680997,965,-1,0,0,neg
KGW,dia50,0,11,14,0.26637086328481074,0.26637086328481074,903,-1,0,0,neg
KGW,dia50,0,12,11,-1.0962039963725736,-1.0962039963725736,963,-1,0,0,neg
KGW,dia50,0,12,12,-2.163657997282274,-2.163657997282274,1018,-1,0,0,neg
KGW,dia50,0,12,13,0.831028119143167,0.831028119143167,906,-1,0,0,neg
KGW,dia50,0,12,14,-0.8872139507342691,-0.8872139507342691,997,-1,0,0,neg
KGW,dia50,0,13,11,-2.185478389157322,-2.185478389157322,913,-1,0,0,neg
KGW,dia50,0,13,12,3.0763614872118006,3.0763614872118006,876,-1,0,0,neg
KGW,dia50,0,13,13,1.3451663655958126,1.3451663655958126,930,-1,0,0,neg
KGW,dia50,0,13,14,-0.5037175233040658,-0.5037175233040658,1140,-1,0,0,neg
KGW,dia50,0,14,11,-0.032461373658059775,-0.032461373658059775,950,-1,0,0,neg
KGW,dia50,0,14,12,-0.8234922797960652,-0.8234922797960652,1076,-1,0,0,neg
KGW,dia50,0,14,13,0.27948154232004163,0.27948154232004163,1038,-1,0,0,neg
KGW,dia50,0,14,14,-0.9031682568032344,-0.9031682568032344,1032,-1,0,0,neg
KGW,dia50,0,15,11,-0.2903739520695205,-0.2903739520695205,1187,-1,0,0,neg
KGW,dia50,0,15,12,-0.029787773436724965,-0.029787773436724965,1128,-1,0,0,neg
KGW,dia50,0,15,13,0.387930096244895,0.387930096244895,1124,-1,0,0,neg
KGW,dia50,0,15,14,-1.1327701959495946,-1.1327701959495946,1011,-1,0,0,neg
KGW,dia50,0,16,11,-0.22058872208213906,-0.22058872208213906,1008,-1,0,0,neg
KGW,dia50,0,16,12,-0.718325463293173,-0.718325463293173,939,-1,0,0,neg
KGW,dia50,0,16,13,-1.7028404364001535,-1.7028404364001535,898,-1,0,0,neg
KGW,dia50,0,16,14,-0.27375436433166195,-0.27375436433166195,855,-1,0,0,neg
KGW,dia50,0,17,11,-2.0330600909302543,-2.0330600909302543,931,-1,0,0,neg
KGW,dia50,0,17,12,-1.3408030463079819,-1.3408030463079819,891,-1,0,0,neg
KGW,dia50,0,17,13,-0.20225995873897262,-0.20225995873897262,881,-1,0,0,neg
KGW,dia50,0,17,14,-0.06666666666666667,-0.06666666666666667,901,-1,0,0,neg
KGW,dia50,0,18,11,-0.42365927286816174,-0.42365927286816174,1093,-1,0,0,neg
KGW,dia50,0,18,12,-0.09227493778812974,-0.09227493778812974,1058,-1,0,0,neg
KGW,dia50,0,18,13,1.8509524454822497,1.8509524454822497,1123,-1,0,0,neg
KGW,dia50,0,18,14,1.0502635074658662,1.0502635074658662,1049,-1,0,0,neg
KGW,dia50,0,19,11,0.8356716504931926,0.8356716504931926,969,-1,0,0,neg
KGW,dia50,0,19,12,2.4361721890980808,2.4361721890980808,1000,-1,0,0,neg
KGW,dia50,0,19,13,-0.19528336647123581,-0.19528336647123581,945,-1,0,0,neg
KGW,dia50,0,19,14,-0.36719403681726276,-0.36719403681726276,1069,-1,0,0,neg
KGW,dia50,0,20,11,0.031450273186121945,0.031450273186121945,1012,-1,0,0,neg
KGW,dia50,0,20,12,0.7520337050697262,0.7520337050697262,1290,-1,0,0,neg
KGW,dia50,0,20,13,-0.1315903389919538,-0.1315903389919538,925,-1,0,0,neg
KGW,dia50,0,20,14,1.5960897370072347,1.5960897370072347,1022,-1,0,0,neg
KGW,dia50,0,21,11,-1.562857283668267,-1.562857283668267,984,-1,0,0,neg
KGW,dia50,0,21,12,0.09245003270420485,0.09245003270420485,1054,-1,0,0,neg
KGW,dia50,0,21,13,0.39223227027636803,0.39223227027636803,937,-1,0,0,neg
KGW,dia50,0,21,14,-0.13018891098082389,-0.13018891098082389,945,-1,0,0,neg
KGW,dia50,0,22,11,1.8387096774193548,1.8387096774193548,962,-1,0,0,neg
KGW,dia50,0,22,12,-0.48067341450088774,-0.48067341450088774,1109,-1,0,0,neg
KGW,dia50,0,22,13,1.3351736838756898,1.3351736838756898,1087,-1,0,0,neg
KGW,dia50,0,22,14,1.5300765057379782,1.5300765057379782,1112,-1,0,0,neg
KGW,dia50,0,23,11,1.0993893976770697,1.0993893976770697,902,-1,0,0,neg
KGW,dia50,0,23,12,2.1807013815017964,2.1807013815017964,917,-1,0,0,neg
KGW,dia50,0,23,13,0.2584682679004954,0.2584682679004954,959,-1,0,0,neg
KGW,dia50,0,23,14,0.3413943709994594,0.3413943709994594,859,-1,0,0,neg
KGW,dia50,1,0,11,4.937707198786941,4.937707198786941,1051,-1,0,0,pos_KGW
KGW,dia50,1,0,12,4.405217428692868,4.405217428692868,1011,-1,0,0,pos_KGW
KGW,dia50,1,0,13,4.0183444800463874,4.0183444800463874,878,-1,0,0,pos_KGW
KGW,dia50,1,0,14,2.181101016938586,2.181101016938586,973,-1,0,0,pos_KGW
KGW,dia50,1,1,11,5.265448782780671,5.265448782780671,1019,-1,0,0,pos_KGW
KGW,dia50,1,1,12,5.447078937714031,5.447078937714031,1167,-1,0,0,pos_KGW
KGW,dia50,1,1,13,6.7513789880398996,6.7513789880398996,1092,-1,0,0,pos_KGW
KGW,dia50,1,1,14,5.129032258064516,5.129032258064516,962,-1,0,0,pos_KGW
KGW,dia50,1,2,11,7.260034144621624,7.260034144621624,878,-1,0,0,pos_KGW
KGW,dia50,1,2,12,10.171363775511475,10.171363775511475,912,-1,0,0,pos_KGW
KGW,dia50,1,2,13,12.013664728725209,12.013664728725209,1028,-1,0,0,pos_KGW
KGW,dia50,1,2,14,16.97096634343893,16.97096634343893,1826,-1,0,0,pos_KGW
KGW,dia50,1,3,11,7.235512215573729,7.235512215573729,968,-1,0,0,pos_KGW
KGW,dia50,1,3,12,6.293167755275526,6.293167755275526,1011,-1,0,0,pos_KGW
KGW,dia50,1,3,13,6.795118133996459,6.795118133996459,1078,-1,0,0,pos_KGW
KGW,dia50,1,3,14,5.098907701571466,5.098907701571466,878,-1,0,0,pos_KGW
KGW,dia50,1,4,11,9.599532977511329,9.599532977511329,1888,-1,0,0,pos_KGW
KGW,dia50,1,4,12,6.241074116226668,6.241074116226668,1144,-1,0,0,pos_KGW
KGW,dia50,1,4,13,5.694355808464597,5.694355808464597,1091,-1,0,0,pos_KGW
KGW,dia50,1,4,14,6.97794642459726,6.97794642459726,1078,-1,0,0,pos_KGW
KGW,dia50,1,5,11,8.80514018671183,8.80514018671183,1034,-1,0,0,pos_KGW
KGW,dia50,1,5,12,6.275695166863015,6.275695166863015,870,-1,0,0,pos_KGW
KGW,dia50,1,5,13,6.745199234810774,6.745199234810774,1094,-1,0,0,pos_KGW
KGW,dia50,1,5,14,7.281358514603014,7.281358514603014,881,-1,0,0,pos_KGW
KGW,dia50,1,6,11,11.043513812388461,11.043513812388461,1496,-1,0,0,pos_KGW
KGW,dia50,1,6,12,8.08290376865476,8.08290376865476,1201,-1,0,0,pos_KGW
KGW,dia50,1,6,13,10.112059941497284,10.112059941497284,1199,-1,0,0,pos_KGW
KGW,dia50,1,6,14,10.705754551443784,10.705754551443784,1397,-1,0,0,pos_KGW
KGW,dia50,1,7,11,9.275855420171965,9.275855420171965,965,-1,0,0,pos_KGW
KGW,dia50,1,7,12,11.889212052474274,11.889212052474274,1116,-1,0,0,pos_KGW
KGW,dia50,1,7,13,10.1313639377944,10.1313639377944,980,-1,0,0,pos_KGW
KGW,dia50,1,7,14,9.645620078805372,9.645620078805372,1054,-1,0,0,pos_KGW
KGW,dia50,1,8,11,2.5088349633969984,2.5088349633969984,871,-1,0,0,pos_KGW
KGW,dia50,1,8,12,5.369741448407811,5.369741448407811,845,-1,0,0,pos_KGW
KGW,dia50,1,8,13,4.31668887191345,4.31668887191345,853,-1,0,0,pos_KGW
KGW,dia50,1,8,14,3.6424096439637914,3.6424096439637914,832,-1,0,0,pos_KGW
KGW,dia50,1,9,11,7.036617512270083,7.036617512270083,1145,-1,0,0,pos_KGW
KGW,dia50,1,9,12,9.265097176995424,9.265097176995424,1324,-1,0,0,pos_KGW
KGW,dia50,1,9,13,9.625334218796219,9.625334218796219,1072,-1,0,0,pos_KGW
KGW,dia50,1,9,14,7.6169538275816535,7.6169538275816535,1113,-1,0,0,pos_KGW
KGW,dia50,1,10,11,10.757415660893875,10.757415660893875,965,-1,0,0,pos_KGW
KGW,dia50,1,10,12,12.793132072991952,12.793132072991952,1368,-1,0,0,pos_KGW
KGW,dia50,1,10,13,10.002998567145584,10.002998567145584,1018,-1,0,0,pos_KGW
KGW,dia50,1,10,14,15.445226098035024,15.445226098035024,1628,-1,0,0,pos_KGW
KGW,dia50,1,11,11,10.79616772121118,10.79616772121118,1058,-1,0,0,pos_KGW
KGW,dia50,1,11,12,8.998884357447587,8.998884357447587,997,-1,0,0,pos_KGW
KGW,dia50,1,11,13,7.870271689756856,7.870271689756856,885,-1,0,0,pos_KGW
KGW,dia50,1,11,14,6.723360880308409,6.723360880308409,1062,-1,0,0,pos_KGW
KGW,dia50,1,12,11,4.904394739140917,4.904394739140917,924,-1,0,0,pos_KGW
KGW,dia50,1,12,12,5.668875570582034,5.668875570582034,1066,-1,0,0,pos_KGW
KGW,dia50,1,12,13,5.16735429282693,5.16735429282693,1033,-1,0,0,pos_KGW
KGW,dia50,1,12,14,3.36269122990683,3.36269122990683,976,-1,0,0,pos_KGW
KGW,dia50,1,13,11,6.246017839672184,6.246017839672184,786,-1,0,0,pos_KGW
KGW,dia50,1,13,12,10.56206950616045,10.56206950616045,1013,-1,0,0,pos_KGW
KGW,dia50,1,13,13,8.807026450670383,8.807026450670383,927,-1,0,0,pos_KGW
KGW,dia50,1,13,14,8.98534200981579,8.98534200981579,1230,-1,0,0,pos_KGW
KGW,dia50,1,14,11,6.690956330125168,6.690956330125168,1152,-1,0,0,pos_KGW
KGW,dia50,1,14,12,5.986753395306693,5.986753395306693,1185,-1,0,0,pos_KGW
KGW,dia50,1,14,13,5.03752976134646,5.03752976134646,1100,-1,0,0,pos_KGW
KGW,dia50,1,14,14,5.973718664727582,5.973718664727582,1002,-1,0,0,pos_KGW
KGW,dia50,1,15,11,4.2700570673217895,4.2700570673217895,1235,-1,0,0,pos_KGW
KGW,dia50,1,15,12,4.320922398096311,4.320922398096311,1081,-1,0,0,pos_KGW
KGW,dia50,1,15,13,5.258064516129032,5.258064516129032,962,-1,0,0,pos_KGW
KGW,dia50,1,15,14,4.954307863116266,4.954307863116266,1263,-1,0,0,pos_KGW
KGW,dia50,1,16,11,11.14735174087906,11.14735174087906,1079,-1,0,0,pos_KGW
KGW,dia50,1,16,12,9.623988018199594,9.623988018199594,909,-1,0,0,pos_KGW
KGW,dia50,1,16,13,12.500206439253201,12.500206439253201,1212,-1,0,0,pos_KGW
KGW,dia50,1,16,14,10.354904602745648,10.354904602745648,974,-1,0,0,pos_KGW
KGW,dia50,1,17,11,5.5027605646416875,5.5027605646416875,1071,-1,0,0,pos_KGW
KGW,dia50,1,17,12,8.166527162669423,8.166527162669423,1086,-1,0,0,pos_KGW
KGW,dia50,1,17,13,7.608945386586099,7.608945386586099,963,-1,0,0,pos_KGW
KGW,dia50,1,17,14,6.04795476447834,6.04795476447834,1062,-1,0,0,pos_KGW
KGW,dia50,1,18,11,8.439060926063704,8.439060926063704,1094,-1,0,0,pos_KGW
KGW,dia50,1,18,12,8.09343928120155,8.09343928120155,1065,-1,0,0,pos_KGW
KGW,dia50,1,18,13,8.90855312834692,8.90855312834692,1105,-1,0,0,pos_KGW
KGW,dia50,1,18,14,5.262348115842174,5.262348115842174,1171,-1,0,0,pos_KGW
KGW,dia50,1,19,11,5.788518970484398,5.788518970484398,936,-1,0,0,pos_KGW
KGW,dia50,1,19,12,6.705126068638104,6.705126068638104,873,-1,0,0,pos_KGW
KGW,dia50,1,19,13,4.763879244328665,4.763879244328665,1101,-1,0,0,pos_KGW
KGW,dia50,1,19,14,6.079897761839839,6.079897761839839,1149,-1,0,0,pos_KGW
KGW,dia50,1,20,11,5.571182652929682,5.571182652929682,999,-1,0,0,pos_KGW
KGW,dia50,1,20,12,5.581563056514381,5.581563056514381,1041,-1,0,0,pos_KGW
KGW,dia50,1,20,13,6.263774855854883,6.263774855854883,1125,-1,0,0,pos_KGW
KGW,dia50,1,20,14,4.831043681322645,4.831043681322645,1004,-1,0,0,pos_KGW
KGW,dia50,1,21,11,5.015575275421812,5.015575275421812,860,-1,0,0,pos_KGW
KGW,dia50,1,21,12,5.9384173700693195,5.9384173700693195,930,-1,0,0,pos_KGW
KGW,dia50,1,21,13,8.770526275403375,8.770526275403375,977,-1,0,0,pos_KGW
KGW,dia50,1,21,14,7.148127238253151,7.148127238253151,983,-1,0,0,pos_KGW
KGW,dia50,1,22,11,9.265193093294235,9.265193093294235,1179,-1,0,0,pos_KGW
KGW,dia50,1,22,12,8.11279183169073,8.11279183169073,1036,-1,0,0,pos_KGW
KGW,dia50,1,22,13,8.155448498162782,8.155448498162782,971,-1,0,0,pos_KGW
KGW,dia50,1,22,14,8.536994190843902,8.536994190843902,1187,-1,0,0,pos_KGW
KGW,dia50,1,23,11,12.292762685965995,12.292762685965995,1108,-1,0,0,pos_KGW
KGW,dia50,1,23,12,11.66227303917171,11.66227303917171,1046,-1,0,0,pos_KGW
KGW,dia50,1,23,13,9.739649556357918,9.739649556357918,906,-1,0,0,pos_KGW
KGW,dia50,1,23,14,9.957385837170335,9.957385837170335,964,-1,0,0,pos_KGW
KGW,morph,0,0,11,-1.264661648494767,-1.264661648494767,952,1,0,0,neg
KGW,morph,0,0,12,-0.2568645196271742,-0.2568645196271742,971,0,0,0,neg
KGW,morph,0,0,13,-0.909363506104144,-0.909363506104144,1018,0,0,0,neg
KGW,morph,0,0,14,-0.32826608214930636,-0.32826608214930636,929,1,0,0,neg
KGW,morph,0,1,11,-1.3348172885319998,-1.3348172885319998,899,1,0,0,neg
KGW,morph,0,1,12,-2.2125349253908184,-2.2125349253908184,918,0,0,0,neg
KGW,morph,0,1,13,-0.8508422137453935,-0.8508422137453935,1008,2,1,0,neg
KGW,morph,0,1,14,0.9576643706915483,0.9576643706915483,918,0,0,0,neg
KGW,morph,0,2,11,1.2447313859527949,1.2447313859527949,933,0,1,0,neg
KGW,morph,0,2,12,0.6006654653369373,0.6006654653369373,802,0,0,0,neg
KGW,morph,0,2,13,-1.608744759585105,-1.608744759585105,1006,2,1,0,neg
KGW,morph,0,2,14,0.2912331607607581,0.2912331607607581,956,2,0,0,neg
KGW,morph,0,3,11,0.2221382855913819,0.2221382855913819,994,0,0,0,neg
KGW,morph,0,3,12,0.9322980214968376,0.9322980214968376,903,0,0,0,neg
KGW,morph,0,3,13,2.711088342345192,2.711088342345192,961,1,0,0,neg
KGW,morph,0,3,14,1.2205392106525912,1.2205392106525912,1022,0,0,0,neg
KGW,morph,0,4,11,-1.0370654891554296,-1.0370654891554296,1140,0,1,0,neg
KGW,morph,0,4,12,-1.3804027713039488,-1.3804027713039488,1017,0,0,0,neg
KGW,morph,0,4,13,-0.19324698792024925,-0.19324698792024925,965,0,0,0,neg
KGW,morph,0,4,14,-1.8508973673741775,-1.8508973673741775,884,0,0,0,neg
KGW,morph,0,5,11,3.2576479150838735,3.2576479150838735,816,0,0,0,neg
KGW,morph,0,5,12,0.8480669144409478,0.8480669144409478,870,0,0,0,neg
KGW,morph,0,5,13,-0.8498365855987974,-0.8498365855987974,937,4,1,0,neg
KGW,morph,0,5,14,0.1007301416809612,0.1007301416809612,888,0,0,0,neg
KGW,morph,0,6,11,0.52851642258169,0.52851642258169,1433,0,0,0,neg
KGW,morph,0,6,12,-1.2611333222388634,-1.2611333222388634,1007,0,0,0,neg
KGW,morph,0,6,13,0.45845460404900223,0.45845460404900223,1219,0,0,0,neg
KGW,morph,0,6,14,1.8569614484488353,1.8569614484488353,1152,0,1,0,neg
KGW,morph,0,7,11,-2.1262575813923053,-2.1262575813923053,907,0,1,0,neg
KGW,morph,0,7,12,-2.3841582427170787,-2.3841582427170787,913,1,1,0,neg
KGW,morph,0,7,13,-0.40061680838488767,-0.40061680838488767,1054,2,2,0,neg
KGW,morph,0,7,14,0.16511454667095662,0.16511454667095662,918,0,0,0,neg
KGW,morph,0,8,11,-0.43301270189221935,-0.43301270189221935,769,0,0,0,neg
KGW,morph,0,8,12,-0.8528028654224418,-0.8528028654224418,793,0,0,0,neg
KGW,morph,0,8,13,-0.621997473274912,-0.621997473274912,748,0,0,0,neg
KGW,morph,0,8,14,-0.8328707558159619,-0.8328707558159619,902,0,0,0,neg
KGW,morph,0,9,11,-0.711530850088466,-0.711530850088466,957,0,0,0,neg
KGW,morph,0,9,12,0.128564869306645,0.128564869306645,969,0,0,0,neg
KGW,morph,0,9,13,0.151934281365691,0.151934281365691,1084,0,0,0,neg
KGW,morph,0,9,14,0.25374459187822046,0.25374459187822046,995,0,0,0,neg
KGW,morph,0,10,11,-0.4026936331284146,-0.4026936331284146,889,0,0,0,neg
KGW,morph,0,10,12,0.6843859108291549,0.6843859108291549,855,1,0,0,neg
KGW,morph,0,10,13,1.7560148562387776,1.7560148562387776,982,3,0,0,neg
KGW,morph,0,10,14,0.9439751632913289,0.9439751632913289,1011,0,1,0,neg
KGW,morph,0,11,11,-0.03309516961607476,-0.03309516961607476,914,0,0,0,neg
KGW,morph,0,11,12,1.7656860023298393,1.7656860023298393,902,0,0,0,neg
KGW,morph,0,11,13,-0.4980668251281895,-0.4980668251281895,908,0,0,0,neg
KGW,morph,0,11,14,0.06892455167955776,0.06892455167955776,843,0,0,0,neg
KGW,morph,0,12,11,-0.6013377943029549,-0.6013377943029549,897,4,1,0,neg
KGW,morph,0,12,12,-1.9192701434654484,-1.9192701434654484,946,0,0,0,neg
KGW,morph,0,12,13,-0.687614164172529,-0.687614164172529,847,0,0,0,neg
KGW,morph,0,12,14,-0.6253926177428015,-0.6253926177428015,924,0,0,0,neg
KGW,morph,0,13,11,-1.4405881151970743,-1.4405881151970743,851,0,0,0,neg
KGW,morph,0,13,12,2.1811523886639046,2.1811523886639046,809,1,0,0,neg
KGW,morph,0,13,13,3.7654171001178085,3.7654171001178085,870,1,1,0,neg
KGW,morph,0,13,14,-1.2391564216175794,-1.2391564216175794,1043,0,1,0,neg
KGW,morph,0,14,11,-1.0136060675992289,-1.0136060675992289,877,0,0,0,neg
KGW,morph,0,14,12,-0.7682212795973759,-0.7682212795973759,977,0,0,0,neg
KGW,morph,0,14,13,-0.7466115941353748,-0.7466115941353748,950,0,0,0,neg
KGW,morph,0,14,14,-1.5689290811054721,-1.5689290811054721,937,0,0,0,neg
KGW,morph,0,15,11,0.5502760564641688,0.5502760564641688,1071,0,0,0,neg
KGW,morph,0,15,12,-0.8101300387046826,-0.8101300387046826,1031,0,0,0,neg
KGW,morph,0,15,13,1.3858697343671664,1.3858697343671664,1009,0,0,0,neg
KGW,morph,0,15,14,-1.6996731711975948,-1.6996731711975948,937,0,0,0,neg
KGW,morph,0,16,11,-1.1813190851060866,-1.1813190851060866,982,1,0,0,neg
KGW,morph,0,16,12,-1.584236068762679,-1.584236068762679,919,3,0,0,neg
KGW,morph,0,16,13,-1.5998986062890241,-1.5998986062890241,864,0,0,0,neg
KGW,morph,0,16,14,-1.1188537620401051,-1.1188537620401051,819,0,0,0,neg
KGW,morph,0,17,11,-2.5146223643131638,-2.5146223643131638,867,2,0,0,neg
KGW,morph,0,17,12,-1.3884202690012466,-1.3884202690012466,831,0,0,0,neg
KGW,morph,0,17,13,0.28039985489311264,0.28039985489311264,815,3,0,0,neg
KGW,morph,0,17,14,0.4824718617569043,0.4824718617569043,843,0,0,0,neg
KGW,morph,0,18,11,1.2830005981991683,1.2830005981991683,973,0,1,0,neg
KGW,morph,0,18,12,0.4803844614152614,0.4803844614152614,976,0,0,0,neg
KGW,morph,0,18,13,2.793468848598904,2.793468848598904,1039,3,2,0,neg
KGW,morph,0,18,14,1.860350867388794,1.860350867388794,973,0,0,0,neg
KGW,morph,0,19,11,2.2913516529901776,2.2913516529901776,856,0,0,0,neg
KGW,morph,0,19,12,2.1688945736725573,2.1688945736725573,927,0,0,0,neg
KGW,morph,0,19,13,1.3784910335911553,1.3784910335911553,843,0,0,0,neg
KGW,morph,0,19,14,-0.3515615246553262,-0.3515615246553262,980,2,0,0,neg
KGW,morph,0,20,11,-0.38851434494290565,-0.38851434494290565,955,0,0,0,neg
KGW,morph,0,20,12,-0.8326597992593108,-0.8326597992593108,1214,0,0,0,neg
KGW,morph,0,20,13,-0.3099764656432308,-0.3099764656432308,844,0,0,0,neg
KGW,morph,0,20,14,0.4504426164614508,0.4504426164614508,967,0,0,0,neg
KGW,morph,0,21,11,-1.4987609886374715,-1.4987609886374715,943,0,0,0,neg
KGW,morph,0,21,12,0.7027642214999339,0.7027642214999339,981,0,0,0,neg
KGW,morph,0,21,13,1.212183053462653,1.212183053462653,883,0,0,0,neg
KGW,morph,0,21,14,-0.401789718109455,-0.401789718109455,893,0,0,0,neg
KGW,morph,0,22,11,1.1448395504925055,1.1448395504925055,883,0,0,0,neg
KGW,morph,0,22,12,-0.03090485136077065,-0.03090485136077065,1048,0,3,0,neg
KGW,morph,0,22,13,1.347042702804773,1.347042702804773,1020,0,0,0,neg
KGW,morph,0,22,14,0.8125,0.8125,1025,0,0,0,neg
KGW,morph,0,23,11,0.4036036763977875,0.4036036763977875,885,0,0,0,neg
KGW,morph,0,23,12,2.3204774044612857,2.3204774044612857,911,19,6,0,neg
KGW,morph,0,23,13,1.0860901604998978,1.0860901604998978,981,20,6,0,neg
KGW,morph,0,23,14,0.9148600992217911,0.9148600992217911,872,14,8,0,neg
KGW,morph,1,0,11,8.270984572815852,8.270984572815852,959,2,0,0,pos_KGW
KGW,morph,1,0,12,7.733858380202354,7.733858380202354,956,0,0,0,pos_KGW
KGW,morph,1,0,13,8.151812975928763,8.151812975928763,804,0,0,0,pos_KGW
KGW,morph,1,0,14,6.681531047810609,6.681531047810609,897,0,0,0,pos_KGW
KGW,morph,1,1,11,8.901636390843125,8.901636390843125,921,2,2,0,pos_KGW
KGW,morph,1,1,12,9.240587726896031,9.240587726896031,1041,0,0,0,pos_KGW
KGW,morph,1,1,13,9.008425175241843,9.008425175241843,1016,1,0,0,pos_KGW
KGW,morph,1,1,14,8.167104415460207,8.167104415460207,879,2,1,0,pos_KGW
KGW,morph,1,2,11,10.072274034464716,10.072274034464716,853,0,1,0,pos_KGW
KGW,morph,1,2,12,13.233345018908167,13.233345018908167,874,1,1,0,pos_KGW
KGW,morph,1,2,13,14.837192877701582,14.837192877701582,1013,5,3,0,pos_KGW
KGW,morph,1,2,14,22.374360475114646,22.374360475114646,1800,0,0,0,pos_KGW
KGW,morph,1,3,11,8.83937379840801,8.83937379840801,893,0,0,0,pos_KGW
KGW,morph,1,3,12,9.20336079031889,9.20336079031889,920,1,0,0,pos_KGW
KGW,morph,1,3,13,8.323479926776498,8.323479926776498,1007,0,0,0,pos_KGW
KGW,morph,1,3,14,7.556602701547001,7.556602701547001,803,1,0,0,pos_KGW
KGW,morph,1,4,11,15.320646925708528,15.320646925708528,1801,1,0,0,pos_KGW
KGW,morph,1,4,12,9.851293551859756,9.851293551859756,1043,0,0,0,pos_KGW
KGW,morph,1,4,13,9.37585132155652,9.37585132155652,1018,1,0,0,pos_KGW
KGW,morph,1,4,14,8.783318272786794,8.783318272786794,1010,1,1,0,pos_KGW
KGW,morph,1,5,11,9.902881755684406,9.902881755684406,1000,0,0,0,pos_KGW
KGW,morph,1,5,12,9.568495052043222,9.568495052043222,821,0,0,0,pos_KGW
KGW,morph,1,5,13,9.559871170760692,9.559871170760692,1039,0,0,0,pos_KGW
KGW,morph,1,5,14,9.018411919761837,9.018411919761837,845,0,0,0,pos_KGW
KGW,morph,1,6,11,13.836310808944187,13.836310808944187,1408,1,0,0,pos_KGW
KGW,morph,1,6,12,12.053357900171186,12.053357900171186,1130,0,0,0,pos_KGW
KGW,morph,1,6,13,12.714915050766225,12.714915050766225,1113,0,0,0,pos_KGW
KGW,morph,1,6,14,13.70109484676316,13.70109484676316,1301,0,0,0,pos_KGW
KGW,morph,1,7,11,12.08339152434816,12.08339152434816,959,1,1,0,pos_KGW
KGW,morph,1,7,12,14.070703552766897,14.070703552766897,1112,14,3,0,pos_KGW
KGW,morph,1,7,13,13.536392815410926,13.536392815410926,950,3,0,0,pos_KGW
KGW,morph,1,7,14,12.089632885285262,12.089632885285262,1031,5,0,0,pos_KGW
KGW,morph,1,8,11,4.76999046002862,4.76999046002862,802,0,0,0,pos_KGW
KGW,morph,1,8,12,8.432774650830432,8.432774650830432,771,0,0,0,pos_KGW
KGW,morph,1,8,13,7.323133574959279,7.323133574959279,800,0,0,0,pos_KGW
KGW,morph,1,8,14,5.991091627840364,5.991091627840364,778,0,0,0,pos_KGW
KGW,morph,1,9,11,9.869787151337075,9.869787151337075,1072,0,0,0,pos_KGW
KGW,morph,1,9,12,11.233349924239711,11.233349924239711,1250,0,0,0,pos_KGW
KGW,morph,1,9,13,11.613664063613006,11.613664063613006,1027,1,0,0,pos_KGW
KGW,morph,1,9,14,11.1652674723637,11.1652674723637,1058,0,0,0,pos_KGW
KGW,morph,1,10,11,12.524050936172841,12.524050936172841,946,0,0,0,pos_KGW
KGW,morph,1,10,12,14.970858083633672,14.970858083633672,1336,2,2,0,pos_KGW
KGW,morph,1,10,13,12.636867796197535,12.636867796197535,983,3,0,0,pos_KGW
KGW,morph,1,10,14,18.330729248225023,18.330729248225023,1600,7,1,0,pos_KGW
KGW,morph,1,11,11,13.316643832934815,13.316643832934815,1010,0,0,0,pos_KGW
KGW,morph,1,11,12,11.065570688571576,11.065570688571576,923,0,0,0,pos_KGW
KGW,morph,1,11,13,8.290652039653066,8.290652039653066,846,0,0,0,pos_KGW
KGW,morph,1,11,14,8.072649922279348,8.072649922279348,991,0,0,0,pos_KGW
KGW,morph,1,12,11,8.701896614809652,8.701896614809652,853,0,0,0,pos_KGW
KGW,morph,1,12,12,8.989986468521325,8.989986468521325,978,0,0,0,pos_KGW
KGW,morph,1,12,13,8.232187289112488,8.232187289112488,953,2,0,0,pos_KGW
KGW,morph,1,12,14,6.452344020806072,6.452344020806072,905,0,0,0,pos_KGW
KGW,morph,1,13,11,10.322792935107563,10.322792935107563,742,0,0,0,pos_KGW
KGW,morph,1,13,12,12.175234129551313,12.175234129551313,970,2,0,0,pos_KGW
KGW,morph,1,13,13,11.307964874616848,11.307964874616848,863,2,0,0,pos_KGW
KGW,morph,1,13,14,13.13948374670421,13.13948374670421,1148,0,0,0,pos_KGW
KGW,morph,1,14,11,9.996451593714056,9.996451593714056,1058,0,0,0,pos_KGW
KGW,morph,1,14,12,7.302967433402215,7.302967433402215,1081,0,0,0,pos_KGW
KGW,morph,1,14,13,7.604691006293735,7.604691006293735,997,0,0,0,pos_KGW
KGW,morph,1,14,14,9.342914068428719,9.342914068428719,925,0,0,0,pos_KGW
KGW,morph,1,15,11,7.6150237346555825,7.6150237346555825,1140,0,0,0,pos_KGW
KGW,morph,1,15,12,6.312009459327049,6.312009459327049,985,0,0,0,pos_KGW
KGW,morph,1,15,13,6.510213735576036,6.510213735576036,889,1,0,0,pos_KGW
KGW,morph,1,15,14,9.428090415820634,9.428090415820634,1153,1,0,0,pos_KGW
KGW,morph,1,16,11,13.534402760493448,13.534402760493448,1034,0,0,0,pos_KGW
KGW,morph,1,16,12,12.287080622768565,12.287080622768565,869,0,0,0,pos_KGW
KGW,morph,1,16,13,16.10175266674644,16.10175266674644,1172,0,0,0,pos_KGW
KGW,morph,1,16,14,14.422242180698415,14.422242180698415,936,0,1,0,pos_KGW
KGW,morph,1,17,11,8.47065336936514,8.47065336936514,1017,0,0,0,pos_KGW
KGW,morph,1,17,12,11.568679416179853,11.568679416179853,991,0,0,0,pos_KGW
KGW,morph,1,17,13,9.536632970868315,9.536632970868315,913,0,0,0,pos_KGW
KGW,morph,1,17,14,9.098265939934514,9.098265939934514,1003,2,2,0,pos_KGW
KGW,morph,1,18,11,10.619771334525836,10.619771334525836,1008,0,3,0,pos_KGW
KGW,morph,1,18,12,11.14613346082937,11.14613346082937,1004,1,0,0,pos_KGW
KGW,morph,1,18,13,12.636761730584823,12.636761730584823,1013,0,1,0,pos_KGW
KGW,morph,1,18,14,10.142690885744072,10.142690885744072,1066,0,0,0,pos_KGW
KGW,morph,1,19,11,9.655274265053896,9.655274265053896,848,0,0,0,pos_KGW
KGW,morph,1,19,12,10.704106195625872,10.704106195625872,797,2,0,0,pos_KGW
KGW,morph,1,19,13,8.163874053168877,8.163874053168877,992,1,0,0,pos_KGW
KGW,morph,1,19,14,10.459223146926798,10.459223146926798,1033,1,0,0,pos_KGW
KGW,morph,1,20,11,6.8867841460328885,6.8867841460328885,922,0,0,0,pos_KGW
KGW,morph,1,20,12,6.499243466086647,6.499243466086647,967,1,0,0,pos_KGW
KGW,morph,1,20,13,7.602758824767021,7.602758824767021,1031,0,0,0,pos_KGW
KGW,morph,1,20,14,6.676498352587293,6.676498352587293,953,0,0,0,pos_KGW
KGW,morph,1,21,11,8.76249546540977,8.76249546540977,815,0,0,0,pos_KGW
KGW,morph,1,21,12,9.208061462894177,9.208061462894177,880,0,0,0,pos_KGW
KGW,morph,1,21,13,11.528352554522229,11.528352554522229,928,0,0,0,pos_KGW
KGW,morph,1,21,14,10.192969477449951,10.192969477449951,920,0,0,0,pos_KGW
KGW,morph,1,22,11,12.790308831298798,12.790308831298798,1126,4,0,0,pos_KGW
KGW,morph,1,22,12,10.652380262543964,10.652380262543964,990,3,1,0,pos_KGW
KGW,morph,1,22,13,11.584936872155954,11.584936872155954,893,0,0,0,pos_KGW
KGW,morph,1,22,14,11.570446376773809,11.570446376773809,1091,6,0,0,pos_KGW
KGW,morph,1,23,11,15.279681438110426,15.279681438110426,1102,3,0,0,pos_KGW
KGW,morph,1,23,12,14.11872838806449,14.11872838806449,1035,4,0,0,pos_KGW
KGW,morph,1,23,13,13.18760946791574,13.18760946791574,921,17,3,0,pos_KGW
KGW,morph,1,23,14,13.601315562727045,13.601315562727045,950,1,0,0,pos_KGW
KGW,morph+dia,0,0,11,-0.9197090092274488,-0.9197090092274488,1065,1,0,0,neg
KGW,morph+dia,0,0,12,-1.3661476666175616,-1.3661476666175616,1086,0,0,0,neg
KGW,morph+dia,0,0,13,-1.7346309532082798,-1.7346309532082798,1119,0,0,0,neg
KGW,morph+dia,0,0,14,-1.2731936927913006,-1.2731936927913006,1038,1,0,0,neg
KGW,morph+dia,0,1,11,0.597555190536317,0.597555190536317,1012,1,0,0,neg
KGW,morph+dia,0,1,12,0.0,0.0,1035,0,0,0,neg
KGW,morph+dia,0,1,13,-0.059391387091649865,-0.059391387091649865,1135,2,1,0,neg
KGW,morph+dia,0,1,14,2.447077640038818,2.447077640038818,1017,0,0,0,neg
KGW,morph+dia,0,2,11,0.2579303520876644,0.2579303520876644,963,0,1,0,neg
KGW,morph+dia,0,2,12,-0.4175334003835326,-0.4175334003835326,827,0,0,0,neg
KGW,morph+dia,0,2,13,-1.070481562861578,-1.070481562861578,1070,2,1,0,neg
KGW,morph+dia,0,2,14,0.8213712306885325,0.8213712306885325,1003,2,0,0,neg
KGW,morph+dia,0,3,11,1.259496302198541,1.259496302198541,1113,0,0,0,neg
KGW,morph+dia,0,3,12,1.3941933511538516,1.3941933511538516,997,0,0,0,neg
KGW,morph+dia,0,3,13,3.3962889572473287,3.3962889572473287,1108,1,0,0,neg
KGW,morph+dia,0,3,14,0.5244448920732585,0.5244448920732585,1179,0,0,0,neg
KGW,morph+dia,0,4,11,-2.3297408241459623,-2.3297408241459623,1301,0,1,0,neg
KGW,morph+dia,0,4,12,-2.8762632850175027,-2.8762632850175027,1115,0,0,0,neg
KGW,morph+dia,0,4,13,-1.5764815627361644,-1.5764815627361644,1089,0,0,0,neg
KGW,morph+dia,0,4,14,-3.0284966819701378,-3.0284966819701378,944,0,0,0,neg
KGW,morph+dia,0,5,11,1.7300565054595336,1.7300565054595336,870,0,0,0,neg
KGW,morph+dia,0,5,12,2.0691914841450156,2.0691914841450156,928,0,0,0,neg
KGW,morph+dia,0,5,13,-1.1407036509440602,-1.1407036509440602,997,4,1,0,neg
KGW,morph+dia,0,5,14,1.2302954256525345,1.2302954256525345,955,0,0,0,neg
KGW,morph+dia,0,6,11,1.3585174346518945,1.3585174346518945,1581,0,0,0,neg
KGW,morph+dia,0,6,12,0.3882759992081743,0.3882759992081743,1122,0,0,0,neg
KGW,morph+dia,0,6,13,-0.24324324324324326,-0.24324324324324326,1370,0,0,0,neg
KGW,morph+dia,0,6,14,2.146354492351533,2.146354492351533,1288,0,1,0,neg
KGW,morph+dia,0,7,11,0.0,0.0,925,0,1,0,neg
KGW,morph+dia,0,7,12,-0.36167777207178603,-0.36167777207178603,926,1,1,0,neg
KGW,morph+dia,0,7,13,0.9472551135958184,0.9472551135958184,1072,2,2,0,neg
KGW,morph+dia,0,7,14,-0.228924479058705,-0.228924479058705,936,0,0,0,neg
KGW,morph+dia,0,8,11,-1.9052998708248954,-1.9052998708248954,896,0,0,0,neg
KGW,morph+dia,0,8,12,-0.06711560552140243,-0.06711560552140243,889,0,0,0,neg
KGW,morph+dia,0,8,13,-1.9010781070057796,-1.9010781070057796,838,0,0,0,neg
KGW,morph+dia,0,8,14,-0.914776431920942,-0.914776431920942,1006,0,0,0,neg
KGW,morph+dia,0,9,11,0.2781436622469358,0.2781436622469358,1048,0,0,0,neg
KGW,morph+dia,0,9,12,-0.3964962828647722,-0.3964962828647722,1076,0,0,0,neg
KGW,morph+dia,0,9,13,1.0766555296617522,1.0766555296617522,1182,0,0,0,neg
KGW,morph+dia,0,9,14,-0.12216944435630522,-0.12216944435630522,1073,0,0,0,neg
KGW,morph+dia,0,10,11,1.4490628282653253,1.4490628282653253,923,0,0,0,neg
KGW,morph+dia,0,10,12,2.289679100985011,2.289679100985011,883,1,0,0,neg
KGW,morph+dia,0,10,13,2.5098232205526343,2.5098232205526343,1017,3,0,0,neg
KGW,morph+dia,0,10,14,1.8498792479346222,1.8498792479346222,1053,0,1,0,neg
KGW,morph+dia,0,11,11,1.3970013970020956,1.3970013970020956,993,0,0,0,neg
KGW,morph+dia,0,11,12,0.7705935588815227,0.7705935588815227,971,0,0,0,neg
KGW,morph+dia,0,11,13,0.7320980661911148,0.7320980661911148,988,0,0,0,neg
KGW,morph+dia,0,11,14,1.1233916207736525,1.1233916207736525,917,0,0,0,neg
KGW,morph+dia,0,12,11,-0.6985006985010478,-0.6985006985010478,993,4,1,0,neg
KGW,morph+dia,0,12,12,-0.3991036138995859,-0.3991036138995859,1062,0,0,0,neg
KGW,morph+dia,0,12,13,0.6233697791785473,0.6233697791785473,930,0,0,0,neg
KGW,morph+dia,0,12,14,-0.90492539515073,-0.90492539515073,1028,0,0,0,neg
KGW,morph+dia,0,13,11,-1.5939701191492708,-1.5939701191492708,946,0,0,0,neg
KGW,morph+dia,0,13,12,1.265261600602851,1.265261600602851,903,1,0,0,neg
KGW,morph+dia,0,13,13,-0.16247816846282068,-0.16247816846282068,948,1,1,0,neg
KGW,morph+dia,0,13,14,-0.8467378855869865,-0.8467378855869865,1174,0,1,0,neg
KGW,morph+dia,0,14,11,0.12751534261266764,0.12751534261266764,985,0,0,0,neg
KGW,morph+dia,0,14,12,0.1504142093990467,0.1504142093990467,1106,0,0,0,neg
KGW,morph+dia,0,14,13,1.1995741912456868,1.1995741912456868,1058,0,0,0,neg
KGW,morph+dia,0,14,14,-0.03070027799227584,-0.03070027799227584,1062,0,0,0,neg
KGW,morph+dia,0,15,11,-0.7419491891959544,-0.7419491891959544,1229,0,0,0,neg
KGW,morph+dia,0,15,12,0.5590653920196746,0.5590653920196746,1156,0,0,0,neg
KGW,morph+dia,0,15,13,0.9339334486684464,0.9339334486684464,1175,0,0,0,neg
KGW,morph+dia,0,15,14,-0.525382473133101,-0.525382473133101,1048,0,0,0,neg
KGW,morph+dia,0,16,11,0.24975621642178508,0.24975621642178508,1027,1,0,0,neg
KGW,morph+dia,0,16,12,1.0041885000071922,1.0041885000071922,954,3,0,0,neg
KGW,morph+dia,0,16,13,-0.3628565186147232,-0.3628565186147232,920,0,0,0,neg
KGW,morph+dia,0,16,14,0.6490276364008973,0.6490276364008973,858,0,0,0,neg
KGW,morph+dia,0,17,11,-1.7999081702930302,-1.7999081702930302,969,2,0,0,neg
KGW,morph+dia,0,17,12,-1.4230922934912147,-1.4230922934912147,914,0,0,0,neg
KGW,morph+dia,0,17,13,-0.5650991210173536,-0.5650991210173536,906,3,0,0,neg
KGW,morph+dia,0,17,14,-1.1161046793076417,-1.1161046793076417,929,0,0,0,neg
KGW,morph+dia,0,18,11,-1.131433534933286,-1.131433534933286,1129,0,1,0,neg
KGW,morph+dia,0,18,12,-0.39214303531439504,-0.39214303531439504,1100,0,0,0,neg
KGW,morph+dia,0,18,13,1.1099918518902734,1.1099918518902734,1173,3,2,0,neg
KGW,morph+dia,0,18,14,1.0538536114044361,1.0538536114044361,1104,0,0,0,neg
KGW,morph+dia,0,19,11,0.1273859510596964,0.1273859510596964,987,0,0,0,neg
KGW,morph+dia,0,19,12,2.5129117966586754,2.5129117966586754,1040,0,0,0,neg
KGW,morph+dia,0,19,13,-0.032157832069216574,-0.032157832069216574,968,0,0,0,neg
KGW,morph+dia,0,19,14,-1.0,-1.0,1090,2,0,0,neg
KGW,morph+dia,0,20,11,0.12356041264304309,0.12356041264304309,1049,0,0,0,neg
KGW,morph+dia,0,20,12,0.658585559938142,0.658585559938142,1329,0,0,0,neg
KGW,morph+dia,0,20,13,-0.09863939238321437,-0.09863939238321437,926,0,0,0,neg
KGW,morph+dia,0,20,14,1.5657141776060677,1.5657141776060677,1062,0,0,0,neg
KGW,morph+dia,0,21,11,-1.8359579197154634,-1.8359579197154634,999,0,0,0,neg
KGW,morph+dia,0,21,12,-1.1369824051465538,-1.1369824051465538,1060,0,0,0,neg
KGW,morph+dia,0,21,13,0.8064516129032258,0.8064516129032258,962,0,0,0,neg
KGW,morph+dia,0,21,14,0.03225806451612903,0.03225806451612903,962,0,0,0,neg
KGW,morph+dia,0,22,11,2.1391453703272383,2.1391453703272383,982,0,0,0,neg
KGW,morph+dia,0,22,12,1.1157184170779366,1.1157184170779366,1161,0,3,0,neg
KGW,morph+dia,0,22,13,2.1901095082131845,2.1901095082131845,1112,0,0,0,neg
KGW,morph+dia,0,22,14,2.2755583795773355,2.2755583795773355,1146,0,0,0,neg
KGW,morph+dia,0,23,11,3.2812826978938827,3.2812826978938827,893,0,0,0,neg
KGW,morph+dia,0,23,12,2.5317444045025024,2.5317444045025024,926,19,6,0,neg
KGW,morph+dia,0,23,13,1.0916742084154905,1.0916742084154905,971,20,6,0,neg
KGW,morph+dia,0,23,14,1.0540316214229712,1.0540316214229712,866,14,8,0,neg
KGW,morph+dia,1,0,11,3.755851703455373,3.755851703455373,1091,2,0,0,pos_KGW
KGW,morph+dia,1,0,12,3.6415590591053695,3.6415590591053695,1051,0,0,0,pos_KGW
KGW,morph+dia,1,0,13,2.860317452522279,2.860317452522279,905,0,0,0,pos_KGW
KGW,morph+dia,1,0,14,2.295869942586902,2.295869942586902,1012,0,0,0,pos_KGW
KGW,morph+dia,1,1,11,3.0359332329630697,3.0359332329630697,1043,2,2,0,pos_KGW
KGW,morph+dia,1,1,12,4.263108710658201,4.263108710658201,1190,0,0,0,pos_KGW
KGW,morph+dia,1,1,13,5.74222660372396,5.74222660372396,1119,1,0,0,pos_KGW
KGW,morph+dia,1,1,14,3.8876581786322357,3.8876581786322357,1002,2,1,0,pos_KGW
KGW,morph+dia,1,2,11,4.3478504035892325,4.3478504035892325,895,0,1,0,pos_KGW
KGW,morph+dia,1,2,12,9.879973829081765,9.879973829081765,923,1,1,0,pos_KGW
KGW,morph+dia,1,2,13,10.456788889162025,10.456788889162025,1052,5,3,0,pos_KGW
KGW,morph+dia,1,2,14,19.722801399859527,19.722801399859527,1802,0,0,0,pos_KGW
KGW,morph+dia,1,3,11,7.3025073025109535,7.3025073025109535,993,0,0,0,pos_KGW
KGW,morph+dia,1,3,12,4.751186219440707,4.751186219440707,1038,1,0,0,pos_KGW
KGW,morph+dia,1,3,13,7.536672417387698,7.536672417387698,1119,0,0,0,pos_KGW
KGW,morph+dia,1,3,14,4.288747459289315,4.288747459289315,934,1,0,0,pos_KGW
KGW,morph+dia,1,4,11,6.479058811545566,6.479058811545566,1882,1,0,0,pos_KGW
KGW,morph+dia,1,4,12,4.5413355759687395,4.5413355759687395,1181,0,0,0,pos_KGW
KGW,morph+dia,1,4,13,3.155843721336013,3.155843721336013,1108,1,0,0,pos_KGW
KGW,morph+dia,1,4,14,4.015580412950469,4.015580412950469,1098,1,1,0,pos_KGW
KGW,morph+dia,1,5,11,7.534535869529772,7.534535869529772,1067,0,0,0,pos_KGW
KGW,morph+dia,1,5,12,4.901894677425396,4.901894677425396,876,0,0,0,pos_KGW
KGW,morph+dia,1,5,13,5.926974966883571,5.926974966883571,1117,0,0,0,pos_KGW
KGW,morph+dia,1,5,14,6.874309035939799,6.874309035939799,899,0,0,0,pos_KGW
KGW,morph+dia,1,6,11,8.15435506300201,8.15435506300201,1541,1,0,0,pos_KGW
KGW,morph+dia,1,6,12,7.3130685529344674,7.3130685529344674,1236,0,0,0,pos_KGW
KGW,morph+dia,1,6,13,8.380569037782255,8.380569037782255,1215,0,0,0,pos_KGW
KGW,morph+dia,1,6,14,9.247938426148643,9.247938426148643,1458,0,0,0,pos_KGW
KGW,morph+dia,1,7,11,7.538743466999291,7.538743466999291,981,1,1,0,pos_KGW
KGW,morph+dia,1,7,12,8.277329545038251,8.277329545038251,1129,14,3,0,pos_KGW
KGW,morph+dia,1,7,13,7.96621576747975,7.96621576747975,978,3,0,0,pos_KGW
KGW,morph+dia,1,7,14,7.350431090031545,7.350431090031545,1076,5,0,0,pos_KGW
KGW,morph+dia,1,8,11,1.044416536820274,1.044416536820274,882,0,0,0,pos_KGW
KGW,morph+dia,1,8,12,4.75926935391541,4.75926935391541,854,0,0,0,pos_KGW
KGW,morph+dia,1,8,13,2.715376933208523,2.715376933208523,869,0,0,0,pos_KGW
KGW,morph+dia,1,8,14,3.0148303232411395,3.0148303232411395,853,0,0,0,pos_KGW
KGW,morph+dia,1,9,11,6.303772897449275,6.303772897449275,1186,0,0,0,pos_KGW
KGW,morph+dia,1,9,12,8.43627368926102,8.43627368926102,1360,0,0,0,pos_KGW
KGW,morph+dia,1,9,13,7.3836927698082695,7.3836927698082695,1111,1,0,0,pos_KGW
KGW,morph+dia,1,9,14,6.1502705938218885,6.1502705938218885,1178,0,0,0,pos_KGW
KGW,morph+dia,1,10,11,8.4002187067661,8.4002187067661,959,0,0,0,pos_KGW
KGW,morph+dia,1,10,12,11.725471464530319,11.725471464530319,1390,2,2,0,pos_KGW
KGW,morph+dia,1,10,13,6.889450534593473,6.889450534593473,1030,3,0,0,pos_KGW
KGW,morph+dia,1,10,14,12.625361686802972,12.625361686802972,1652,7,1,0,pos_KGW
KGW,morph+dia,1,11,11,9.831733490357353,9.831733490357353,1087,0,0,0,pos_KGW
KGW,morph+dia,1,11,12,8.027764012762123,8.027764012762123,1010,0,0,0,pos_KGW
KGW,morph+dia,1,11,13,6.446501147846041,6.446501147846041,916,0,0,0,pos_KGW
KGW,morph+dia,1,11,14,5.261786909416896,5.261786909416896,1082,0,0,0,pos_KGW
KGW,morph+dia,1,12,11,2.796101181678127,2.796101181678127,947,0,0,0,pos_KGW
KGW,morph+dia,1,12,12,4.653487844744423,4.653487844744423,1082,0,0,0,pos_KGW
KGW,morph+dia,1,12,13,4.464180770601325,4.464180770601325,1056,2,0,0,pos_KGW
KGW,morph+dia,1,12,14,2.6759213375873743,2.6759213375873743,1010,0,0,0,pos_KGW
KGW,morph+dia,1,13,11,4.432664531800839,4.432664531800839,809,0,0,0,pos_KGW
KGW,morph+dia,1,13,12,6.644543042565689,6.644543042565689,1048,2,0,0,pos_KGW
KGW,morph+dia,1,13,13,6.22642205140062,6.22642205140062,942,2,0,0,pos_KGW
KGW,morph+dia,1,13,14,6.659125246200584,6.659125246200584,1257,0,0,0,pos_KGW
KGW,morph+dia,1,14,11,3.5551508750488923,3.5551508750488923,1198,0,0,0,pos_KGW
KGW,morph+dia,1,14,12,6.061025687840629,6.061025687840629,1236,0,0,0,pos_KGW
KGW,morph+dia,1,14,13,5.317874403649643,5.317874403649643,1134,0,0,0,pos_KGW
KGW,morph+dia,1,14,14,5.382647534633026,5.382647534633026,1034,0,0,0,pos_KGW
KGW,morph+dia,1,15,11,3.5089663377771623,3.5089663377771623,1270,0,0,0,pos_KGW
KGW,morph+dia,1,15,12,2.9516097302997224,2.9516097302997224,1126,0,0,0,pos_KGW
KGW,morph+dia,1,15,13,4.050670918895305,4.050670918895305,984,1,0,0,pos_KGW
KGW,morph+dia,1,15,14,3.853373177942262,3.853373177942262,1321,1,0,0,pos_KGW
KGW,morph+dia,1,16,11,10.123664577359616,10.123664577359616,1096,0,0,0,pos_KGW
KGW,morph+dia,1,16,12,8.901636390843125,8.901636390843125,921,0,0,0,pos_KGW
KGW,morph+dia,1,16,13,10.769274475435786,10.769274475435786,1233,0,0,0,pos_KGW
KGW,morph+dia,1,16,14,9.241810817890393,9.241810817890393,1013,0,1,0,pos_KGW
KGW,morph+dia,1,17,11,3.1673091313854984,3.1673091313854984,1100,0,0,0,pos_KGW
KGW,morph+dia,1,17,12,5.949641173087296,5.949641173087296,1131,0,0,0,pos_KGW
KGW,morph+dia,1,17,13,6.014344909412725,6.014344909412725,999,0,0,0,pos_KGW
KGW,morph+dia,1,17,14,5.223273770228807,5.223273770228807,1098,2,2,0,pos_KGW
KGW,morph+dia,1,18,11,5.428604875074232,5.428604875074232,1125,0,3,0,pos_KGW
KGW,morph+dia,1,18,12,7.618893094976946,7.618893094976946,1095,1,0,0,pos_KGW
KGW,morph+dia,1,18,13,6.493094697110508,6.493094697110508,1149,0,1,0,pos_KGW
KGW,morph+dia,1,18,14,4.305086834477186,4.305086834477186,1215,0,0,0,pos_KGW
KGW,morph+dia,1,19,11,2.873959892556788,2.873959892556788,960,0,0,0,pos_KGW
KGW,morph+dia,1,19,12,3.384988889159857,3.384988889159857,909,2,0,0,pos_KGW
KGW,morph+dia,1,19,13,3.269410640527702,3.269410640527702,1133,1,0,0,pos_KGW
KGW,morph+dia,1,19,14,3.7748613769037664,3.7748613769037664,1187,1,0,0,pos_KGW
KGW,morph+dia,1,20,11,3.9298320277763734,3.9298320277763734,1029,0,0,0,pos_KGW
KGW,morph+dia,1,20,12,3.877381965848981,3.877381965848981,1057,1,0,0,pos_KGW
KGW,morph+dia,1,20,13,5.5612294258799215,5.5612294258799215,1156,0,0,0,pos_KGW
KGW,morph+dia,1,20,14,3.5955060470141538,3.5955060470141538,1024,0,0,0,pos_KGW
KGW,morph+dia,1,21,11,3.5967656531725565,3.5967656531725565,886,0,0,0,pos_KGW
KGW,morph+dia,1,21,12,5.5628775552370975,5.5628775552370975,957,0,0,0,pos_KGW
KGW,morph+dia,1,21,13,6.655787142597199,6.655787142597199,1006,0,0,0,pos_KGW
KGW,morph+dia,1,21,14,6.394198272112476,6.394198272112476,999,0,0,0,pos_KGW
KGW,morph+dia,1,22,11,8.891194145520236,8.891194145520236,1201,4,0,0,pos_KGW
KGW,morph+dia,1,22,12,6.213278019506361,6.213278019506361,1079,3,1,0,pos_KGW
KGW,morph+dia,1,22,13,6.914194918467253,6.914194918467253,986,0,0,0,pos_KGW
KGW,morph+dia,1,22,14,6.790136984251545,6.790136984251545,1209,6,0,0,pos_KGW
KGW,morph+dia,1,23,11,11.405607462608879,11.405607462608879,1082,3,0,0,pos_KGW
KGW,morph+dia,1,23,12,10.44200163905793,10.44200163905793,1018,4,0,0,pos_KGW
KGW,morph+dia,1,23,13,5.964152777186377,5.964152777186377,922,17,3,0,pos_KGW
KGW,morph+dia,1,23,14,9.183996645933805,9.183996645933805,964,1,0,0,pos_KGW
KGW,morph_v1,0,0,11,-1.2686700948330931,-1.2686700948330931,946,7,0,0,neg
KGW,morph_v1,0,0,12,-0.5803432921972449,-0.5803432921972449,963,6,3,0,neg
KGW,morph_v1,0,0,13,-1.067726298136257,-1.067726298136257,1015,2,2,0,neg
KGW,morph_v1,0,0,14,-0.39434446794046496,-0.39434446794046496,927,4,1,0,neg
KGW,morph_v1,0,1,11,-1.0678538308255998,-1.0678538308255998,899,4,1,0,neg
KGW,morph_v1,0,1,12,-2.155913912121643,-2.155913912121643,910,9,1,0,neg
KGW,morph_v1,0,1,13,-0.8205527240271442,-0.8205527240271442,1005,4,4,0,neg
KGW,morph_v1,0,1,14,0.7276953218211847,0.7276953218211847,915,3,0,0,neg
KGW,morph_v1,0,2,11,1.2447313859527949,1.2447313859527949,933,0,3,0,neg
KGW,morph_v1,0,2,12,0.6006654653369373,0.6006654653369373,802,0,0,0,neg
KGW,morph_v1,0,2,13,-1.608744759585105,-1.608744759585105,1006,2,2,0,neg
KGW,morph_v1,0,2,14,0.2912331607607581,0.2912331607607581,956,2,0,0,neg
KGW,morph_v1,0,3,11,0.35084551266022324,0.35084551266022324,984,9,2,0,neg
KGW,morph_v1,0,3,12,0.7382716607354267,0.7382716607354267,889,9,0,0,neg
KGW,morph_v1,0,3,13,2.3746901775080973,2.3746901775080973,946,10,4,0,neg
KGW,morph_v1,0,3,14,0.9439751632913289,0.9439751632913289,1011,8,1,0,neg
KGW,morph_v1,0,4,11,-1.0159443179342347,-1.0159443179342347,1121,13,1,0,neg
KGW,morph_v1,0,4,12,-1.7998005871594167,-1.7998005871594167,1004,11,0,0,neg
KGW,morph_v1,0,4,13,-0.2584682679004954,-0.2584682679004954,959,9,4,0,neg
KGW,morph_v1,0,4,14,-2.5088349633969984,-2.5088349633969984,871,11,3,0,neg
KGW,morph_v1,0,5,11,3.335901189297962,3.335901189297962,812,3,1,0,neg
KGW,morph_v1,0,5,12,0.816496580927726,0.816496580927726,865,6,5,0,neg
KGW,morph_v1,0,5,13,-0.7903979063265412,-0.7903979063265412,923,14,3,0,neg
KGW,morph_v1,0,5,14,-0.03365267940680323,-0.03365267940680323,884,10,0,0,neg
KGW,morph_v1,0,6,11,0.5054550268294941,0.5054550268294941,1414,15,4,0,neg
KGW,morph_v1,0,6,12,-1.0773312258916126,-1.0773312258916126,997,8,2,0,neg
KGW,morph_v1,0,6,13,0.6319334885835687,0.6319334885835687,1213,5,2,0,neg
KGW,morph_v1,0,6,14,2.157347554664227,2.157347554664227,1146,9,2,0,neg
KGW,morph_v1,0,7,11,-2.062089326236992,-2.062089326236992,905,1,1,0,neg
KGW,morph_v1,0,7,12,-2.3841582427170787,-2.3841582427170787,913,1,2,0,neg
KGW,morph_v1,0,7,13,-0.40137988871138497,-0.40137988871138497,1050,5,8,0,neg
KGW,morph_v1,0,7,14,0.16511454667095662,0.16511454667095662,918,0,0,0,neg
KGW,morph_v1,0,8,11,-0.434144763175453,-0.434144763175453,765,4,1,0,neg
KGW,morph_v1,0,8,12,-1.0363754503432017,-1.0363754503432017,784,6,2,0,neg
KGW,morph_v1,0,8,13,-0.7342230982143524,-0.7342230982143524,743,3,1,0,neg
KGW,morph_v1,0,8,14,-0.7679476477883045,-0.7679476477883045,898,5,1,0,neg
KGW,morph_v1,0,9,11,-0.8098294354896711,-0.8098294354896711,954,5,3,0,neg
KGW,morph_v1,0,9,12,0.48437526279046994,0.48437526279046994,960,12,1,0,neg
KGW,morph_v1,0,9,13,-0.06091449038731726,-0.06091449038731726,1079,7,2,0,neg
KGW,morph_v1,0,9,14,0.44539933408304444,0.44539933408304444,989,6,2,0,neg
KGW,morph_v1,0,10,11,-0.4026936331284146,-0.4026936331284146,889,0,0,0,neg
KGW,morph_v1,0,10,12,0.7190263052677958,0.7190263052677958,854,2,2,0,neg
KGW,morph_v1,0,10,13,1.8837250276015978,1.8837250276015978,982,5,6,0,neg
KGW,morph_v1,0,10,14,0.9439751632913289,0.9439751632913289,1011,0,3,0,neg
KGW,morph_v1,0,11,11,0.23268787336008678,0.23268787336008678,906,11,1,0,neg
KGW,morph_v1,0,11,12,1.5727950313140984,1.5727950313140984,894,6,0,0,neg
KGW,morph_v1,0,11,13,-0.9704479980448693,-0.9704479980448693,894,10,3,0,neg
KGW,morph_v1,0,11,14,0.17282528245507087,0.17282528245507087,838,8,3,0,neg
KGW,morph_v1,0,12,11,-0.5695214286468868,-0.5695214286468868,892,12,3,0,neg
KGW,morph_v1,0,12,12,-1.8621088330966833,-1.8621088330966833,938,7,4,0,neg
KGW,morph_v1,0,12,13,-0.20726656075604002,-0.20726656075604002,839,9,3,0,neg
KGW,morph_v1,0,12,14,-0.6919735266348835,-0.6919735266348835,922,10,4,0,neg
KGW,morph_v1,0,13,11,-1.4774974853997065,-1.4774974853997065,848,2,1,0,neg
KGW,morph_v1,0,13,12,2.113409861029041,2.113409861029041,807,6,0,0,neg
KGW,morph_v1,0,13,13,3.7654171001178085,3.7654171001178085,870,1,1,0,neg
KGW,morph_v1,0,13,14,-1.27196769954328,-1.27196769954328,1040,2,1,0,neg
KGW,morph_v1,0,14,11,-1.1513852845136139,-1.1513852845136139,873,4,3,0,neg
KGW,morph_v1,0,14,12,-0.48186942465242666,-0.48186942465242666,970,7,4,0,neg
KGW,morph_v1,0,14,13,-0.6502560887623551,-0.6502560887623551,947,3,6,0,neg
KGW,morph_v1,0,14,14,-1.47481543202504,-1.47481543202504,932,4,2,0,neg
KGW,morph_v1,0,15,11,0.5518254055364693,0.5518254055364693,1065,6,4,0,neg
KGW,morph_v1,0,15,12,-1.0635391200527526,-1.0635391200527526,1023,8,5,0,neg
KGW,morph_v1,0,15,13,1.5163776566557523,1.5163776566557523,1003,5,2,0,neg
KGW,morph_v1,0,15,14,-1.673255723058206,-1.673255723058206,930,6,2,0,neg
KGW,morph_v1,0,16,11,-1.0860901604998978,-1.0860901604998978,981,2,1,0,neg
KGW,morph_v1,0,16,12,-1.7881186820378092,-1.7881186820378092,913,8,3,0,neg
KGW,morph_v1,0,16,13,-1.634886487896412,-1.634886487896412,863,1,0,0,neg
KGW,morph_v1,0,16,14,-1.1188537620401051,-1.1188537620401051,819,0,0,0,neg
KGW,morph_v1,0,17,11,-2.520450002173635,-2.520450002173635,863,6,1,0,neg
KGW,morph_v1,0,17,12,-1.4988857749078621,-1.4988857749078621,824,7,2,0,neg
KGW,morph_v1,0,17,13,0.21055872190307892,0.21055872190307892,813,6,0,0,neg
KGW,morph_v1,0,17,14,0.27701734442577747,0.27701734442577747,835,6,2,0,neg
KGW,morph_v1,0,18,11,0.7434844114105214,0.7434844114105214,958,19,1,0,neg
KGW,morph_v1,0,18,12,0.9652341781316803,0.9652341781316803,967,11,2,0,neg
KGW,morph_v1,0,18,13,3.005876597208718,3.005876597208718,1021,18,5,0,neg
KGW,morph_v1,0,18,14,1.5145538328382064,1.5145538328382064,964,11,3,0,neg
KGW,morph_v1,0,19,11,2.299434047232844,2.299434047232844,850,5,0,0,neg
KGW,morph_v1,0,19,12,2.1688945736725573,2.1688945736725573,927,0,1,0,neg
KGW,morph_v1,0,19,13,1.4543410582353318,1.4543410582353318,835,6,2,0,neg
KGW,morph_v1,0,19,14,-0.448588935278401,-0.448588935278401,975,5,3,0,neg
KGW,morph_v1,0,20,11,-0.3563249516154553,-0.3563249516154553,954,1,3,0,neg
KGW,morph_v1,0,20,12,-0.8049434044064965,-0.8049434044064965,1211,2,4,0,neg
KGW,morph_v1,0,20,13,-0.38021562140115595,-0.38021562140115595,838,4,2,0,neg
KGW,morph_v1,0,20,14,0.4509096384805816,0.4509096384805816,965,3,4,0,neg
KGW,morph_v1,0,21,11,-1.5051659793084833,-1.5051659793084833,935,4,9,0,neg
KGW,morph_v1,0,21,12,0.994837342898804,0.994837342898804,972,9,9,0,neg
KGW,morph_v1,0,21,13,1.179179960926116,1.179179960926116,882,1,7,0,neg
KGW,morph_v1,0,21,14,-0.5047901911020484,-0.5047901911020484,884,8,11,0,neg
KGW,morph_v1,0,22,11,1.3860529777547672,1.3860529777547672,876,8,2,0,neg
KGW,morph_v1,0,22,12,-0.09280323373346189,-0.09280323373346189,1046,3,10,0,neg
KGW,morph_v1,0,22,13,1.2561485860426553,1.2561485860426553,1015,8,3,0,neg
KGW,morph_v1,0,22,14,0.6591530616030618,0.6591530616030618,1016,9,9,0,neg
KGW,morph_v1,0,23,11,0.4054424270396916,0.4054424270396916,877,6,6,0,neg
KGW,morph_v1,0,23,12,2.3204774044612857,2.3204774044612857,911,19,7,0,neg
KGW,morph_v1,0,23,13,1.0860901604998978,1.0860901604998978,981,20,6,0,neg
KGW,morph_v1,0,23,14,0.9148600992217911,0.9148600992217911,872,14,8,0,neg
KGW,morph_v1,1,0,11,8.139232660825295,8.139232660825295,952,8,2,0,pos_KGW
KGW,morph_v1,1,0,12,7.721739645824297,7.721739645824297,951,4,2,0,pos_KGW
KGW,morph_v1,1,0,13,7.9499841000477,7.9499841000477,802,5,1,0,pos_KGW
KGW,morph_v1,1,0,14,6.510213735576036,6.510213735576036,889,4,0,0,pos_KGW
KGW,morph_v1,1,1,11,8.883162610897466,8.883162610897466,918,5,3,0,pos_KGW
KGW,morph_v1,1,1,12,9.222890896561374,9.222890896561374,1038,5,2,0,pos_KGW
KGW,morph_v1,1,1,13,9.035169692795016,9.035169692795016,1010,6,0,0,pos_KGW
KGW,morph_v1,1,1,14,8.108848540793831,8.108848540793831,877,4,2,0,pos_KGW
KGW,morph_v1,1,2,11,10.072274034464716,10.072274034464716,853,0,4,0,pos_KGW
KGW,morph_v1,1,2,12,13.20706649883263,13.20706649883263,873,2,2,0,pos_KGW
KGW,morph_v1,1,2,13,14.711453955009198,14.711453955009198,1013,6,3,0,pos_KGW
KGW,morph_v1,1,2,14,22.374360475114646,22.374360475114646,1800,0,0,0,pos_KGW
KGW,morph_v1,1,3,11,8.542944483753168,8.542944483753168,885,8,4,0,pos_KGW
KGW,morph_v1,1,3,12,8.940593410189045,8.940593410189045,913,10,4,0,pos_KGW
KGW,morph_v1,1,3,13,8.293465085611231,8.293465085611231,999,6,3,0,pos_KGW
KGW,morph_v1,1,3,14,7.1648762082851665,7.1648762082851665,788,12,0,0,pos_KGW
KGW,morph_v1,1,4,11,13.311291304395535,13.311291304395535,1702,56,5,0,pos_KGW
KGW,morph_v1,1,4,12,9.800774412771117,9.800774412771117,1034,15,2,0,pos_KGW
KGW,morph_v1,1,4,13,8.999002935797083,8.999002935797083,1004,12,1,0,pos_KGW
KGW,morph_v1,1,4,14,8.755132646188043,8.755132646188043,1002,11,4,0,pos_KGW
KGW,morph_v1,1,5,11,9.906009906014859,9.906009906014859,993,8,2,0,pos_KGW
KGW,morph_v1,1,5,12,9.55149495632077,9.55149495632077,806,13,2,0,pos_KGW
KGW,morph_v1,1,5,13,9.41912120943226,9.41912120943226,1029,14,2,0,pos_KGW
KGW,morph_v1,1,5,14,9.137931034482758,9.137931034482758,842,5,0,0,pos_KGW
KGW,morph_v1,1,6,11,13.917480916876919,13.917480916876919,1397,8,1,0,pos_KGW
KGW,morph_v1,1,6,12,11.758880146925485,11.758880146925485,1118,8,2,0,pos_KGW
KGW,morph_v1,1,6,13,12.640514574005767,12.640514574005767,1105,7,0,0,pos_KGW
KGW,morph_v1,1,6,14,13.566027210694305,13.566027210694305,1295,9,1,0,pos_KGW
KGW,morph_v1,1,7,11,12.251050375135907,12.251050375135907,953,6,6,0,pos_KGW
KGW,morph_v1,1,7,12,14.145337737577881,14.145337737577881,1105,19,10,0,pos_KGW
KGW,morph_v1,1,7,13,13.33024981962828,13.33024981962828,947,5,2,0,pos_KGW
KGW,morph_v1,1,7,14,12.089632885285262,12.089632885285262,1031,5,0,0,pos_KGW
KGW,morph_v1,1,8,11,4.74950407355585,4.74950407355585,797,6,2,0,pos_KGW
KGW,morph_v1,1,8,12,7.928332326103162,7.928332326103162,764,7,0,0,pos_KGW
KGW,morph_v1,1,8,13,7.07562543862104,7.07562543862104,792,5,1,0,pos_KGW
KGW,morph_v1,1,8,14,5.855132846072862,5.855132846072862,776,2,4,0,pos_KGW
KGW,morph_v1,1,9,11,9.791840981793673,9.791840981793673,1069,3,2,0,pos_KGW
KGW,morph_v1,1,9,12,11.12308533524765,11.12308533524765,1243,7,3,0,pos_KGW
KGW,morph_v1,1,9,13,11.493759562290297,11.493759562290297,1015,11,1,0,pos_KGW
KGW,morph_v1,1,9,14,11.063187246936513,11.063187246936513,1054,12,1,0,pos_KGW
KGW,morph_v1,1,10,11,12.524050936172841,12.524050936172841,946,0,1,0,pos_KGW
KGW,morph_v1,1,10,12,14.970858083633672,14.970858083633672,1336,2,2,0,pos_KGW
KGW,morph_v1,1,10,13,12.611379422078494,12.611379422078494,982,4,0,0,pos_KGW
KGW,morph_v1,1,10,14,18.330729248225023,18.330729248225023,1600,7,1,0,pos_KGW
KGW,morph_v1,1,11,11,13.119377369489285,13.119377369489285,992,13,0,0,pos_KGW
KGW,morph_v1,1,11,12,10.822120464456447,10.822120464456447,914,9,2,0,pos_KGW
KGW,morph_v1,1,11,13,8.409361763502691,8.409361763502691,836,10,1,0,pos_KGW
KGW,morph_v1,1,11,14,8.0580714403276,8.0580714403276,979,7,0,0,pos_KGW
KGW,morph_v1,1,12,11,8.80146130140837,8.80146130140837,847,10,1,0,pos_KGW
KGW,morph_v1,1,12,12,8.953536086089237,8.953536086089237,972,10,0,0,pos_KGW
KGW,morph_v1,1,12,13,8.21060367688354,8.21060367688354,943,12,0,0,pos_KGW
KGW,morph_v1,1,12,14,6.651836391125512,6.651836391125512,896,13,1,0,pos_KGW
KGW,morph_v1,1,13,11,10.249321099270498,10.249321099270498,742,2,0,0,pos_KGW
KGW,morph_v1,1,13,12,12.13605940261641,12.13605940261641,966,5,1,0,pos_KGW
KGW,morph_v1,1,13,13,11.307964874616848,11.307964874616848,863,2,0,0,pos_KGW
KGW,morph_v1,1,13,14,13.126286048453009,13.126286048453009,1140,7,2,0,pos_KGW
KGW,morph_v1,1,14,11,9.998857077543557,9.998857077543557,1051,6,2,0,pos_KGW
KGW,morph_v1,1,14,12,7.1336159019414005,7.1336159019414005,1077,5,3,0,pos_KGW
KGW,morph_v1,1,14,13,7.457499587710679,7.457499587710679,994,4,1,0,pos_KGW
KGW,morph_v1,1,14,14,9.165388580201439,9.165388580201439,921,4,1,0,pos_KGW
KGW,morph_v1,1,15,11,7.708196780603302,7.708196780603302,1130,8,3,0,pos_KGW
KGW,morph_v1,1,15,12,6.197102680499417,6.197102680499417,981,9,3,0,pos_KGW
KGW,morph_v1,1,15,13,6.330289279193854,6.330289279193854,883,6,3,0,pos_KGW
KGW,morph_v1,1,15,14,9.139772046985973,9.139772046985973,1144,9,2,0,pos_KGW
KGW,morph_v1,1,16,11,13.547523852048515,13.547523852048515,1032,1,3,0,pos_KGW
KGW,morph_v1,1,16,12,12.287080622768565,12.287080622768565,869,1,7,0,pos_KGW
KGW,morph_v1,1,16,13,16.0209264860084,16.0209264860084,1171,1,2,0,pos_KGW
KGW,morph_v1,1,16,14,14.331797802980777,14.331797802980777,935,1,4,0,pos_KGW
KGW,morph_v1,1,17,11,8.326090962788708,8.326090962788708,1014,3,2,0,pos_KGW
KGW,morph_v1,1,17,12,11.592121546432372,11.592121546432372,987,4,2,0,pos_KGW
KGW,morph_v1,1,17,13,9.40723830870065,9.40723830870065,906,7,2,0,pos_KGW
KGW,morph_v1,1,17,14,8.92655402344415,8.92655402344415,999,7,5,0,pos_KGW
KGW,morph_v1,1,18,11,10.425096389508298,10.425096389508298,1003,5,4,0,pos_KGW
KGW,morph_v1,1,18,12,11.187294380481616,11.187294380481616,991,18,2,0,pos_KGW
KGW,morph_v1,1,18,13,12.53582168813937,12.53582168813937,1009,16,1,0,pos_KGW
KGW,morph_v1,1,18,14,10.508487050711285,10.508487050711285,1054,16,1,0,pos_KGW
KGW,morph_v1,1,19,11,9.540386775908326,9.540386775908326,844,3,1,0,pos_KGW
KGW,morph_v1,1,19,12,10.575624270716373,10.575624270716373,795,3,0,0,pos_KGW
KGW,morph_v1,1,19,13,8.061250296646152,8.061250296646152,986,5,1,0,pos_KGW
KGW,morph_v1,1,19,14,10.21747799515773,10.21747799515773,1019,9,0,0,pos_KGW
KGW,morph_v1,1,20,11,6.777090950299685,6.777090950299685,916,4,2,0,pos_KGW
KGW,morph_v1,1,20,12,6.296878416276109,6.296878416276109,960,6,0,0,pos_KGW
KGW,morph_v1,1,20,13,7.472399523794633,7.472399523794633,1024,5,2,0,pos_KGW
KGW,morph_v1,1,20,14,6.502560887623551,6.502560887623551,947,3,2,0,pos_KGW
KGW,morph_v1,1,21,11,8.76249546540977,8.76249546540977,815,0,4,0,pos_KGW
KGW,morph_v1,1,21,12,9.132886235138468,9.132886235138468,875,7,6,0,pos_KGW
KGW,morph_v1,1,21,13,11.514154661795958,11.514154661795958,925,4,4,0,pos_KGW
KGW,morph_v1,1,21,14,10.397579002960594,10.397579002960594,913,12,5,0,pos_KGW
KGW,morph_v1,1,22,11,12.790308831298798,12.790308831298798,1126,4,3,0,pos_KGW
KGW,morph_v1,1,22,12,10.472185381603339,10.472185381603339,988,6,3,0,pos_KGW
KGW,morph_v1,1,22,13,11.273647601279082,11.273647601279082,884,11,1,0,pos_KGW
KGW,morph_v1,1,22,14,11.495409267295841,11.495409267295841,1088,10,5,0,pos_KGW
KGW,morph_v1,1,23,11,15.06597463204725,15.06597463204725,1098,7,19,0,pos_KGW
KGW,morph_v1,1,23,12,13.986348119619965,13.986348119619965,1027,11,4,0,pos_KGW
KGW,morph_v1,1,23,13,12.97800336833719,12.97800336833719,918,20,19,0,pos_KGW
KGW,morph_v1,1,23,14,13.256369913501285,13.256369913501285,939,9,7,0,pos_KGW
KGW,morph_v1+dia,0,0,11,-0.9535076904773407,-0.9535076904773407,1058,7,0,0,neg
KGW,morph_v1+dia,0,0,12,-1.401033278908297,-1.401033278908297,1079,6,3,0,neg
KGW,morph_v1+dia,0,0,13,-1.8867011569417613,-1.8867011569417613,1116,2,2,0,neg
KGW,morph_v1+dia,0,0,14,-1.3987572123604708,-1.3987572123604708,1036,4,1,0,neg
KGW,morph_v1+dia,0,1,11,0.5357154679137662,0.5357154679137662,1008,4,1,0,neg
KGW,morph_v1+dia,0,1,12,-0.375,-0.375,1025,9,1,0,neg
KGW,morph_v1+dia,0,1,13,0.0,0.0,1133,4,4,0,neg
KGW,morph_v1+dia,0,1,14,2.356440838525106,2.356440838525106,1014,3,0,0,neg
KGW,morph_v1+dia,0,2,11,0.2579303520876644,0.2579303520876644,963,0,3,0,neg
KGW,morph_v1+dia,0,2,12,-0.4175334003835326,-0.4175334003835326,827,0,0,0,neg
KGW,morph_v1+dia,0,2,13,-1.070481562861578,-1.070481562861578,1070,2,2,0,neg
KGW,morph_v1+dia,0,2,14,0.8213712306885325,0.8213712306885325,1003,2,0,0,neg
KGW,morph_v1+dia,0,3,11,1.2049504662575559,1.2049504662575559,1103,9,2,0,neg
KGW,morph_v1+dia,0,3,12,0.9877421312096075,0.9877421312096075,986,9,0,0,neg
KGW,morph_v1+dia,0,3,13,2.7500103777305225,2.7500103777305225,1096,10,4,0,neg
KGW,morph_v1+dia,0,3,14,0.20508555735816666,0.20508555735816666,1166,8,1,0,neg
KGW,morph_v1+dia,0,4,11,-2.681187712694139,-2.681187712694139,1283,13,1,0,neg
KGW,morph_v1+dia,0,4,12,-3.6784384038487157,-3.6784384038487157,1101,11,0,0,neg
KGW,morph_v1+dia,0,4,13,-1.7681612064641077,-1.7681612064641077,1077,9,4,0,neg
KGW,morph_v1+dia,0,4,14,-3.803789847546927,-3.803789847546927,931,11,3,0,neg
KGW,morph_v1+dia,0,5,11,1.6311063984734036,1.6311063984734036,867,3,1,0,neg
KGW,morph_v1+dia,0,5,12,2.2736273018003317,2.2736273018003317,922,6,5,0,neg
KGW,morph_v1+dia,0,5,13,-0.7027642214999339,-0.7027642214999339,981,14,3,0,neg
KGW,morph_v1+dia,0,5,14,1.2367946543178268,1.2367946543178268,945,10,0,0,neg
KGW,morph_v1+dia,0,6,11,1.037061156022524,1.037061156022524,1564,15,4,0,neg
KGW,morph_v1+dia,0,6,12,0.0899235973995271,0.0899235973995271,1114,8,2,0,neg
KGW,morph_v1+dia,0,6,13,-0.3249182166443294,-0.3249182166443294,1365,5,2,0,neg
KGW,morph_v1+dia,0,6,14,2.1259261076849456,2.1259261076849456,1279,9,2,0,neg
KGW,morph_v1+dia,0,7,11,-0.03291540093383166,-0.03291540093383166,924,1,1,0,neg
KGW,morph_v1+dia,0,7,12,-0.36167777207178603,-0.36167777207178603,926,1,2,0,neg
KGW,morph_v1+dia,0,7,13,0.8265736461455464,0.8265736461455464,1068,5,8,0,neg
KGW,morph_v1+dia,0,7,14,-0.228924479058705,-0.228924479058705,936,0,0,0,neg
KGW,morph_v1+dia,0,8,11,-2.279365178723569,-2.279365178723569,891,4,1,0,neg
KGW,morph_v1+dia,0,8,12,-0.37102079154518663,-0.37102079154518663,880,6,2,0,neg
KGW,morph_v1+dia,0,8,13,-2.0801257358446095,-2.0801257358446095,833,3,1,0,neg
KGW,morph_v1+dia,0,8,14,-1.0129423005326694,-1.0129423005326694,999,5,1,0,neg
KGW,morph_v1+dia,0,9,11,0.2478312843235159,0.2478312843235159,1043,5,3,0,neg
KGW,morph_v1+dia,0,9,12,0.15306919373065675,0.15306919373065675,1068,12,1,0,neg
KGW,morph_v1+dia,0,9,13,1.0497813183356477,1.0497813183356477,1177,7,2,0,neg
KGW,morph_v1+dia,0,9,14,0.24479602454484184,0.24479602454484184,1069,6,2,0,neg
KGW,morph_v1+dia,0,10,11,1.4490628282653253,1.4490628282653253,923,0,0,0,neg
KGW,morph_v1+dia,0,10,12,2.3246690658257716,2.3246690658257716,882,2,2,0,neg
KGW,morph_v1+dia,0,10,13,2.386682313481045,2.386682313481045,1015,5,6,0,neg
KGW,morph_v1+dia,0,10,14,1.8498792479346222,1.8498792479346222,1053,0,3,0,neg
KGW,morph_v1+dia,0,11,11,1.0546845739659787,1.0546845739659787,980,11,1,0,neg
KGW,morph_v1+dia,0,11,12,0.4184848069867728,0.4184848069867728,966,6,0,0,neg
KGW,morph_v1+dia,0,11,13,0.0,0.0,975,10,3,0,neg
KGW,morph_v1+dia,0,11,14,0.9292126362399608,0.9292126362399608,909,8,3,0,neg
KGW,morph_v1+dia,0,12,11,-0.6697959787149717,-0.6697959787149717,984,12,3,0,neg
KGW,morph_v1+dia,0,12,12,-0.4933011327825659,-0.4933011327825659,1053,7,4,0,neg
KGW,morph_v1+dia,0,12,13,0.8906478184179569,0.8906478184179569,920,9,3,0,neg
KGW,morph_v1+dia,0,12,14,-1.1909943675337231,-1.1909943675337231,1019,10,4,0,neg
KGW,morph_v1+dia,0,13,11,-1.7910464248210494,-1.7910464248210494,944,2,1,0,neg
KGW,morph_v1+dia,0,13,12,1.3021720984236467,1.3021720984236467,898,6,0,0,neg
KGW,morph_v1+dia,0,13,13,-0.16247816846282068,-0.16247816846282068,948,1,1,0,neg
KGW,morph_v1+dia,0,13,14,-0.8185874846865605,-0.8185874846865605,1171,2,1,0,neg
KGW,morph_v1+dia,0,14,11,-0.15980069302514827,-0.15980069302514827,980,4,3,0,neg
KGW,morph_v1+dia,0,14,12,-0.1208244186660354,-0.1208244186660354,1097,7,4,0,neg
KGW,morph_v1+dia,0,14,13,0.9249396239673111,0.9249396239673111,1053,3,6,0,neg
KGW,morph_v1+dia,0,14,14,-0.1232082207267395,-0.1232082207267395,1055,4,2,0,neg
KGW,morph_v1+dia,0,15,11,-0.7154547587901781,-0.7154547587901781,1222,6,4,0,neg
KGW,morph_v1+dia,0,15,12,0.47263695301391295,0.47263695301391295,1147,8,5,0,neg
KGW,morph_v1+dia,0,15,13,1.023671916004716,1.023671916004716,1170,5,2,0,neg
KGW,morph_v1+dia,0,15,14,-0.4649067955303077,-0.4649067955303077,1042,6,2,0,neg
KGW,morph_v1+dia,0,16,11,0.2811127713994909,0.2811127713994909,1026,2,1,0,neg
KGW,morph_v1+dia,0,16,12,0.6824083075438468,0.6824083075438468,948,8,3,0,neg
KGW,morph_v1+dia,0,16,13,-0.23090869366391475,-0.23090869366391475,920,1,0,0,neg
KGW,morph_v1+dia,0,16,14,0.6490276364008973,0.6490276364008973,858,0,0,0,neg
KGW,morph_v1+dia,0,17,11,-1.9324698792024926,-1.9324698792024926,965,6,1,0,neg
KGW,morph_v1+dia,0,17,12,-1.6952973630520607,-1.6952973630520607,906,7,2,0,neg
KGW,morph_v1+dia,0,17,13,-0.6666666666666666,-0.6666666666666666,901,6,0,0,neg
KGW,morph_v1+dia,0,17,14,-1.318760946791574,-1.318760946791574,921,6,2,0,neg
KGW,morph_v1+dia,0,18,11,-1.9244312938376438,-1.9244312938376438,1107,19,1,0,neg
KGW,morph_v1+dia,0,18,12,-0.2727272727272727,-0.2727272727272727,1090,11,2,0,neg
KGW,morph_v1+dia,0,18,13,1.1475552783561742,1.1475552783561742,1156,18,5,0,neg
KGW,morph_v1+dia,0,18,14,0.48462602625230616,0.48462602625230616,1091,11,3,0,neg
KGW,morph_v1+dia,0,19,11,-0.12777531299998798,-0.12777531299998798,981,5,0,0,neg
KGW,morph_v1+dia,0,19,12,2.5129117966586754,2.5129117966586754,1040,0,1,0,neg
KGW,morph_v1+dia,0,19,13,-0.3868955281314966,-0.3868955281314966,963,6,2,0,neg
KGW,morph_v1+dia,0,19,14,-0.9710354064550472,-0.9710354064550472,1087,5,3,0,neg
KGW,morph_v1+dia,0,20,11,0.09271455408231195,0.09271455408231195,1048,1,3,0,neg
KGW,morph_v1+dia,0,20,12,0.5769143685844939,0.5769143685844939,1326,2,4,0,neg
KGW,morph_v1+dia,0,20,13,-0.4288304310901274,-0.4288304310901274,920,4,2,0,neg
KGW,morph_v1+dia,0,20,14,1.5371886547533642,1.5371886547533642,1059,3,4,0,neg
KGW,morph_v1+dia,0,21,11,-1.9050019050028575,-1.9050019050028575,993,4,9,0,neg
KGW,morph_v1+dia,0,21,12,-1.357869479666409,-1.357869479666409,1051,9,9,0,neg
KGW,morph_v1+dia,0,21,13,0.8391463916782737,0.8391463916782737,961,1,7,0,neg
KGW,morph_v1+dia,0,21,14,-0.19425717247145283,-0.19425717247145283,955,8,11,0,neg
KGW,morph_v1+dia,0,22,11,2.181101016938586,2.181101016938586,973,8,2,0,neg
KGW,morph_v1+dia,0,22,12,1.0887062897225244,1.0887062897225244,1156,3,10,0,neg
KGW,morph_v1+dia,0,22,13,1.8676732226992117,1.8676732226992117,1103,8,3,0,neg
KGW,morph_v1+dia,0,22,14,1.8122365286180349,1.8122365286180349,1134,9,9,0,neg
KGW,morph_v1+dia,0,23,11,3.296096690581931,3.296096690581931,885,6,6,0,neg
KGW,morph_v1+dia,0,23,12,2.5317444045025024,2.5317444045025024,926,19,7,0,neg
KGW,morph_v1+dia,0,23,13,1.0916742084154905,1.0916742084154905,971,20,6,0,neg
KGW,morph_v1+dia,0,23,14,1.0540316214229712,1.0540316214229712,866,14,8,0,neg
KGW,morph_v1+dia,1,0,11,3.494488471410893,3.494488471410893,1084,8,2,0,pos_KGW
KGW,morph_v1+dia,1,0,12,3.5832519666482496,3.5832519666482496,1049,4,2,0,pos_KGW
KGW,morph_v1+dia,1,0,13,2.8,2.8,901,5,1,0,pos_KGW
KGW,morph_v1+dia,1,0,14,2.174374546238228,2.174374546238228,1008,4,0,0,pos_KGW
KGW,morph_v1+dia,1,1,11,2.914816262846399,2.914816262846399,1041,5,3,0,pos_KGW
KGW,morph_v1+dia,1,1,12,4.130281062858366,4.130281062858366,1183,5,2,0,pos_KGW
KGW,morph_v1+dia,1,1,13,5.697721367088638,5.697721367088638,1113,6,0,0,pos_KGW
KGW,morph_v1+dia,1,1,14,3.7985336269975103,3.7985336269975103,999,4,2,0,pos_KGW
KGW,morph_v1+dia,1,2,11,4.3478504035892325,4.3478504035892325,895,0,4,0,pos_KGW
KGW,morph_v1+dia,1,2,12,9.879973829081765,9.879973829081765,923,2,2,0,pos_KGW
KGW,morph_v1+dia,1,2,13,10.466752482550731,10.466752482550731,1050,6,3,0,pos_KGW
KGW,morph_v1+dia,1,2,14,19.722801399859527,19.722801399859527,1802,0,0,0,pos_KGW
KGW,morph_v1+dia,1,3,11,6.76519185048959,6.76519185048959,983,8,4,0,pos_KGW
KGW,morph_v1+dia,1,3,12,4.428858317017817,4.428858317017817,1029,10,4,0,pos_KGW
KGW,morph_v1+dia,1,3,13,7.563782837364569,7.563782837364569,1111,6,3,0,pos_KGW
KGW,morph_v1+dia,1,3,14,3.859473879811147,3.859473879811147,920,12,0,0,pos_KGW
KGW,morph_v1+dia,1,4,11,4.523323987848599,4.523323987848599,1784,56,5,0,pos_KGW
KGW,morph_v1+dia,1,4,12,4.072413210397881,4.072413210397881,1166,15,2,0,pos_KGW
KGW,morph_v1+dia,1,4,13,2.5082512236443226,2.5082512236443226,1096,12,1,0,pos_KGW
KGW,morph_v1+dia,1,4,14,3.8841416258201886,3.8841416258201886,1087,11,4,0,pos_KGW
KGW,morph_v1+dia,1,5,11,7.419776315275305,7.419776315275305,1056,8,2,0,pos_KGW
KGW,morph_v1+dia,1,5,12,4.921818674577575,4.921818674577575,857,13,2,0,pos_KGW
KGW,morph_v1+dia,1,5,13,5.658135095031152,5.658135095031152,1105,14,2,0,pos_KGW
KGW,morph_v1+dia,1,5,14,7.090340658160902,7.090340658160902,895,5,0,0,pos_KGW
KGW,morph_v1+dia,1,6,11,8.022325245829258,8.022325245829258,1533,8,1,0,pos_KGW
KGW,morph_v1+dia,1,6,12,7.005721292332297,7.005721292332297,1224,8,2,0,pos_KGW
KGW,morph_v1+dia,1,6,13,8.28626886213748,8.28626886213748,1209,7,0,0,pos_KGW
KGW,morph_v1+dia,1,6,14,8.829883964624297,8.829883964624297,1449,9,1,0,pos_KGW
KGW,morph_v1+dia,1,7,11,7.626011899732817,7.626011899732817,975,6,6,0,pos_KGW
KGW,morph_v1+dia,1,7,12,8.392735059807459,8.392735059807459,1122,19,10,0,pos_KGW
KGW,morph_v1+dia,1,7,13,7.910330797971305,7.910330797971305,976,5,2,0,pos_KGW
KGW,morph_v1+dia,1,7,14,7.350431090031545,7.350431090031545,1076,5,0,0,pos_KGW
KGW,morph_v1+dia,1,8,11,1.0811798054391775,1.0811798054391775,877,6,2,0,pos_KGW
KGW,morph_v1+dia,1,8,12,4.405941701257691,4.405941701257691,845,7,0,0,pos_KGW
KGW,morph_v1+dia,1,8,13,2.4196735268980394,2.4196735268980394,862,5,1,0,pos_KGW
KGW,morph_v1+dia,1,8,14,2.77991280337105,2.77991280337105,850,2,4,0,pos_KGW
KGW,morph_v1+dia,1,9,11,6.166335107929391,6.166335107929391,1183,3,2,0,pos_KGW
KGW,morph_v1+dia,1,9,12,8.086311636242353,8.086311636242353,1350,7,3,0,pos_KGW
KGW,morph_v1+dia,1,9,13,7.055365463119668,7.055365463119668,1101,11,1,0,pos_KGW
KGW,morph_v1+dia,1,9,14,6.373288273631078,6.373288273631078,1171,12,1,0,pos_KGW
KGW,morph_v1+dia,1,10,11,8.4002187067661,8.4002187067661,959,0,1,0,pos_KGW
KGW,morph_v1+dia,1,10,12,11.725471464530319,11.725471464530319,1390,2,2,0,pos_KGW
KGW,morph_v1+dia,1,10,13,6.951798503232328,6.951798503232328,1030,4,0,0,pos_KGW
KGW,morph_v1+dia,1,10,14,12.625361686802972,12.625361686802972,1652,7,1,0,pos_KGW
KGW,morph_v1+dia,1,11,11,9.441994519390576,9.441994519390576,1072,13,0,0,pos_KGW
KGW,morph_v1+dia,1,11,12,7.58946638440411,7.58946638440411,1001,9,2,0,pos_KGW
KGW,morph_v1+dia,1,11,13,6.56302155582978,6.56302155582978,902,10,1,0,pos_KGW
KGW,morph_v1+dia,1,11,14,5.041841733655162,5.041841733655162,1072,7,0,0,pos_KGW
KGW,morph_v1+dia,1,12,11,2.776828961635405,2.776828961635405,938,10,1,0,pos_KGW
KGW,morph_v1+dia,1,12,12,4.21484583029253,4.21484583029253,1073,10,0,0,pos_KGW
KGW,morph_v1+dia,1,12,13,4.518586562308262,4.518586562308262,1045,12,0,0,pos_KGW
KGW,morph_v1+dia,1,12,14,3.19549858570008,3.19549858570008,1000,13,1,0,pos_KGW
KGW,morph_v1+dia,1,13,11,4.4706117331856445,4.4706117331856445,808,2,0,0,pos_KGW
KGW,morph_v1+dia,1,13,12,6.62313372831485,6.62313372831485,1045,5,1,0,pos_KGW
KGW,morph_v1+dia,1,13,13,6.22642205140062,6.22642205140062,942,2,0,0,pos_KGW
KGW,morph_v1+dia,1,13,14,6.64946406094794,6.64946406094794,1250,7,2,0,pos_KGW
KGW,morph_v1+dia,1,14,11,3.2770835666964397,3.2770835666964397,1190,6,2,0,pos_KGW
KGW,morph_v1+dia,1,14,12,5.536082411692891,5.536082411692891,1229,5,3,0,pos_KGW
KGW,morph_v1+dia,1,14,13,5.267763823037778,5.267763823037778,1130,4,1,0,pos_KGW
KGW,morph_v1+dia,1,14,14,5.120002436646594,5.120002436646594,1027,4,1,0,pos_KGW
KGW,morph_v1+dia,1,15,11,3.772029850327157,3.772029850327157,1263,8,3,0,pos_KGW
KGW,morph_v1+dia,1,15,12,2.9023190184523457,2.9023190184523457,1118,9,3,0,pos_KGW
KGW,morph_v1+dia,1,15,13,3.837176876346476,3.837176876346476,979,6,3,0,pos_KGW
KGW,morph_v1+dia,1,15,14,3.7256444414609513,3.7256444414609513,1314,9,2,0,pos_KGW
KGW,morph_v1+dia,1,16,11,10.132922617316634,10.132922617316634,1094,1,3,0,pos_KGW
KGW,morph_v1+dia,1,16,12,8.873491227941868,8.873491227941868,920,1,7,0,pos_KGW
KGW,morph_v1+dia,1,16,13,10.688142643896526,10.688142643896526,1232,1,2,0,pos_KGW
KGW,morph_v1+dia,1,16,14,9.21493004353373,9.21493004353373,1012,1,4,0,pos_KGW
KGW,morph_v1+dia,1,17,11,3.173088897381372,3.173088897381372,1096,3,2,0,pos_KGW
KGW,morph_v1+dia,1,17,12,6.111919138499426,6.111919138499426,1126,4,2,0,pos_KGW
KGW,morph_v1+dia,1,17,13,5.813186582606632,5.813186582606632,992,7,2,0,pos_KGW
KGW,morph_v1+dia,1,17,14,4.9023430146173,4.9023430146173,1093,7,5,0,pos_KGW
KGW,morph_v1+dia,1,18,11,5.323522580535755,5.323522580535755,1119,5,4,0,pos_KGW
KGW,morph_v1+dia,1,18,12,7.431567827252707,7.431567827252707,1079,18,2,0,pos_KGW
KGW,morph_v1+dia,1,18,13,6.479377451227628,6.479377451227628,1133,16,1,0,pos_KGW
KGW,morph_v1+dia,1,18,14,4.16386751015693,4.16386751015693,1197,16,1,0,pos_KGW
KGW,morph_v1+dia,1,19,11,2.815253887353995,2.815253887353995,956,3,1,0,pos_KGW
KGW,morph_v1+dia,1,19,12,3.2558319215069678,3.2558319215069678,907,3,0,0,pos_KGW
KGW,morph_v1+dia,1,19,13,3.011238209699717,3.011238209699717,1126,5,1,0,pos_KGW
KGW,morph_v1+dia,1,19,14,3.3520432146422614,3.3520432146422614,1178,9,0,0,pos_KGW
KGW,morph_v1+dia,1,20,11,3.724209386350214,3.724209386350214,1022,4,2,0,pos_KGW
KGW,morph_v1+dia,1,20,12,3.612418998402465,3.612418998402465,1050,6,0,0,pos_KGW
KGW,morph_v1+dia,1,20,13,5.285320428449559,5.285320428449559,1148,5,2,0,pos_KGW
KGW,morph_v1+dia,1,20,14,3.3519434697700166,3.3519434697700166,1020,3,2,0,pos_KGW
KGW,morph_v1+dia,1,21,11,3.5967656531725565,3.5967656531725565,886,0,4,0,pos_KGW
KGW,morph_v1+dia,1,21,12,5.5213433209238625,5.5213433209238625,949,7,6,0,pos_KGW
KGW,morph_v1+dia,1,21,13,6.697334650229573,6.697334650229573,1003,4,4,0,pos_KGW
KGW,morph_v1+dia,1,21,14,6.432990528514668,6.432990528514668,987,12,5,0,pos_KGW
KGW,morph_v1+dia,1,22,11,8.891194145520236,8.891194145520236,1201,4,3,0,pos_KGW
KGW,morph_v1+dia,1,22,12,6.008443671104624,6.008443671104624,1076,6,3,0,pos_KGW
KGW,morph_v1+dia,1,22,13,6.437151782964503,6.437151782964503,976,11,1,0,pos_KGW
KGW,morph_v1+dia,1,22,14,6.665618846325992,6.665618846325992,1202,10,5,0,pos_KGW
KGW,morph_v1+dia,1,23,11,11.279649075719307,11.279649075719307,1077,7,19,0,pos_KGW
KGW,morph_v1+dia,1,23,12,10.331028928918878,10.331028928918878,1009,11,4,0,pos_KGW
KGW,morph_v1+dia,1,23,13,5.874875421661601,5.874875421661601,919,20,19,0,pos_KGW
KGW,morph_v1+dia,1,23,14,8.843337435547209,8.843337435547209,954,9,7,0,pos_KGW
KGW,rtt,0,0,11,-0.5786867299343279,-0.5786867299343279,864,-1,0,0,neg
KGW,rtt,0,0,12,-0.06674086442659999,-0.06674086442659999,899,-1,0,0,neg
KGW,rtt,0,0,13,-0.7778444682625973,-0.7778444682625973,953,-1,0,0,neg
KGW,rtt,0,0,14,0.5437021328244679,0.5437021328244679,867,-1,0,0,neg
KGW,rtt,0,1,11,-1.3483549565961566,-1.3483549565961566,754,-1,0,0,neg
KGW,rtt,0,1,12,-0.9551913358642538,-0.9551913358642538,800,-1,0,0,neg
KGW,rtt,0,1,13,-1.0170952554312156,-1.0170952554312156,871,-1,0,0,neg
KGW,rtt,0,1,14,-0.9310486534048233,-0.9310486534048233,722,-1,0,0,neg
KGW,rtt,0,2,11,1.4886505305175053,1.4886505305175053,797,-1,0,0,neg
KGW,rtt,0,2,12,-0.7085804335967915,-0.7085804335967915,720,-1,0,0,neg
KGW,rtt,0,2,13,-0.13801311186847084,-0.13801311186847084,841,-1,0,0,neg
KGW,rtt,0,2,14,0.03533326266687867,0.03533326266687867,802,-1,0,0,neg
KGW,rtt,0,3,11,1.4002726594055477,1.4002726594055477,944,-1,0,0,neg
KGW,rtt,0,3,12,0.5841269128324421,0.5841269128324421,848,-1,0,0,neg
KGW,rtt,0,3,13,3.4705249501831994,3.4705249501831994,899,-1,0,0,neg
KGW,rtt,0,3,14,1.1679942321414902,1.1679942321414902,951,-1,0,0,neg
KGW,rtt,0,4,11,-1.4884168150705015,-1.4884168150705015,1041,-1,0,0,neg
KGW,rtt,0,4,12,-0.5714487486348921,-0.5714487486348921,886,-1,0,0,neg
KGW,rtt,0,4,13,-0.06892455167955776,-0.06892455167955776,843,-1,0,0,neg
KGW,rtt,0,4,14,-1.948557158514987,-1.948557158514987,769,-1,0,0,neg
KGW,rtt,0,5,11,1.3070989522032244,1.3070989522032244,718,-1,0,0,neg
KGW,rtt,0,5,12,-0.07071067811865475,-0.07071067811865475,801,-1,0,0,neg
KGW,rtt,0,5,13,-1.1801572286510595,-1.1801572286510595,831,-1,0,0,neg
KGW,rtt,0,5,14,-1.4450601225429949,-1.4450601225429949,806,-1,0,0,neg
KGW,rtt,0,6,11,0.4130178877331663,0.4130178877331663,1320,-1,0,0,neg
KGW,rtt,0,6,12,0.2358359921852232,0.2358359921852232,882,-1,0,0,neg
KGW,rtt,0,6,13,0.572091960476694,0.572091960476694,1104,-1,0,0,neg
KGW,rtt,0,6,14,1.6266831294477004,1.6266831294477004,1103,-1,0,0,neg
KGW,rtt,0,7,11,0.10680282817633566,0.10680282817633566,790,-1,0,0,neg
KGW,rtt,0,7,12,-0.6704954395785563,-0.6704954395785563,804,-1,0,0,neg
KGW,rtt,0,7,13,-0.2,-0.2,901,-1,0,0,neg
KGW,rtt,0,7,14,-0.28248982061857947,-0.28248982061857947,803,-1,0,0,neg
KGW,rtt,0,8,11,0.9787492353524585,0.9787492353524585,762,-1,0,0,neg
KGW,rtt,0,8,12,-0.7254762501100117,-0.7254762501100117,761,-1,0,0,neg
KGW,rtt,0,8,13,-0.3370526488229122,-0.3370526488229122,714,-1,0,0,neg
KGW,rtt,0,8,14,-0.30851602658597743,-0.30851602658597743,852,-1,0,0,neg
KGW,rtt,0,9,11,-0.8510098969622469,-0.8510098969622469,864,-1,0,0,neg
KGW,rtt,0,9,12,-0.37444435466338866,-0.37444435466338866,864,-1,0,0,neg
KGW,rtt,0,9,13,-1.4180703562423225,-1.4180703562423225,1008,-1,0,0,neg
KGW,rtt,0,9,14,0.6060915267313265,0.6060915267313265,883,-1,0,0,neg
KGW,rtt,0,10,11,1.6449566416599486,1.6449566416599486,783,-1,0,0,neg
KGW,rtt,0,10,12,0.8907235428302466,0.8907235428302466,727,-1,0,0,neg
KGW,rtt,0,10,13,1.623624219580172,1.623624219580172,875,-1,0,0,neg
KGW,rtt,0,10,14,0.17159955576364505,0.17159955576364505,850,-1,0,0,neg
KGW,rtt,0,11,11,1.0606601717798212,1.0606601717798212,801,-1,0,0,neg
KGW,rtt,0,11,12,0.9146768081493795,0.9146768081493795,809,-1,0,0,neg
KGW,rtt,0,11,13,-0.17622684421256035,-0.17622684421256035,806,-1,0,0,neg
KGW,rtt,0,11,14,1.6926636542542064,1.6926636542542064,772,-1,0,0,neg
KGW,rtt,0,12,11,-1.2444567354358613,-1.2444567354358613,792,-1,0,0,neg
KGW,rtt,0,12,12,-1.2451491380517195,-1.2451491380517195,884,-1,0,0,neg
KGW,rtt,0,12,13,-0.7035975447302919,-0.7035975447302919,809,-1,0,0,neg
KGW,rtt,0,12,14,-0.9838197164968291,-0.9838197164968291,811,-1,0,0,neg
KGW,rtt,0,13,11,0.7293249574894728,0.7293249574894728,753,-1,0,0,neg
KGW,rtt,0,13,12,3.0713441813339486,3.0713441813339486,749,-1,0,0,neg
KGW,rtt,0,13,13,1.068228729591448,1.068228729591448,738,-1,0,0,neg
KGW,rtt,0,13,14,-0.9944903161976938,-0.9944903161976938,911,-1,0,0,neg
KGW,rtt,0,14,11,-1.5269747720911353,-1.5269747720911353,794,-1,0,0,neg
KGW,rtt,0,14,12,0.0,0.0,879,-1,0,0,neg
KGW,rtt,0,14,13,0.2995012465378748,0.2995012465378748,904,-1,0,0,neg
KGW,rtt,0,14,14,0.034441829515914534,0.034441829515914534,844,-1,0,0,neg
KGW,rtt,0,15,11,-0.44675795239082194,-0.44675795239082194,983,-1,0,0,neg
KGW,rtt,0,15,12,-1.1631072055522294,-1.1631072055522294,959,-1,0,0,neg
KGW,rtt,0,15,13,0.7473995749289751,0.7473995749289751,948,-1,0,0,neg
KGW,rtt,0,15,14,-0.9045340337332908,-0.9045340337332908,892,-1,0,0,neg
KGW,rtt,0,16,11,-0.7099295739719539,-0.7099295739719539,876,-1,0,0,neg
KGW,rtt,0,16,12,-1.2366641933407534,-1.2366641933407534,802,-1,0,0,neg
KGW,rtt,0,16,13,1.1513110966977216,1.1513110966977216,726,-1,0,0,neg
KGW,rtt,0,16,14,1.1032119925173736,1.1032119925173736,692,-1,0,0,neg
KGW,rtt,0,17,11,-1.177820506909612,-1.177820506909612,786,-1,0,0,neg
KGW,rtt,0,17,12,-0.18367958959266126,-0.18367958959266126,742,-1,0,0,neg
KGW,rtt,0,17,13,1.0939874362342092,1.0939874362342092,753,-1,0,0,neg
KGW,rtt,0,17,14,2.7482478494557614,2.7482478494557614,786,-1,0,0,neg
KGW,rtt,0,18,11,1.0740863394466176,1.0740863394466176,834,-1,0,0,neg
KGW,rtt,0,18,12,-0.1054743830901945,-0.1054743830901945,810,-1,0,0,neg
KGW,rtt,0,18,13,1.127089025024053,1.127089025024053,911,-1,0,0,neg
KGW,rtt,0,18,14,-0.37444435466338866,-0.37444435466338866,864,-1,0,0,neg
KGW,rtt,0,19,11,0.764268251509181,0.764268251509181,756,-1,0,0,neg
KGW,rtt,0,19,12,0.3916103699798974,0.3916103699798974,790,-1,0,0,neg
KGW,rtt,0,19,13,0.6412234498911868,0.6412234498911868,789,-1,0,0,neg
KGW,rtt,0,19,14,-1.258037741698385,-1.258037741698385,866,-1,0,0,neg
KGW,rtt,0,20,11,0.73744167546939,0.73744167546939,891,-1,0,0,neg
KGW,rtt,0,20,12,0.1214913478461574,0.1214913478461574,1085,-1,0,0,neg
KGW,rtt,0,20,13,-1.975658322294524,-1.975658322294524,776,-1,0,0,neg
KGW,rtt,0,20,14,0.6452738302707582,0.6452738302707582,868,-1,0,0,neg
KGW,rtt,0,21,11,-1.4969103983674976,-1.4969103983674976,865,-1,0,0,neg
KGW,rtt,0,21,12,-0.22991016490500174,-0.22991016490500174,928,-1,0,0,neg
KGW,rtt,0,21,13,0.6563924617405256,0.6563924617405256,753,-1,0,0,neg
KGW,rtt,0,21,14,-0.4883060744906091,-0.4883060744906091,823,-1,0,0,neg
KGW,rtt,0,22,11,0.35223497683817345,0.35223497683817345,807,-1,0,0,neg
KGW,rtt,0,22,12,1.5790840679034455,1.5790840679034455,925,-1,0,0,neg
KGW,rtt,0,22,13,-0.06741998624632421,-0.06741998624632421,881,-1,0,0,neg
KGW,rtt,0,22,14,1.3184406373764859,1.3184406373764859,876,-1,0,0,neg
KGW,rtt,0,23,11,1.2540051368250325,1.2540051368250325,780,-1,0,0,neg
KGW,rtt,0,23,12,0.6146362971528592,0.6146362971528592,766,-1,0,0,neg
KGW,rtt,0,23,13,-0.24400466103151244,-0.24400466103151244,824,-1,0,0,neg
KGW,rtt,0,23,14,0.39874968847692754,0.39874968847692754,762,-1,0,0,neg
KGW,rtt,1,0,11,4.732609255098691,4.732609255098691,914,-1,0,0,pos_KGW
KGW,rtt,1,0,12,3.8561075215029086,3.8561075215029086,875,-1,0,0,pos_KGW
KGW,rtt,1,0,13,2.46661925037404,2.46661925037404,761,-1,0,0,pos_KGW
KGW,rtt,1,0,14,3.206896551724138,3.206896551724138,842,-1,0,0,pos_KGW
KGW,rtt,1,1,11,2.3660226021733513,2.3660226021733513,827,-1,0,0,pos_KGW
KGW,rtt,1,1,12,1.8343409898251715,1.8343409898251715,933,-1,0,0,pos_KGW
KGW,rtt,1,1,13,1.331899310742285,1.331899310742285,815,-1,0,0,pos_KGW
KGW,rtt,1,1,14,0.4737463361013523,0.4737463361013523,754,-1,0,0,pos_KGW
KGW,rtt,1,2,11,4.638124095143555,4.638124095143555,739,-1,0,0,pos_KGW
KGW,rtt,1,2,12,3.771711342562273,3.771711342562273,776,-1,0,0,pos_KGW
KGW,rtt,1,2,13,5.122324163223325,5.122324163223325,870,-1,0,0,pos_KGW
KGW,rtt,1,2,14,7.603380031298966,7.603380031298966,1406,-1,0,0,pos_KGW
KGW,rtt,1,3,11,3.9655172413793105,3.9655172413793105,842,-1,0,0,pos_KGW
KGW,rtt,1,3,12,3.9827263177833157,3.9827263177833157,864,-1,0,0,pos_KGW
KGW,rtt,1,3,13,3.430200482020206,3.430200482020206,938,-1,0,0,pos_KGW
KGW,rtt,1,3,14,2.8790325350496926,2.8790325350496926,735,-1,0,0,pos_KGW
KGW,rtt,1,4,11,3.659161979123962,3.659161979123962,1444,-1,0,0,pos_KGW
KGW,rtt,1,4,12,2.130288957369502,2.130288957369502,932,-1,0,0,pos_KGW
KGW,rtt,1,4,13,1.1712303424679456,1.1712303424679456,894,-1,0,0,pos_KGW
KGW,rtt,1,4,14,0.167506302543202,0.167506302543202,892,-1,0,0,pos_KGW
KGW,rtt,1,5,11,4.522280957320941,4.522280957320941,879,-1,0,0,pos_KGW
KGW,rtt,1,5,12,4.061277619618543,4.061277619618543,748,-1,0,0,pos_KGW
KGW,rtt,1,5,13,2.7253198749968104,2.7253198749968104,951,-1,0,0,pos_KGW
KGW,rtt,1,5,14,1.9990090015082385,1.9990090015082385,758,-1,0,0,pos_KGW
KGW,rtt,1,6,11,6.074332517071346,6.074332517071346,1289,-1,0,0,pos_KGW
KGW,rtt,1,6,12,3.8087823004322225,3.8087823004322225,1027,-1,0,0,pos_KGW
KGW,rtt,1,6,13,4.975681069084074,4.975681069084074,1048,-1,0,0,pos_KGW
KGW,rtt,1,6,14,5.92525145841482,5.92525145841482,1198,-1,0,0,pos_KGW
KGW,rtt,1,7,11,5.991903922907912,5.991903922907912,825,-1,0,0,pos_KGW
KGW,rtt,1,7,12,5.824337919932827,5.824337919932827,935,-1,0,0,pos_KGW
KGW,rtt,1,7,13,5.955872905154216,5.955872905154216,835,-1,0,0,pos_KGW
KGW,rtt,1,7,14,2.9001625742234967,2.9001625742234967,860,-1,0,0,pos_KGW
KGW,rtt,1,8,11,-0.7432941462471664,-0.7432941462471664,725,-1,0,0,pos_KGW
KGW,rtt,1,8,12,2.966907276445285,2.966907276445285,710,-1,0,0,pos_KGW
KGW,rtt,1,8,13,3.257026124869463,3.257026124869463,731,-1,0,0,pos_KGW
KGW,rtt,1,8,14,2.23606797749979,2.23606797749979,721,-1,0,0,pos_KGW
KGW,rtt,1,9,11,2.663596756793572,2.663596756793572,972,-1,0,0,pos_KGW
KGW,rtt,1,9,12,3.635721726001114,3.635721726001114,1127,-1,0,0,pos_KGW
KGW,rtt,1,9,13,5.0827546571183815,5.0827546571183815,943,-1,0,0,pos_KGW
KGW,rtt,1,9,14,3.1035147218278056,3.1035147218278056,938,-1,0,0,pos_KGW
KGW,rtt,1,10,11,5.986287131945633,5.986287131945633,798,-1,0,0,pos_KGW
KGW,rtt,1,10,12,7.594687467566298,7.594687467566298,1164,-1,0,0,pos_KGW
KGW,rtt,1,10,13,5.7314251625057455,5.7314251625057455,850,-1,0,0,pos_KGW
KGW,rtt,1,10,14,9.617267708819828,9.617267708819828,1410,-1,0,0,pos_KGW
KGW,rtt,1,11,11,4.913668087916835,4.913668087916835,896,-1,0,0,pos_KGW
KGW,rtt,1,11,12,6.310344827586207,6.310344827586207,842,-1,0,0,pos_KGW
KGW,rtt,1,11,13,3.9487698723975595,3.9487698723975595,777,-1,0,0,pos_KGW
KGW,rtt,1,11,14,3.071130568079793,3.071130568079793,918,-1,0,0,pos_KGW
KGW,rtt,1,12,11,4.253287230050015,4.253287230050015,797,-1,0,0,pos_KGW
KGW,rtt,1,12,12,2.9454700958306534,2.9454700958306534,914,-1,0,0,pos_KGW
KGW,rtt,1,12,13,1.6107745325136584,1.6107745325136584,889,-1,0,0,pos_KGW
KGW,rtt,1,12,14,1.827093759208397,1.827093759208397,811,-1,0,0,pos_KGW
KGW,rtt,1,13,11,3.793688242934769,3.793688242934769,682,-1,0,0,pos_KGW
KGW,rtt,1,13,12,5.380741673076394,5.380741673076394,799,-1,0,0,pos_KGW
KGW,rtt,1,13,13,4.651858976536292,4.651858976536292,770,-1,0,0,pos_KGW
KGW,rtt,1,13,14,2.7200784877411426,2.7200784877411426,1024,-1,0,0,pos_KGW
KGW,rtt,1,14,11,4.5130562557624705,4.5130562557624705,991,-1,0,0,pos_KGW
KGW,rtt,1,14,12,3.0449351025386457,3.0449351025386457,995,-1,0,0,pos_KGW
KGW,rtt,1,14,13,2.845204239729619,2.845204239729619,936,-1,0,0,pos_KGW
KGW,rtt,1,14,14,3.402776458672506,3.402776458672506,882,-1,0,0,pos_KGW
KGW,rtt,1,15,11,1.8860838403857945,1.8860838403857945,1013,-1,0,0,pos_KGW
KGW,rtt,1,15,12,0.7513772484425214,0.7513772484425214,938,-1,0,0,pos_KGW
KGW,rtt,1,15,13,0.5793584501023474,0.5793584501023474,862,-1,0,0,pos_KGW
KGW,rtt,1,15,14,1.9528902326315307,1.9528902326315307,1075,-1,0,0,pos_KGW
KGW,rtt,1,16,11,5.550876243822754,5.550876243822754,917,-1,0,0,pos_KGW
KGW,rtt,1,16,12,4.1624472189841315,4.1624472189841315,725,-1,0,0,pos_KGW
KGW,rtt,1,16,13,5.965837704144752,5.965837704144752,1026,-1,0,0,pos_KGW
KGW,rtt,1,16,14,5.283524652572602,5.283524652572602,807,-1,0,0,pos_KGW
KGW,rtt,1,17,11,4.218565668126584,4.218565668126584,865,-1,0,0,pos_KGW
KGW,rtt,1,17,12,4.031162180868442,4.031162180868442,932,-1,0,0,pos_KGW
KGW,rtt,1,17,13,4.50860770352862,4.50860770352862,807,-1,0,0,pos_KGW
KGW,rtt,1,17,14,3.4581238684661333,3.4581238684661333,871,-1,0,0,pos_KGW
KGW,rtt,1,18,11,2.5855725062711326,2.5855725062711326,865,-1,0,0,pos_KGW
KGW,rtt,1,18,12,3.4944624201204117,3.4944624201204117,853,-1,0,0,pos_KGW
KGW,rtt,1,18,13,5.213556988332269,5.213556988332269,851,-1,0,0,pos_KGW
KGW,rtt,1,18,14,2.9324340167718463,2.9324340167718463,964,-1,0,0,pos_KGW
KGW,rtt,1,19,11,3.623354816837585,3.623354816837585,778,-1,0,0,pos_KGW
KGW,rtt,1,19,12,4.105483304076966,4.105483304076966,732,-1,0,0,pos_KGW
KGW,rtt,1,19,13,3.361069544480595,3.361069544480595,904,-1,0,0,pos_KGW
KGW,rtt,1,19,14,4.888531426189661,4.888531426189661,930,-1,0,0,pos_KGW
KGW,rtt,1,20,11,2.177598558933893,2.177598558933893,838,-1,0,0,pos_KGW
KGW,rtt,1,20,12,1.1673153554388727,1.1673153554388727,900,-1,0,0,pos_KGW
KGW,rtt,1,20,13,2.143519905305796,2.143519905305796,978,-1,0,0,pos_KGW
KGW,rtt,1,20,14,2.5471335405424664,2.5471335405424664,868,-1,0,0,pos_KGW
KGW,rtt,1,21,11,3.422407235722937,3.422407235722937,708,-1,0,0,pos_KGW
KGW,rtt,1,21,12,1.0489254019125984,1.0489254019125984,819,-1,0,0,pos_KGW
KGW,rtt,1,21,13,3.4181425214342633,3.4181425214342633,823,-1,0,0,pos_KGW
KGW,rtt,1,21,14,4.192401518485184,4.192401518485184,834,-1,0,0,pos_KGW
KGW,rtt,1,22,11,2.7990615860877135,2.7990615860877135,945,-1,0,0,pos_KGW
KGW,rtt,1,22,12,1.5880155147913173,1.5880155147913173,804,-1,0,0,pos_KGW
KGW,rtt,1,22,13,3.8213412575459045,3.8213412575459045,756,-1,0,0,pos_KGW
KGW,rtt,1,22,14,4.073232907781838,4.073232907781838,1004,-1,0,0,pos_KGW
KGW,rtt,1,23,11,5.218624584427538,5.218624584427538,941,-1,0,0,pos_KGW
KGW,rtt,1,23,12,6.367571789001026,6.367571789001026,882,-1,0,0,pos_KGW
KGW,rtt,1,23,13,7.216878364870323,7.216878364870323,769,-1,0,0,pos_KGW
KGW,rtt,1,23,14,7.137099922436494,7.137099922436494,810,-1,0,0,pos_KGW
KGW,para,0,0,11,-0.3011735166346146,-0.3011735166346146,894,-1,0,0,neg
KGW,para,0,0,12,-0.225104824484516,-0.225104824484516,968,-1,0,0,neg
KGW,para,0,0,13,-0.8793040102298587,-0.8793040102298587,1015,-1,0,0,neg
KGW,para,0,0,14,-0.2955987834492879,-0.2955987834492879,928,-1,0,0,neg
KGW,para,0,1,11,-1.4536653181330486,-1.4536653181330486,876,-1,0,0,neg
KGW,para,0,1,12,-2.476718200064349,-2.476718200064349,918,-1,0,0,neg
KGW,para,0,1,13,-1.8406259986037858,-1.8406259986037858,960,-1,0,0,neg
KGW,para,0,1,14,1.5247668320363186,1.5247668320363186,872,-1,0,0,neg
KGW,para,0,2,11,1.7426292654367872,1.7426292654367872,926,-1,0,0,neg
KGW,para,0,2,12,0.45933241466942265,0.45933241466942265,802,-1,0,0,neg
KGW,para,0,2,13,-2.205249563747046,-2.205249563747046,980,-1,0,0,neg
KGW,para,0,2,14,0.3605104389394542,0.3605104389394542,932,-1,0,0,neg
KGW,para,0,3,11,0.2221382855913819,0.2221382855913819,994,-1,0,0,neg
KGW,para,0,3,12,0.9322980214968376,0.9322980214968376,903,-1,0,0,neg
KGW,para,0,3,13,2.4294883064690134,2.4294883064690134,954,-1,0,0,neg
KGW,para,0,3,14,1.2205392106525912,1.2205392106525912,1022,-1,0,0,neg
KGW,para,0,4,11,-1.047228511812702,-1.047228511812702,1118,-1,0,0,neg
KGW,para,0,4,12,-1.3804027713039488,-1.3804027713039488,1017,-1,0,0,neg
KGW,para,0,4,13,-0.25766265056033233,-0.25766265056033233,965,-1,0,0,neg
KGW,para,0,4,14,-2.2479689208575664,-2.2479689208575664,863,-1,0,0,neg
KGW,para,0,5,11,3.2576479150838735,3.2576479150838735,816,-1,0,0,neg
KGW,para,0,5,12,1.412115010152496,1.412115010152496,844,-1,0,0,neg
KGW,para,0,5,13,-0.5877208336035052,-0.5877208336035052,939,-1,0,0,neg
KGW,para,0,5,14,0.26876525627335834,0.26876525627335834,887,-1,0,0,neg
KGW,para,0,6,11,-0.29346379068171446,-0.29346379068171446,1406,-1,0,0,neg
KGW,para,0,6,12,-1.083880412207675,-1.083880412207675,985,-1,0,0,neg
KGW,para,0,6,13,0.487308102255893,0.487308102255893,1218,-1,0,0,neg
KGW,para,0,6,14,1.0316452491382417,1.0316452491382417,1152,-1,0,0,neg
KGW,para,0,7,11,-1.8040133829088647,-1.8040133829088647,897,-1,0,0,neg
KGW,para,0,7,12,-2.3946843788558616,-2.3946843788558616,905,-1,0,0,neg
KGW,para,0,7,13,-0.09352195295828244,-0.09352195295828244,1030,-1,0,0,neg
KGW,para,0,7,14,0.5494422557947561,0.5494422557947561,849,-1,0,0,neg
KGW,para,0,8,11,-0.43301270189221935,-0.43301270189221935,769,-1,0,0,neg
KGW,para,0,8,12,-1.1414022000102746,-1.1414022000102746,787,-1,0,0,neg
KGW,para,0,8,13,-0.621997473274912,-0.621997473274912,748,-1,0,0,neg
KGW,para,0,8,14,-1.4190484946389206,-1.4190484946389206,877,-1,0,0,neg
KGW,para,0,9,11,-0.3227486121839514,-0.3227486121839514,961,-1,0,0,neg
KGW,para,0,9,12,0.09748690107769241,0.09748690107769241,948,-1,0,0,neg
KGW,para,0,9,13,0.151934281365691,0.151934281365691,1084,-1,0,0,neg
KGW,para,0,9,14,0.19030844390866536,0.19030844390866536,995,-1,0,0,neg
KGW,para,0,10,11,-0.4026936331284146,-0.4026936331284146,889,-1,0,0,neg
KGW,para,0,10,12,0.928828236807605,0.928828236807605,846,-1,0,0,neg
KGW,para,0,10,13,1.6644794391276478,1.6644794391276478,977,-1,0,0,neg
KGW,para,0,10,14,-0.12869789041755736,-0.12869789041755736,967,-1,0,0,neg
KGW,para,0,11,11,-0.03309516961607476,-0.03309516961607476,914,-1,0,0,neg
KGW,para,0,11,12,1.8,1.8,901,-1,0,0,neg
KGW,para,0,11,13,-0.3656523724229935,-0.3656523724229935,906,-1,0,0,neg
KGW,para,0,11,14,0.06892455167955776,0.06892455167955776,843,-1,0,0,neg
KGW,para,0,12,11,-0.6379575639794209,-0.6379575639794209,888,-1,0,0,neg
KGW,para,0,12,12,-1.9172423878612839,-1.9172423878612839,948,-1,0,0,neg
KGW,para,0,12,13,-0.6513116116815079,-0.6513116116815079,852,-1,0,0,neg
KGW,para,0,12,14,-0.6253926177428015,-0.6253926177428015,924,-1,0,0,neg
KGW,para,0,13,11,-1.037571695799112,-1.037571695799112,837,-1,0,0,neg
KGW,para,0,13,12,2.1865714091616546,2.1865714091616546,805,-1,0,0,neg
KGW,para,0,13,13,2.3076358842077167,2.3076358842077167,819,-1,0,0,neg
KGW,para,0,13,14,-1.0337769579664537,-1.0337769579664537,1020,-1,0,0,neg
KGW,para,0,14,11,-2.400980191995124,-2.400980191995124,851,-1,0,0,neg
KGW,para,0,14,12,-0.7682212795973759,-0.7682212795973759,977,-1,0,0,neg
KGW,para,0,14,13,-0.7778444682625973,-0.7778444682625973,953,-1,0,0,neg
KGW,para,0,14,14,-1.5689290811054721,-1.5689290811054721,937,-1,0,0,neg
KGW,para,0,15,11,0.74564371920144,0.74564371920144,1037,-1,0,0,neg
KGW,para,0,15,12,-0.9692233691951198,-0.9692233691951198,1024,-1,0,0,neg
KGW,para,0,15,13,1.2580645161290323,1.2580645161290323,962,-1,0,0,neg
KGW,para,0,15,14,-1.6696650414027105,-1.6696650414027105,934,-1,0,0,neg
KGW,para,0,16,11,-1.118604851176038,-1.118604851176038,980,-1,0,0,neg
KGW,para,0,16,12,-1.6216633111876633,-1.6216633111876633,914,-1,0,0,neg
KGW,para,0,16,13,-1.2347898130260637,-1.2347898130260637,851,-1,0,0,neg
KGW,para,0,16,14,-1.2992457263581536,-1.2992457263581536,812,-1,0,0,neg
KGW,para,0,17,11,-2.517531124527155,-2.517531124527155,865,-1,0,0,neg
KGW,para,0,17,12,-1.9823785111334082,-1.9823785111334082,799,-1,0,0,neg
KGW,para,0,17,13,0.31525624984682643,0.31525624984682643,816,-1,0,0,neg
KGW,para,0,17,14,0.4180398085749706,0.4180398085749706,825,-1,0,0,neg
KGW,para,0,18,11,1.5145538328382064,1.5145538328382064,964,-1,0,0,neg
KGW,para,0,18,12,0.4803844614152614,0.4803844614152614,976,-1,0,0,neg
KGW,para,0,18,13,2.612275736998716,2.612275736998716,1035,-1,0,0,neg
KGW,para,0,18,14,1.9596023269198684,1.9596023269198684,970,-1,0,0,neg
KGW,para,0,19,11,1.1161281702642494,1.1161281702642494,823,-1,0,0,neg
KGW,para,0,19,12,2.10317049568248,2.10317049568248,927,-1,0,0,neg
KGW,para,0,19,13,1.4522945113004198,1.4522945113004198,798,-1,0,0,neg
KGW,para,0,19,14,-0.2590095632952704,-0.2590095632952704,955,-1,0,0,neg
KGW,para,0,20,11,-0.5827715174143585,-0.5827715174143585,955,-1,0,0,neg
KGW,para,0,20,12,-0.8326597992593108,-0.8326597992593108,1214,-1,0,0,neg
KGW,para,0,20,13,-0.3099764656432308,-0.3099764656432308,844,-1,0,0,neg
KGW,para,0,20,14,-0.06530231484483391,-0.06530231484483391,939,-1,0,0,neg
KGW,para,0,21,11,-1.694251552372794,-1.694251552372794,943,-1,0,0,neg
KGW,para,0,21,12,0.6116316409806679,0.6116316409806679,966,-1,0,0,neg
KGW,para,0,21,13,0.6788442333021307,0.6788442333021307,869,-1,0,0,neg
KGW,para,0,21,14,-0.43998333822456825,-0.43998333822456825,874,-1,0,0,neg
KGW,para,0,22,11,1.1448395504925055,1.1448395504925055,883,-1,0,0,neg
KGW,para,0,22,12,0.061898446059017294,0.061898446059017294,1045,-1,0,0,neg
KGW,para,0,22,13,1.4723490007401006,1.4723490007401006,1020,-1,0,0,neg
KGW,para,0,22,14,0.44997704257325755,0.44997704257325755,969,-1,0,0,neg
KGW,para,0,23,11,0.2699869228251308,0.2699869228251308,879,-1,0,0,neg
KGW,para,0,23,12,1.9376440038650768,1.9376440038650768,897,-1,0,0,neg
KGW,para,0,23,13,1.0700983179571106,1.0700983179571106,952,-1,0,0,neg
KGW,para,0,23,14,0.6210590034081188,0.6210590034081188,841,-1,0,0,neg
KGW,para,1,0,11,8.27963171012033,8.27963171012033,957,-1,0,0,pos_KGW
KGW,para,1,0,12,5.5687393333950155,5.5687393333950155,922,-1,0,0,pos_KGW
KGW,para,1,0,13,7.769946220977661,7.769946220977661,810,-1,0,0,pos_KGW
KGW,para,1,0,14,3.789898360616288,3.789898360616288,890,-1,0,0,pos_KGW
KGW,para,1,1,11,4.707852971223954,4.707852971223954,898,-1,0,0,pos_KGW
KGW,para,1,1,12,9.240587726896031,9.240587726896031,1041,-1,0,0,pos_KGW
KGW,para,1,1,13,4.15269767249961,4.15269767249961,981,-1,0,0,pos_KGW
KGW,para,1,1,14,4.121880516208469,4.121880516208469,793,-1,0,0,pos_KGW
KGW,para,1,2,11,9.569154632419048,9.569154632419048,845,-1,0,0,pos_KGW
KGW,para,1,2,12,13.248529585026679,13.248529585026679,872,-1,0,0,pos_KGW
KGW,para,1,2,13,14.561045570157123,14.561045570157123,999,-1,0,0,pos_KGW
KGW,para,1,2,14,13.710917970652703,13.710917970652703,1772,-1,0,0,pos_KGW
KGW,para,1,3,11,6.934760925288563,6.934760925288563,892,-1,0,0,pos_KGW
KGW,para,1,3,12,6.377304379459399,6.377304379459399,898,-1,0,0,pos_KGW
KGW,para,1,3,13,5.47638286013398,5.47638286013398,976,-1,0,0,pos_KGW
KGW,para,1,3,14,7.596651473378913,7.596651473378913,802,-1,0,0,pos_KGW
KGW,para,1,4,11,10.81887295437934,10.81887295437934,1334,-1,0,0,pos_KGW
KGW,para,1,4,12,4.204424805886065,4.204424805886065,698,-1,0,0,pos_KGW
KGW,para,1,4,13,8.782353928131233,8.782353928131233,1003,-1,0,0,pos_KGW
KGW,para,1,4,14,5.375872022286245,5.375872022286245,1001,-1,0,0,pos_KGW
KGW,para,1,5,11,8.853797382856508,8.853797382856508,994,-1,0,0,pos_KGW
KGW,para,1,5,12,8.763387148512887,8.763387148512887,789,-1,0,0,pos_KGW
KGW,para,1,5,13,9.559871170760692,9.559871170760692,1039,-1,0,0,pos_KGW
KGW,para,1,5,14,8.350155090536607,8.350155090536607,834,-1,0,0,pos_KGW
KGW,para,1,6,11,12.064836874515306,12.064836874515306,1386,-1,0,0,pos_KGW
KGW,para,1,6,12,12.053357900171186,12.053357900171186,1130,-1,0,0,pos_KGW
KGW,para,1,6,13,8.417159187659282,8.417159187659282,1084,-1,0,0,pos_KGW
KGW,para,1,6,14,10.963292129605328,10.963292129605328,1286,-1,0,0,pos_KGW
KGW,para,1,7,11,11.024344434603174,11.024344434603174,941,-1,0,0,pos_KGW
KGW,para,1,7,12,11.883739501534762,11.883739501534762,1067,-1,0,0,pos_KGW
KGW,para,1,7,13,13.590215800981284,13.590215800981284,929,-1,0,0,pos_KGW
KGW,para,1,7,14,7.875066137288414,7.875066137288414,961,-1,0,0,pos_KGW
KGW,para,1,8,11,4.76999046002862,4.76999046002862,802,-1,0,0,pos_KGW
KGW,para,1,8,12,8.432774650830432,8.432774650830432,771,-1,0,0,pos_KGW
KGW,para,1,8,13,6.088733998481183,6.088733998481183,799,-1,0,0,pos_KGW
KGW,para,1,8,14,5.679192722047756,5.679192722047756,775,-1,0,0,pos_KGW
KGW,para,1,9,11,9.625334218796219,9.625334218796219,1072,-1,0,0,pos_KGW
KGW,para,1,9,12,6.014420836935712,6.014420836935712,1063,-1,0,0,pos_KGW
KGW,para,1,9,13,8.062492659146294,8.062492659146294,1057,-1,0,0,pos_KGW
KGW,para,1,9,14,8.518780444005147,8.518780444005147,1028,-1,0,0,pos_KGW
KGW,para,1,10,11,10.17740861013741,10.17740861013741,905,-1,0,0,pos_KGW
KGW,para,1,10,12,15.081233670444748,15.081233670444748,1331,-1,0,0,pos_KGW
KGW,para,1,10,13,11.763685541558019,11.763685541558019,969,-1,0,0,pos_KGW
KGW,para,1,10,14,18.504381549677102,18.504381549677102,1583,-1,0,0,pos_KGW
KGW,para,1,11,11,9.818297394689669,9.818297394689669,966,-1,0,0,pos_KGW
KGW,para,1,11,12,7.541569698874096,7.541569698874096,915,-1,0,0,pos_KGW
KGW,para,1,11,13,5.295170908616295,5.295170908616295,825,-1,0,0,pos_KGW
KGW,para,1,11,14,5.592571814839058,5.592571814839058,969,-1,0,0,pos_KGW
KGW,para,1,12,11,6.077385214751326,6.077385214751326,888,-1,0,0,pos_KGW
KGW,para,1,12,12,6.439488776821207,6.439488776821207,956,-1,0,0,pos_KGW
KGW,para,1,12,13,8.232187289112488,8.232187289112488,953,-1,0,0,pos_KGW
KGW,para,1,12,14,3.5967656531725565,3.5967656531725565,886,-1,0,0,pos_KGW
KGW,para,1,13,11,6.928304448026528,6.928304448026528,714,-1,0,0,pos_KGW
KGW,para,1,13,12,8.306887573634764,8.306887573634764,914,-1,0,0,pos_KGW
KGW,para,1,13,13,10.980108865474623,10.980108865474623,861,-1,0,0,pos_KGW
KGW,para,1,13,14,9.776923610938036,9.776923610938036,1106,-1,0,0,pos_KGW
KGW,para,1,14,11,9.996451593714056,9.996451593714056,1058,-1,0,0,pos_KGW
KGW,para,1,14,12,3.676047708099165,3.676047708099165,1014,-1,0,0,pos_KGW
KGW,para,1,14,13,7.604691006293735,7.604691006293735,997,-1,0,0,pos_KGW
KGW,para,1,14,14,7.840574831384126,7.840574831384126,907,-1,0,0,pos_KGW
KGW,para,1,15,11,7.6150237346555825,7.6150237346555825,1140,-1,0,0,pos_KGW
KGW,para,1,15,12,5.801948088876379,5.801948088876379,985,-1,0,0,pos_KGW
KGW,para,1,15,13,3.567170570964184,3.567170570964184,851,-1,0,0,pos_KGW
KGW,para,1,15,14,4.9478624964303615,4.9478624964303615,1073,-1,0,0,pos_KGW
KGW,para,1,16,11,13.472175621364743,13.472175621364743,1034,-1,0,0,pos_KGW
KGW,para,1,16,12,12.274368236570728,12.274368236570728,866,-1,0,0,pos_KGW
KGW,para,1,16,13,15.984861540309078,15.984861540309078,1172,-1,0,0,pos_KGW
KGW,para,1,16,14,14.27188704961411,14.27188704961411,930,-1,0,0,pos_KGW
KGW,para,1,17,11,7.51340510563666,7.51340510563666,996,-1,0,0,pos_KGW
KGW,para,1,17,12,11.568679416179853,11.568679416179853,991,-1,0,0,pos_KGW
KGW,para,1,17,13,6.674086442659998,6.674086442659998,899,-1,0,0,pos_KGW
KGW,para,1,17,14,7.141715659706886,7.141715659706886,976,-1,0,0,pos_KGW
KGW,para,1,18,11,5.824064087690168,5.824064087690168,1010,-1,0,0,pos_KGW
KGW,para,1,18,12,10.993738010754205,10.993738010754205,1003,-1,0,0,pos_KGW
KGW,para,1,18,13,7.125403270649578,7.125403270649578,1007,-1,0,0,pos_KGW
KGW,para,1,18,14,9.380881286255363,9.380881286255363,1072,-1,0,0,pos_KGW
KGW,para,1,19,11,9.655274265053896,9.655274265053896,848,-1,0,0,pos_KGW
KGW,para,1,19,12,7.319891261542625,7.319891261542625,793,-1,0,0,pos_KGW
KGW,para,1,19,13,3.9964773220819727,3.9964773220819727,995,-1,0,0,pos_KGW
KGW,para,1,19,14,10.495438018713449,10.495438018713449,1032,-1,0,0,pos_KGW
KGW,para,1,20,11,4.5802057239166105,4.5802057239166105,922,-1,0,0,pos_KGW
KGW,para,1,20,12,1.7374215206370245,1.7374215206370245,967,-1,0,0,pos_KGW
KGW,para,1,20,13,4.894194579117713,4.894194579117713,1004,-1,0,0,pos_KGW
KGW,para,1,20,14,3.903225806451613,3.903225806451613,962,-1,0,0,pos_KGW
KGW,para,1,21,11,6.83641074831661,6.83641074831661,798,-1,0,0,pos_KGW
KGW,para,1,21,12,9.208061462894177,9.208061462894177,880,-1,0,0,pos_KGW
KGW,para,1,21,13,10.802104719796063,10.802104719796063,923,-1,0,0,pos_KGW
KGW,para,1,21,14,10.192969477449951,10.192969477449951,920,-1,0,0,pos_KGW
KGW,para,1,22,11,8.949594297801331,8.949594297801331,1051,-1,0,0,pos_KGW
KGW,para,1,22,12,5.843136262257653,5.843136262257653,929,-1,0,0,pos_KGW
KGW,para,1,22,13,5.647434684750105,5.647434684750105,865,-1,0,0,pos_KGW
KGW,para,1,22,14,7.752570374904079,7.752570374904079,1066,-1,0,0,pos_KGW
KGW,para,1,23,11,15.456487932682984,15.456487932682984,1094,-1,0,0,pos_KGW
KGW,para,1,23,12,13.462013462020193,13.462013462020193,993,-1,0,0,pos_KGW
KGW,para,1,23,13,12.901310037947663,12.901310037947663,864,-1,0,0,pos_KGW
KGW,para,1,23,14,11.608117293375967,11.608117293375967,931,-1,0,0,pos_KGW
KGW,launder,0,0,11,-0.43454207580216914,-0.43454207580216914,896,-1,0,0,neg
KGW,launder,0,0,12,-0.06488856845230502,-0.06488856845230502,951,-1,0,0,neg
KGW,launder,0,0,13,-0.658504607868518,-0.658504607868518,1018,-1,0,0,neg
KGW,launder,0,0,14,-0.2955987834492879,-0.2955987834492879,928,-1,0,0,neg
KGW,launder,0,1,11,-0.9917790736823157,-0.9917790736823157,856,-1,0,0,neg
KGW,launder,0,1,12,-1.1673153554388727,-1.1673153554388727,900,-1,0,0,neg
KGW,launder,0,1,13,-0.42423896655714444,-0.42423896655714444,940,-1,0,0,neg
KGW,launder,0,1,14,0.10259783520851541,0.10259783520851541,856,-1,0,0,neg
KGW,launder,0,2,11,1.1699209733135323,1.1699209733135323,896,-1,0,0,neg
KGW,launder,0,2,12,0.28319693016191544,0.28319693016191544,799,-1,0,0,neg
KGW,launder,0,2,13,-0.6843859108291549,-0.6843859108291549,855,-1,0,0,neg
KGW,launder,0,2,14,0.38892223413129867,0.38892223413129867,953,-1,0,0,neg
KGW,launder,0,3,11,-0.19146769388178084,-0.19146769388178084,983,-1,0,0,neg
KGW,launder,0,3,12,0.9322980214968376,0.9322980214968376,903,-1,0,0,neg
KGW,launder,0,3,13,2.6914594057709142,2.6914594057709142,952,-1,0,0,neg
KGW,launder,0,3,14,1.2205392106525912,1.2205392106525912,1022,-1,0,0,neg
KGW,launder,0,4,11,-0.9275452533198218,-0.9275452533198218,1118,-1,0,0,neg
KGW,launder,0,4,12,-1.2894612006309998,-1.2894612006309998,1012,-1,0,0,neg
KGW,launder,0,4,13,-0.03313147809612858,-0.03313147809612858,912,-1,0,0,neg
KGW,launder,0,4,14,-0.5154060995580372,-0.5154060995580372,848,-1,0,0,neg
KGW,launder,0,5,11,3.2576479150838735,3.2576479150838735,816,-1,0,0,neg
KGW,launder,0,5,12,1.0479912758633605,1.0479912758633605,876,-1,0,0,neg
KGW,launder,0,5,13,-0.5877208336035052,-0.5877208336035052,939,-1,0,0,neg
KGW,launder,0,5,14,0.1698089027028311,0.1698089027028311,868,-1,0,0,neg
KGW,launder,0,6,11,0.477334370505438,0.477334370505438,1423,-1,0,0,neg
KGW,launder,0,6,12,0.1755737468051559,0.1755737468051559,812,-1,0,0,neg
KGW,launder,0,6,13,0.664784309968492,0.664784309968492,1198,-1,0,0,neg
KGW,launder,0,6,14,0.6345567189915371,0.6345567189915371,1203,-1,0,0,neg
KGW,launder,0,7,11,-0.8705443892371526,-0.8705443892371526,893,-1,0,0,neg
KGW,launder,0,7,12,-3.2994863803241423,-3.2994863803241423,830,-1,0,0,neg
KGW,launder,0,7,13,-0.5147915616702294,-0.5147915616702294,967,-1,0,0,neg
KGW,launder,0,7,14,0.6505476095280057,0.6505476095280057,854,-1,0,0,neg
KGW,launder,0,8,11,-0.43301270189221935,-0.43301270189221935,769,-1,0,0,neg
KGW,launder,0,8,12,-1.1370704872299224,-1.1370704872299224,793,-1,0,0,neg
KGW,launder,0,8,13,-0.5430364606919974,-0.5430364606919974,764,-1,0,0,neg
KGW,launder,0,8,14,-0.8995004162812389,-0.8995004162812389,902,-1,0,0,neg
KGW,launder,0,9,11,-0.06523280730534423,-0.06523280730534423,941,-1,0,0,neg
KGW,launder,0,9,12,0.7786628214276602,0.7786628214276602,951,-1,0,0,neg
KGW,launder,0,9,13,0.55923278940108,0.55923278940108,1037,-1,0,0,neg
KGW,launder,0,9,14,0.0,0.0,981,-1,0,0,neg
KGW,launder,0,10,11,-0.4735570640442169,-0.4735570640442169,875,-1,0,0,neg
KGW,launder,0,10,12,0.411113225896519,0.411113225896519,853,-1,0,0,neg
KGW,launder,0,10,13,1.9324698792024926,1.9324698792024926,965,-1,0,0,neg
KGW,launder,0,10,14,0.12936924547063017,0.12936924547063017,957,-1,0,0,neg
KGW,launder,0,11,11,-0.03309516961607476,-0.03309516961607476,914,-1,0,0,neg
KGW,launder,0,11,12,1.61441470559115,1.61441470559115,885,-1,0,0,neg
KGW,launder,0,11,13,-0.23243118505982177,-0.23243118505982177,908,-1,0,0,neg
KGW,launder,0,11,14,0.06892455167955776,0.06892455167955776,843,-1,0,0,neg
KGW,launder,0,12,11,-0.6379575639794209,-0.6379575639794209,888,-1,0,0,neg
KGW,launder,0,12,12,-2.793150150585013,-2.793150150585013,949,-1,0,0,neg
KGW,launder,0,12,13,-1.3018585486723102,-1.3018585486723102,853,-1,0,0,neg
KGW,launder,0,12,14,0.4091966036822841,0.4091966036822841,861,-1,0,0,neg
KGW,launder,0,13,11,-1.6782806430601576,-1.6782806430601576,819,-1,0,0,neg
KGW,launder,0,13,12,1.89648910745596,1.89648910745596,782,-1,0,0,neg
KGW,launder,0,13,13,1.551760354888916,1.551760354888916,805,-1,0,0,neg
KGW,launder,0,13,14,-1.4208952003890132,-1.4208952003890132,1004,-1,0,0,neg
KGW,launder,0,14,11,-0.5481509678620253,-0.5481509678620253,853,-1,0,0,neg
KGW,launder,0,14,12,-0.9622504486493763,-0.9622504486493763,973,-1,0,0,neg
KGW,launder,0,14,13,-0.7778444682625973,-0.7778444682625973,953,-1,0,0,neg
KGW,launder,0,14,14,-1.6625524849289615,-1.6625524849289615,942,-1,0,0,neg
KGW,launder,0,15,11,0.4703604341917986,0.4703604341917986,1018,-1,0,0,neg
KGW,launder,0,15,12,-0.875,-0.875,1025,-1,0,0,neg
KGW,launder,0,15,13,1.4885049347659105,1.4885049347659105,998,-1,0,0,neg
KGW,launder,0,15,14,-1.4958506144577006,-1.4958506144577006,906,-1,0,0,neg
KGW,launder,0,16,11,-1.118604851176038,-1.118604851176038,980,-1,0,0,neg
KGW,launder,0,16,12,-1.6216633111876633,-1.6216633111876633,914,-1,0,0,neg
KGW,launder,0,16,13,-1.0170744045562468,-1.0170744045562468,814,-1,0,0,neg
KGW,launder,0,16,14,-1.02211569643285,-1.02211569643285,806,-1,0,0,neg
KGW,launder,0,17,11,-1.5777869833110814,-1.5777869833110814,851,-1,0,0,neg
KGW,launder,0,17,12,-1.1645447108469662,-1.1645447108469662,804,-1,0,0,neg
KGW,launder,0,17,13,-0.13985672025501314,-0.13985672025501314,819,-1,0,0,neg
KGW,launder,0,17,14,-0.10381928103089741,-0.10381928103089741,836,-1,0,0,neg
KGW,launder,0,18,11,1.5145538328382064,1.5145538328382064,964,-1,0,0,neg
KGW,launder,0,18,12,0.4803844614152614,0.4803844614152614,976,-1,0,0,neg
KGW,launder,0,18,13,3.113577045426073,3.113577045426073,1012,-1,0,0,neg
KGW,launder,0,18,14,2.4068645392713,2.4068645392713,972,-1,0,0,neg
KGW,launder,0,19,11,2.381448361039201,2.381448361039201,865,-1,0,0,neg
KGW,launder,0,19,12,2.10317049568248,2.10317049568248,927,-1,0,0,neg
KGW,launder,0,19,13,1.1342099280133373,1.1342099280133373,797,-1,0,0,neg
KGW,launder,0,19,14,-0.3640468657768223,-0.3640468657768223,914,-1,0,0,neg
KGW,launder,0,20,11,-0.32376195411908804,-0.32376195411908804,955,-1,0,0,neg
KGW,launder,0,20,12,-2.496640852766609,-2.496640852766609,1133,-1,0,0,neg
KGW,launder,0,20,13,-0.3099764656432308,-0.3099764656432308,844,-1,0,0,neg
KGW,launder,0,20,14,0.4504426164614508,0.4504426164614508,967,-1,0,0,neg
KGW,launder,0,21,11,-1.4795908857482156,-1.4795908857482156,926,-1,0,0,neg
KGW,launder,0,21,12,0.8709677419354839,0.8709677419354839,962,-1,0,0,neg
KGW,launder,0,21,13,0.48132991492077026,0.48132991492077026,847,-1,0,0,neg
KGW,launder,0,21,14,0.20531577324874647,0.20531577324874647,855,-1,0,0,neg
KGW,launder,0,22,11,1.0774960475223583,1.0774960475223583,883,-1,0,0,neg
KGW,launder,0,22,12,-0.25298221281347033,-0.25298221281347033,1001,-1,0,0,neg
KGW,launder,0,22,13,1.0734900802433864,1.0734900802433864,946,-1,0,0,neg
KGW,launder,0,22,14,-1.1106914279569096,-1.1106914279569096,994,-1,0,0,neg
KGW,launder,0,23,11,0.23773246378396357,0.23773246378396357,868,-1,0,0,neg
KGW,launder,0,23,12,2.121579341221747,2.121579341221747,911,-1,0,0,neg
KGW,launder,0,23,13,1.0700983179571106,1.0700983179571106,952,-1,0,0,neg
KGW,launder,0,23,14,0.6217996822681201,0.6217996822681201,839,-1,0,0,neg
KGW,launder,1,0,11,3.2522442268398626,3.2522442268398626,909,-1,0,0,pos_KGW
KGW,launder,1,0,12,4.213691529389626,4.213691529389626,867,-1,0,0,pos_KGW
KGW,launder,1,0,13,4.373376527388884,4.373376527388884,792,-1,0,0,pos_KGW
KGW,launder,1,0,14,4.9302217611557015,4.9302217611557015,890,-1,0,0,pos_KGW
KGW,launder,1,1,11,4.72614178638042,4.72614178638042,866,-1,0,0,pos_KGW
KGW,launder,1,1,12,3.875101322083109,3.875101322083109,976,-1,0,0,pos_KGW
KGW,launder,1,1,13,4.212253910194941,4.212253910194941,1013,-1,0,0,pos_KGW
KGW,launder,1,1,14,2.9661431164950844,2.9661431164950844,803,-1,0,0,pos_KGW
KGW,launder,1,2,11,8.811883402515383,8.811883402515383,845,-1,0,0,pos_KGW
KGW,launder,1,2,12,10.049514657979417,10.049514657979417,828,-1,0,0,pos_KGW
KGW,launder,1,2,13,13.259828565614427,13.259828565614427,990,-1,0,0,pos_KGW
KGW,launder,1,2,14,5.872801368884133,5.872801368884133,491,-1,0,0,pos_KGW
KGW,launder,1,3,11,5.7589859595688555,5.7589859595688555,893,-1,0,0,pos_KGW
KGW,launder,1,3,12,5.936389467514008,5.936389467514008,890,-1,0,0,pos_KGW
KGW,launder,1,3,13,5.298599491960156,5.298599491960156,959,-1,0,0,pos_KGW
KGW,launder,1,3,14,7.596651473378913,7.596651473378913,802,-1,0,0,pos_KGW
KGW,launder,1,4,11,10.278710056437086,10.278710056437086,1038,-1,0,0,pos_KGW
KGW,launder,1,4,12,3.420322932772769,3.420322932772769,648,-1,0,0,pos_KGW
KGW,launder,1,4,13,2.7577164466275352,2.7577164466275352,801,-1,0,0,pos_KGW
KGW,launder,1,4,14,4.607088360113656,4.607088360113656,951,-1,0,0,pos_KGW
KGW,launder,1,5,11,5.254036431976942,5.254036431976942,940,-1,0,0,pos_KGW
KGW,launder,1,5,12,5.856840276035871,5.856840276035871,738,-1,0,0,pos_KGW
KGW,launder,1,5,13,9.559871170760692,9.559871170760692,1039,-1,0,0,pos_KGW
KGW,launder,1,5,14,8.90987086419147,8.90987086419147,846,-1,0,0,pos_KGW
KGW,launder,1,6,11,8.038256609584813,8.038256609584813,1357,-1,0,0,pos_KGW
KGW,launder,1,6,12,9.61384295612865,9.61384295612865,1102,-1,0,0,pos_KGW
KGW,launder,1,6,13,7.754016420036899,7.754016420036899,1091,-1,0,0,pos_KGW
KGW,launder,1,6,14,11.403475828447085,11.403475828447085,1300,-1,0,0,pos_KGW
KGW,launder,1,7,11,6.908311707081683,6.908311707081683,873,-1,0,0,pos_KGW
KGW,launder,1,7,12,10.109184377705015,10.109184377705015,1003,-1,0,0,pos_KGW
KGW,launder,1,7,13,8.584018879112456,8.584018879112456,856,-1,0,0,pos_KGW
KGW,launder,1,7,14,6.95099229820552,6.95099229820552,940,-1,0,0,pos_KGW
KGW,launder,1,8,11,4.76999046002862,4.76999046002862,802,-1,0,0,pos_KGW
KGW,launder,1,8,12,5.091750772173156,5.091750772173156,757,-1,0,0,pos_KGW
KGW,launder,1,8,13,2.9400108399496303,2.9400108399496303,798,-1,0,0,pos_KGW
KGW,launder,1,8,14,5.828591344760772,5.828591344760772,764,-1,0,0,pos_KGW
KGW,launder,1,9,11,6.828479407686209,6.828479407686209,1039,-1,0,0,pos_KGW
KGW,launder,1,9,12,5.093382900551828,5.093382900551828,1115,-1,0,0,pos_KGW
KGW,launder,1,9,13,7.662506374860198,7.662506374860198,1015,-1,0,0,pos_KGW
KGW,launder,1,9,14,8.769782831352833,8.769782831352833,1035,-1,0,0,pos_KGW
KGW,launder,1,10,11,9.013815439550587,9.013815439550587,885,-1,0,0,pos_KGW
KGW,launder,1,10,12,15.081233670444748,15.081233670444748,1331,-1,0,0,pos_KGW
KGW,launder,1,10,13,11.91563146464556,11.91563146464556,960,-1,0,0,pos_KGW
KGW,launder,1,10,14,18.554665195192527,18.554665195192527,1583,-1,0,0,pos_KGW
KGW,launder,1,11,11,8.723798668724264,8.723798668724264,966,-1,0,0,pos_KGW
KGW,launder,1,11,12,7.550130084025989,7.550130084025989,897,-1,0,0,pos_KGW
KGW,launder,1,11,13,4.307714069778871,4.307714069778871,790,-1,0,0,pos_KGW
KGW,launder,1,11,14,4.308294733275793,4.308294733275793,1027,-1,0,0,pos_KGW
KGW,launder,1,12,11,6.608194138889742,6.608194138889742,854,-1,0,0,pos_KGW
KGW,launder,1,12,12,6.454972243679028,6.454972243679028,961,-1,0,0,pos_KGW
KGW,launder,1,12,13,6.502560887623551,6.502560887623551,947,-1,0,0,pos_KGW
KGW,launder,1,12,14,4.470746092261215,4.470746092261215,886,-1,0,0,pos_KGW
KGW,launder,1,13,11,5.641027570663002,5.641027570663002,756,-1,0,0,pos_KGW
KGW,launder,1,13,12,6.356174529851894,6.356174529851894,839,-1,0,0,pos_KGW
KGW,launder,1,13,13,6.4561170147247156,6.4561170147247156,858,-1,0,0,pos_KGW
KGW,launder,1,13,14,12.568826334649549,12.568826334649549,1139,-1,0,0,pos_KGW
KGW,launder,1,14,11,4.475310439059501,4.475310439059501,1022,-1,0,0,pos_KGW
KGW,launder,1,14,12,4.38639464882803,4.38639464882803,1049,-1,0,0,pos_KGW
KGW,launder,1,14,13,4.2691851005307955,4.2691851005307955,957,-1,0,0,pos_KGW
KGW,launder,1,14,14,5.351821087281996,5.351821087281996,906,-1,0,0,pos_KGW
KGW,launder,1,15,11,4.179345172397095,4.179345172397095,1029,-1,0,0,pos_KGW
KGW,launder,1,15,12,5.807853381080685,5.807853381080685,983,-1,0,0,pos_KGW
KGW,launder,1,15,13,3.9101677412492015,3.9101677412492015,851,-1,0,0,pos_KGW
KGW,launder,1,15,14,5.107322758815216,5.107322758815216,1122,-1,0,0,pos_KGW
KGW,launder,1,16,11,13.409948482236038,13.409948482236038,1034,-1,0,0,pos_KGW
KGW,launder,1,16,12,12.302847087467494,12.302847087467494,862,-1,0,0,pos_KGW
KGW,launder,1,16,13,11.734985731132786,11.734985731132786,911,-1,0,0,pos_KGW
KGW,launder,1,16,14,8.61556895994472,8.61556895994472,843,-1,0,0,pos_KGW
KGW,launder,1,17,11,5.984437489312764,5.984437489312764,1009,-1,0,0,pos_KGW
KGW,launder,1,17,12,5.141476695337212,5.141476695337212,875,-1,0,0,pos_KGW
KGW,launder,1,17,13,6.683544526810641,6.683544526810641,861,-1,0,0,pos_KGW
KGW,launder,1,17,14,5.185449728701349,5.185449728701349,883,-1,0,0,pos_KGW
KGW,launder,1,18,11,3.9801865303970274,3.9801865303970274,956,-1,0,0,pos_KGW
KGW,launder,1,18,12,8.725117839173096,8.725117839173096,980,-1,0,0,pos_KGW
KGW,launder,1,18,13,8.497514358275987,8.497514358275987,930,-1,0,0,pos_KGW
KGW,launder,1,18,14,7.241919228496046,7.241919228496046,1054,-1,0,0,pos_KGW
KGW,launder,1,19,11,4.712943275653402,4.712943275653402,846,-1,0,0,pos_KGW
KGW,launder,1,19,12,5.899692029906761,5.899692029906761,755,-1,0,0,pos_KGW
KGW,launder,1,19,13,8.180400130918109,8.180400130918109,988,-1,0,0,pos_KGW
KGW,launder,1,19,14,9.477360354098453,9.477360354098453,1003,-1,0,0,pos_KGW
KGW,launder,1,20,11,2.715376933208523,2.715376933208523,869,-1,0,0,pos_KGW
KGW,launder,1,20,12,5.697831602819907,5.697831602819907,966,-1,0,0,pos_KGW
KGW,launder,1,20,13,4.238264573848375,4.238264573848375,971,-1,0,0,pos_KGW
KGW,launder,1,20,14,3.2682908141712073,3.2682908141712073,975,-1,0,0,pos_KGW
KGW,launder,1,21,11,8.76249546540977,8.76249546540977,815,-1,0,0,pos_KGW
KGW,launder,1,21,12,4.421733159964657,4.421733159964657,813,-1,0,0,pos_KGW
KGW,launder,1,21,13,10.205025303078092,10.205025303078092,906,-1,0,0,pos_KGW
KGW,launder,1,21,14,5.82998834003498,5.82998834003498,802,-1,0,0,pos_KGW
KGW,launder,1,22,11,7.646167558129772,7.646167558129772,1053,-1,0,0,pos_KGW
KGW,launder,1,22,12,4.326001122779063,4.326001122779063,918,-1,0,0,pos_KGW
KGW,launder,1,22,13,5.681566619586714,5.681566619586714,804,-1,0,0,pos_KGW
KGW,launder,1,22,14,6.680978789282751,6.680978789282751,1027,-1,0,0,pos_KGW
KGW,launder,1,23,11,11.542250259306755,11.542250259306755,1012,-1,0,0,pos_KGW
KGW,launder,1,23,12,11.231811234958831,11.231811234958831,880,-1,0,0,pos_KGW
KGW,launder,1,23,13,10.988845115895122,10.988845115895122,849,-1,0,0,pos_KGW
KGW,launder,1,23,14,10.407607303613222,10.407607303613222,843,-1,0,0,pos_KGW
KGW,launder_api,0,0,11,0.7628618458276584,0.7628618458276584,910,-1,0,0,neg
KGW,launder_api,0,0,12,-0.12977713690461004,-0.12977713690461004,951,-1,0,0,neg
KGW,launder_api,0,0,13,-0.9534625892455922,-0.9534625892455922,991,-1,0,0,neg
KGW,launder_api,0,0,14,-1.1567034896476118,-1.1567034896476118,865,-1,0,0,neg
KGW,launder_api,0,1,11,-0.2043608109870515,-0.2043608109870515,863,-1,0,0,neg
KGW,launder_api,0,1,12,-1.805512464613651,-1.805512464613651,963,-1,0,0,neg
KGW,launder_api,0,1,13,-1.180116724402569,-1.180116724402569,984,-1,0,0,neg
KGW,launder_api,0,1,14,-1.4688520192230834,-1.4688520192230834,858,-1,0,0,neg
KGW,launder_api,0,2,11,-0.9966832412776432,-0.9966832412776432,907,-1,0,0,neg
KGW,launder_api,0,2,12,0.20726656075604002,0.20726656075604002,839,-1,0,0,neg
KGW,launder_api,0,2,13,-1.2089410496539776,-1.2089410496539776,989,-1,0,0,neg
KGW,launder_api,0,2,14,1.6924558427507104,1.6924558427507104,945,-1,0,0,neg
KGW,launder_api,0,3,11,-0.19528336647123581,-0.19528336647123581,945,-1,0,0,neg
KGW,launder_api,0,3,12,1.2638611999517047,1.2638611999517047,905,-1,0,0,neg
KGW,launder_api,0,3,13,1.9101282736224743,1.9101282736224743,923,-1,0,0,neg
KGW,launder_api,0,3,14,0.5034534204220421,0.5034534204220421,1011,-1,0,0,neg
KGW,launder_api,0,4,11,1.466958074937319,1.466958074937319,942,-1,0,0,neg
KGW,launder_api,0,4,12,-0.09885336094784052,-0.09885336094784052,922,-1,0,0,neg
KGW,launder_api,0,4,13,-0.3956282840374722,-0.3956282840374722,921,-1,0,0,neg
KGW,launder_api,0,4,14,-0.5727445524498277,-0.5727445524498277,882,-1,0,0,neg
KGW,launder_api,0,5,11,1.8721131622601483,1.8721131622601483,833,-1,0,0,neg
KGW,launder_api,0,5,12,-0.8609460320922785,-0.8609460320922785,913,-1,0,0,neg
KGW,launder_api,0,5,13,-0.7861461384965021,-0.7861461384965021,933,-1,0,0,neg
KGW,launder_api,0,5,14,0.2355687558476226,0.2355687558476226,884,-1,0,0,neg
KGW,launder_api,0,6,11,-0.6929023281557339,-0.6929023281557339,1409,-1,0,0,neg
KGW,launder_api,0,6,12,0.41295860969336734,0.41295860969336734,992,-1,0,0,neg
KGW,launder_api,0,6,13,-0.47723998901751485,-0.47723998901751485,1125,-1,0,0,neg
KGW,launder_api,0,6,14,1.0915451636154863,1.0915451636154863,1150,-1,0,0,neg
KGW,launder_api,0,7,11,-0.6006677798393999,-0.6006677798393999,899,-1,0,0,neg
KGW,launder_api,0,7,12,-0.8705443892371526,-0.8705443892371526,893,-1,0,0,neg
KGW,launder_api,0,7,13,-1.8738949422785915,-1.8738949422785915,959,-1,0,0,neg
KGW,launder_api,0,7,14,0.3322277470925477,0.3322277470925477,907,-1,0,0,neg
KGW,launder_api,0,8,11,-1.5877132402714709,-1.5877132402714709,769,-1,0,0,neg
KGW,launder_api,0,8,12,-0.8778687340257795,-0.8778687340257795,812,-1,0,0,neg
KGW,launder_api,0,8,13,-0.5019243175674523,-0.5019243175674523,779,-1,0,0,neg
KGW,launder_api,0,8,14,-0.39098112747064473,-0.39098112747064473,943,-1,0,0,neg
KGW,launder_api,0,9,11,-1.6502739940140696,-1.6502739940140696,847,-1,0,0,neg
KGW,launder_api,0,9,12,-0.27153769332085226,-0.27153769332085226,869,-1,0,0,neg
KGW,launder_api,0,9,13,-0.12216944435630522,-0.12216944435630522,1073,-1,0,0,neg
KGW,launder_api,0,9,14,-0.4926646390821466,-0.4926646390821466,928,-1,0,0,neg
KGW,launder_api,0,10,11,1.2053691543283651,1.2053691543283651,893,-1,0,0,neg
KGW,launder_api,0,10,12,0.5533715710928597,0.5533715710928597,837,-1,0,0,neg
KGW,launder_api,0,10,13,1.934477640657483,1.934477640657483,963,-1,0,0,neg
KGW,launder_api,0,10,14,0.3951989531632706,0.3951989531632706,923,-1,0,0,neg
KGW,launder_api,0,11,11,0.5657245767937635,0.5657245767937635,904,-1,0,0,neg
KGW,launder_api,0,11,12,1.061419783966746,1.061419783966746,854,-1,0,0,neg
KGW,launder_api,0,11,13,0.1991169934799916,0.1991169934799916,909,-1,0,0,neg
KGW,launder_api,0,11,14,-0.31071450589187644,-0.31071450589187644,840,-1,0,0,neg
KGW,launder_api,0,12,11,0.06502560887623551,0.06502560887623551,947,-1,0,0,neg
KGW,launder_api,0,12,12,-0.22533797299287767,-0.22533797299287767,966,-1,0,0,neg
KGW,launder_api,0,12,13,0.7207181342073092,0.7207181342073092,850,-1,0,0,neg
KGW,launder_api,0,12,14,0.3612874019935741,0.3612874019935741,928,-1,0,0,neg
KGW,launder_api,0,13,11,-1.041315201750935,-1.041315201750935,831,-1,0,0,neg
KGW,launder_api,0,13,12,0.8897016840779014,0.8897016840779014,855,-1,0,0,neg
KGW,launder_api,0,13,13,0.033538923545276884,0.033538923545276884,890,-1,0,0,neg
KGW,launder_api,0,13,14,-0.12427395320024001,-0.12427395320024001,1037,-1,0,0,neg
KGW,launder_api,0,14,11,-1.2362450755382013,-1.2362450755382013,849,-1,0,0,neg
KGW,launder_api,0,14,12,-0.22916971156507793,-0.22916971156507793,934,-1,0,0,neg
KGW,launder_api,0,14,13,-2.2565412935786635,-2.2565412935786635,936,-1,0,0,neg
KGW,launder_api,0,14,14,-2.357516305606764,-2.357516305606764,908,-1,0,0,neg
KGW,launder_api,0,15,11,-1.728056614918411,-1.728056614918411,1014,-1,0,0,neg
KGW,launder_api,0,15,12,-2.1787059739298202,-2.1787059739298202,1004,-1,0,0,neg
KGW,launder_api,0,15,13,-0.8700628401410972,-0.8700628401410972,964,-1,0,0,neg
KGW,launder_api,0,15,14,-1.1474444220068059,-1.1474444220068059,879,-1,0,0,neg
KGW,launder_api,0,16,11,-2.755617745281606,-2.755617745281606,975,-1,0,0,neg
KGW,launder_api,0,16,12,-3.4985213185175827,-3.4985213185175827,919,-1,0,0,neg
KGW,launder_api,0,16,13,0.71156806696482,0.71156806696482,791,-1,0,0,neg
KGW,launder_api,0,16,14,-0.7514390803127389,-0.7514390803127389,782,-1,0,0,neg
KGW,launder_api,0,17,11,0.2783556002556884,0.2783556002556884,827,-1,0,0,neg
KGW,launder_api,0,17,12,0.6512171447631795,0.6512171447631795,765,-1,0,0,neg
KGW,launder_api,0,17,13,0.3931079294405248,0.3931079294405248,784,-1,0,0,neg
KGW,launder_api,0,17,14,1.4037248126871928,1.4037248126871928,813,-1,0,0,neg
KGW,launder_api,0,18,11,-0.16386838133611553,-0.16386838133611553,932,-1,0,0,neg
KGW,launder_api,0,18,12,0.228924479058705,0.228924479058705,936,-1,0,0,neg
KGW,launder_api,0,18,13,0.9857426511607847,0.9857426511607847,990,-1,0,0,neg
KGW,launder_api,0,18,14,0.4869206048708966,0.4869206048708966,950,-1,0,0,neg
KGW,launder_api,0,19,11,0.1686458143387212,0.1686458143387212,880,-1,0,0,neg
KGW,launder_api,0,19,12,-0.49661668419536065,-0.49661668419536065,1039,-1,0,0,neg
KGW,launder_api,0,19,13,0.7537075808102849,0.7537075808102849,853,-1,0,0,neg
KGW,launder_api,0,19,14,-0.03280893574623933,-0.03280893574623933,930,-1,0,0,neg
KGW,launder_api,0,20,11,0.23015858222750019,0.23015858222750019,926,-1,0,0,neg
KGW,launder_api,0,20,12,-0.6363636363636364,-0.6363636363636364,1090,-1,0,0,neg
KGW,launder_api,0,20,13,-0.8661986608440464,-0.8661986608440464,834,-1,0,0,neg
KGW,launder_api,0,20,14,-0.7869910029407435,-0.7869910029407435,931,-1,0,0,neg
KGW,launder_api,0,21,11,-0.8618916073713346,-0.8618916073713346,911,-1,0,0,neg
KGW,launder_api,0,21,12,-0.06337242505244779,-0.06337242505244779,997,-1,0,0,neg
KGW,launder_api,0,21,13,0.7611889011697195,0.7611889011697195,914,-1,0,0,neg
KGW,launder_api,0,21,14,1.3687718216583098,1.3687718216583098,855,-1,0,0,neg
KGW,launder_api,0,22,11,1.5127511611795637,1.5127511611795637,847,-1,0,0,neg
KGW,launder_api,0,22,12,-1.3060462968966784,-1.3060462968966784,939,-1,0,0,neg
KGW,launder_api,0,22,13,-0.6135419995345952,-0.6135419995345952,960,-1,0,0,neg
KGW,launder_api,0,22,14,1.1783299785974803,1.1783299785974803,1041,-1,0,0,neg
KGW,launder_api,0,23,11,0.8519977207387462,0.8519977207387462,862,-1,0,0,neg
KGW,launder_api,0,23,12,1.5074151616205698,1.5074151616205698,853,-1,0,0,neg
KGW,launder_api,0,23,13,-0.03388370737858486,-0.03388370737858486,872,-1,0,0,neg
KGW,launder_api,0,23,14,2.266449305153369,2.266449305153369,849,-1,0,0,neg
KGW,launder_api,1,0,11,1.3684339461472566,1.3684339461472566,943,-1,0,0,pos_KGW
KGW,launder_api,1,0,12,3.006263054833847,3.006263054833847,958,-1,0,0,pos_KGW
KGW,launder_api,1,0,13,2.8039985489311263,2.8039985489311263,815,-1,0,0,pos_KGW
KGW,launder_api,1,0,14,2.246783241547305,2.246783241547305,917,-1,0,0,pos_KGW
KGW,launder_api,1,1,11,2.172301546566818,2.172301546566818,869,-1,0,0,pos_KGW
KGW,launder_api,1,1,12,0.8736994822822743,0.8736994822822743,956,-1,0,0,pos_KGW
KGW,launder_api,1,1,13,0.4458508287089374,0.4458508287089374,987,-1,0,0,pos_KGW
KGW,launder_api,1,1,14,-0.2660760420950957,-0.2660760420950957,905,-1,0,0,pos_KGW
KGW,launder_api,1,2,11,3.262212796946807,3.262212796946807,867,-1,0,0,pos_KGW
KGW,launder_api,1,2,12,6.179436095921388,6.179436095921388,907,-1,0,0,pos_KGW
KGW,launder_api,1,2,13,7.4781234341970695,7.4781234341970695,1031,-1,0,0,pos_KGW
KGW,launder_api,1,2,14,10.483976602369728,10.483976602369728,1868,-1,0,0,pos_KGW
KGW,launder_api,1,3,11,3.7654171001178085,3.7654171001178085,870,-1,0,0,pos_KGW
KGW,launder_api,1,3,12,3.4338671858805747,3.4338671858805747,936,-1,0,0,pos_KGW
KGW,launder_api,1,3,13,1.9907000271106003,1.9907000271106003,971,-1,0,0,pos_KGW
KGW,launder_api,1,3,14,-0.5360562674188974,-0.5360562674188974,784,-1,0,0,pos_KGW
KGW,launder_api,1,4,11,6.671603110635675,6.671603110635675,973,-1,0,0,pos_KGW
KGW,launder_api,1,4,12,3.388261347746056,3.388261347746056,1017,-1,0,0,pos_KGW
KGW,launder_api,1,4,13,2.300425244570879,2.300425244570879,1008,-1,0,0,pos_KGW
KGW,launder_api,1,4,14,0.0,0.0,977,-1,0,0,pos_KGW
KGW,launder_api,1,5,11,1.0287414825411068,1.0287414825411068,1030,-1,0,0,pos_KGW
KGW,launder_api,1,5,12,1.608352282932651,1.608352282932651,819,-1,0,0,pos_KGW
KGW,launder_api,1,5,13,2.943068829527836,2.943068829527836,1065,-1,0,0,pos_KGW
KGW,launder_api,1,5,14,1.9230478952816463,1.9230478952816463,849,-1,0,0,pos_KGW
KGW,launder_api,1,6,11,4.229109780134391,4.229109780134391,1327,-1,0,0,pos_KGW
KGW,launder_api,1,6,12,4.69360753480958,4.69360753480958,1036,-1,0,0,pos_KGW
KGW,launder_api,1,6,13,4.956957592256421,4.956957592256421,1205,-1,0,0,pos_KGW
KGW,launder_api,1,6,14,4.707366505401948,4.707366505401948,1200,-1,0,0,pos_KGW
KGW,launder_api,1,7,11,3.8185123259827862,3.8185123259827862,908,-1,0,0,pos_KGW
KGW,launder_api,1,7,12,5.796891501644985,5.796891501644985,1064,-1,0,0,pos_KGW
KGW,launder_api,1,7,13,3.880645041818958,3.880645041818958,910,-1,0,0,pos_KGW
KGW,launder_api,1,7,14,3.3558145535281136,3.3558145535281136,980,-1,0,0,pos_KGW
KGW,launder_api,1,8,11,-0.6825001477017446,-0.6825001477017446,776,-1,0,0,pos_KGW
KGW,launder_api,1,8,12,2.058150712321239,2.058150712321239,768,-1,0,0,pos_KGW
KGW,launder_api,1,8,13,2.211248272462962,2.211248272462962,762,-1,0,0,pos_KGW
KGW,launder_api,1,8,14,0.5573864114332941,0.5573864114332941,825,-1,0,0,pos_KGW
KGW,launder_api,1,9,11,4.046723241370487,4.046723241370487,1033,-1,0,0,pos_KGW
KGW,launder_api,1,9,12,5.33884124192241,5.33884124192241,1241,-1,0,0,pos_KGW
KGW,launder_api,1,9,13,3.4995661963667777,3.4995661963667777,989,-1,0,0,pos_KGW
KGW,launder_api,1,9,14,2.2090634390690456,2.2090634390690456,1034,-1,0,0,pos_KGW
KGW,launder_api,1,10,11,4.166045151386364,4.166045151386364,945,-1,0,0,pos_KGW
KGW,launder_api,1,10,12,7.030490681865615,7.030490681865615,1296,-1,0,0,pos_KGW
KGW,launder_api,1,10,13,4.9844639707285685,4.9844639707285685,968,-1,0,0,pos_KGW
KGW,launder_api,1,10,14,10.764047634854238,10.764047634854238,1509,-1,0,0,pos_KGW
KGW,launder_api,1,11,11,5.226281158947624,5.226281158947624,950,-1,0,0,pos_KGW
KGW,launder_api,1,11,12,4.190697662997757,4.190697662997757,905,-1,0,0,pos_KGW
KGW,launder_api,1,11,13,3.522537257978988,3.522537257978988,775,-1,0,0,pos_KGW
KGW,launder_api,1,11,14,2.8808297984901596,2.8808297984901596,977,-1,0,0,pos_KGW
KGW,launder_api,1,12,11,1.8572180369962294,1.8572180369962294,878,-1,0,0,pos_KGW
KGW,launder_api,1,12,12,1.5,1.5,1025,-1,0,0,pos_KGW
KGW,launder_api,1,12,13,2.4074257880007814,2.4074257880007814,1024,-1,0,0,pos_KGW
KGW,launder_api,1,12,14,1.1832159566199232,1.1832159566199232,876,-1,0,0,pos_KGW
KGW,launder_api,1,13,11,1.8773563194859084,1.8773563194859084,798,-1,0,0,pos_KGW
KGW,launder_api,1,13,12,2.631806779839076,2.631806779839076,925,-1,0,0,pos_KGW
KGW,launder_api,1,13,13,2.969672765900011,2.969672765900011,940,-1,0,0,pos_KGW
KGW,launder_api,1,13,14,2.0120455108039845,2.0120455108039845,1077,-1,0,0,pos_KGW
KGW,launder_api,1,14,11,1.8107325690579419,1.8107325690579419,1027,-1,0,0,pos_KGW
KGW,launder_api,1,14,12,1.3444066088835531,1.3444066088835531,1024,-1,0,0,pos_KGW
KGW,launder_api,1,14,13,1.47481543202504,1.47481543202504,932,-1,0,0,pos_KGW
KGW,launder_api,1,14,14,4.344920610558928,4.344920610558928,938,-1,0,0,pos_KGW
KGW,launder_api,1,15,11,1.660578366257713,1.660578366257713,1098,-1,0,0,pos_KGW
KGW,launder_api,1,15,12,0.0,0.0,979,-1,0,0,pos_KGW
KGW,launder_api,1,15,13,0.7570542214781282,0.7570542214781282,924,-1,0,0,pos_KGW
KGW,launder_api,1,15,14,2.1881408700551597,2.1881408700551597,1114,-1,0,0,pos_KGW
KGW,launder_api,1,16,11,5.343904214426417,5.343904214426417,1013,-1,0,0,pos_KGW
KGW,launder_api,1,16,12,3.859848190435001,3.859848190435001,828,-1,0,0,pos_KGW
KGW,launder_api,1,16,13,7.953406520474802,7.953406520474802,1162,-1,0,0,pos_KGW
KGW,launder_api,1,16,14,6.4576588223646,6.4576588223646,885,-1,0,0,pos_KGW
KGW,launder_api,1,17,11,3.19023041385069,3.19023041385069,964,-1,0,0,pos_KGW
KGW,launder_api,1,17,12,3.2126980205784315,3.2126980205784315,1009,-1,0,0,pos_KGW
KGW,launder_api,1,17,13,3.795784801808553,3.795784801808553,903,-1,0,0,pos_KGW
KGW,launder_api,1,17,14,3.302028402733132,3.302028402733132,974,-1,0,0,pos_KGW
KGW,launder_api,1,18,11,1.4251642992439568,1.4251642992439568,998,-1,0,0,pos_KGW
KGW,launder_api,1,18,12,3.446418489872055,3.446418489872055,983,-1,0,0,pos_KGW
KGW,launder_api,1,18,13,4.119985787381975,4.119985787381975,1012,-1,0,0,pos_KGW
KGW,launder_api,1,18,14,2.5024449883594175,2.5024449883594175,1023,-1,0,0,pos_KGW
KGW,launder_api,1,19,11,2.4185979010173866,2.4185979010173866,912,-1,0,0,pos_KGW
KGW,launder_api,1,19,12,2.693748579031676,2.693748579031676,797,-1,0,0,pos_KGW
KGW,launder_api,1,19,13,1.165543034828717,1.165543034828717,955,-1,0,0,pos_KGW
KGW,launder_api,1,19,14,3.129953700854299,3.129953700854299,1063,-1,0,0,pos_KGW
KGW,launder_api,1,20,11,2.6859993065297156,2.6859993065297156,933,-1,0,0,pos_KGW
KGW,launder_api,1,20,12,1.2893002295692082,1.2893002295692082,916,-1,0,0,pos_KGW
KGW,launder_api,1,20,13,0.34698416383208147,0.34698416383208147,1006,-1,0,0,pos_KGW
KGW,launder_api,1,20,14,0.411113225896519,0.411113225896519,853,-1,0,0,pos_KGW
KGW,launder_api,1,21,11,2.622237409590914,2.622237409590914,776,-1,0,0,pos_KGW
KGW,launder_api,1,21,12,2.9344371694937488,2.9344371694937488,880,-1,0,0,pos_KGW
KGW,launder_api,1,21,13,2.847607143234434,2.847607143234434,892,-1,0,0,pos_KGW
KGW,launder_api,1,21,14,3.6530012390165614,3.6530012390165614,843,-1,0,0,pos_KGW
KGW,launder_api,1,22,11,3.278946637821045,3.278946637821045,1007,-1,0,0,pos_KGW
KGW,launder_api,1,22,12,3.7893788363338863,3.7893788363338863,922,-1,0,0,pos_KGW
KGW,launder_api,1,22,13,2.1054454238712608,2.1054454238712608,925,-1,0,0,pos_KGW
KGW,launder_api,1,22,14,4.00552105162707,4.00552105162707,1087,-1,0,0,pos_KGW
KGW,launder_api,1,23,11,4.260281680828158,4.260281680828158,961,-1,0,0,pos_KGW
KGW,launder_api,1,23,12,4.94232885200985,4.94232885200985,1023,-1,0,0,pos_KGW
KGW,launder_api,1,23,13,5.350755856446276,5.350755856446276,851,-1,0,0,pos_KGW
KGW,launder_api,1,23,14,5.80438360955827,5.80438360955827,910,-1,0,0,pos_KGW
EXP,clean,0,0,11,0.986693694019799,0.005817647374003596,951,0,0,0,neg
EXP,clean,0,0,12,0.5290773364848859,0.2764808414737282,971,0,0,0,neg
EXP,clean,0,0,13,0.9527511350975042,0.021020525141689873,1018,0,0,0,neg
EXP,clean,0,0,14,0.9167152617160761,0.037765538341304875,928,0,0,0,neg
EXP,clean,0,1,11,0.9311111324893004,0.030998480837703977,897,0,0,0,neg
EXP,clean,0,1,12,0.30987783687708437,0.50880948431634,918,0,0,0,neg
EXP,clean,0,1,13,0.5359440382436883,0.2708805557378099,1009,0,0,0,neg
EXP,clean,0,1,14,0.393918218304679,0.40459393306182667,918,0,0,0,neg
EXP,clean,0,2,11,0.39760279575332524,0.40055057051221643,933,0,0,0,neg
EXP,clean,0,2,12,0.36986789242317397,0.43195336738333134,802,0,0,0,neg
EXP,clean,0,2,13,0.40182804170610564,0.3959597591425742,1004,0,0,0,neg
EXP,clean,0,2,14,0.8845563916549789,0.053274475016652244,953,0,0,0,neg
EXP,clean,0,3,11,0.02466618832784397,1.6078979569586374,994,0,0,0,neg
EXP,clean,0,3,12,0.3103227724420123,0.5081863533780671,903,0,0,0,neg
EXP,clean,0,3,13,0.19665054791108985,0.706304839213902,960,0,0,0,neg
EXP,clean,0,3,14,0.4960960848353953,0.30443420037984553,1022,0,0,0,neg
EXP,clean,0,4,11,0.98029342038639,0.008643912285515433,1140,0,0,0,neg
EXP,clean,0,4,12,0.07838732060799675,1.1057541801128943,1017,0,0,0,neg
EXP,clean,0,4,13,0.18177599412704495,0.7404634715350978,965,0,0,0,neg
EXP,clean,0,4,14,0.41668589592896693,0.3801911993840621,884,0,0,0,neg
EXP,clean,0,5,11,0.8966523793935849,0.04737589471721166,816,0,0,0,neg
EXP,clean,0,5,12,0.2674501125522665,0.5727572150027724,870,0,0,0,neg
EXP,clean,0,5,13,0.8003650339295124,0.0967118929283459,939,0,0,0,neg
EXP,clean,0,5,14,0.14869865548890107,0.8276929582863238,888,0,0,0,neg
EXP,clean,0,6,11,0.2874863939911619,0.5413827045548248,1433,0,0,0,neg
EXP,clean,0,6,12,0.5130808039758069,0.2898142334119153,1007,0,0,0,neg
EXP,clean,0,6,13,0.4689489443563851,0.3288744374368851,1219,0,0,0,neg
EXP,clean,0,6,14,0.8603266735595536,0.06533661202879379,1152,0,0,0,neg
EXP,clean,0,7,11,0.32932069992098895,0.4823809702327623,907,0,0,0,neg
EXP,clean,0,7,12,0.2683735423777107,0.571260301341111,910,0,0,0,neg
EXP,clean,0,7,13,0.6961925255011053,0.15727064372201272,1049,0,0,0,neg
EXP,clean,0,7,14,0.3969605113427046,0.40125269363723304,918,0,0,0,neg
EXP,clean,0,8,11,0.9641554962731622,0.01585291866202429,769,0,0,0,neg
EXP,clean,0,8,12,0.16692117007912544,0.777488579644929,793,0,0,0,neg
EXP,clean,0,8,13,0.022999052663757975,1.6382900523030854,748,0,0,0,neg
EXP,clean,0,8,14,0.3140295346808618,0.5030295043289439,902,0,0,0,neg
EXP,clean,0,9,11,0.08741884963054702,1.05839491281311,957,0,0,0,neg
EXP,clean,0,9,12,0.13696204722854532,0.8633997610385961,969,0,0,0,neg
EXP,clean,0,9,13,0.21084855477571332,0.6760293714339595,1084,0,0,0,neg
EXP,clean,0,9,14,0.6924343640554527,0.15962138714365917,995,0,0,0,neg
EXP,clean,0,10,11,0.9978880979607365,0.0009181572726998955,889,0,0,0,neg
EXP,clean,0,10,12,0.1267239788504617,0.8971411996618419,854,0,0,0,neg
EXP,clean,0,10,13,0.11970279976268411,0.9218956916381635,977,0,0,0,neg
EXP,clean,0,10,14,0.2085016711991906,0.6808904596845742,1011,0,0,0,neg
EXP,clean,0,11,11,0.491467576451296,0.3085051285597603,914,0,0,0,neg
EXP,clean,0,11,12,0.2499610592106381,0.6021276436767342,902,0,0,0,neg
EXP,clean,0,11,13,0.8485954726377951,0.07129928957820347,908,0,0,0,neg
EXP,clean,0,11,14,0.6587660967111347,0.18126875982127305,843,0,0,0,neg
EXP,clean,0,12,11,0.9397514331558349,0.02698700329843174,888,0,0,0,neg
EXP,clean,0,12,12,0.6435285541915968,0.19143217812599844,946,0,0,0,neg
EXP,clean,0,12,13,0.1201947274568857,0.9201145829705768,847,0,0,0,neg
EXP,clean,0,12,14,0.09719227323029035,1.0123682600411414,924,0,0,0,neg
EXP,clean,0,13,11,0.14790129618805897,0.83002801988509,851,0,0,0,neg
EXP,clean,0,13,12,0.9600980649996987,0.017684405592592756,807,0,0,0,neg
EXP,clean,0,13,13,0.34959168222046466,0.45643890901454465,869,0,0,0,neg
EXP,clean,0,13,14,0.26610977308071454,0.574939175365615,1043,0,0,0,neg
EXP,clean,0,14,11,0.7359939635913925,0.13312574760502757,877,0,0,0,neg
EXP,clean,0,14,12,0.8270539256536812,0.08246617261153294,977,0,0,0,neg
EXP,clean,0,14,13,0.4955823181375688,0.3048841971956388,950,0,0,0,neg
EXP,clean,0,14,14,0.28092356867372714,0.551411823220783,937,0,0,0,neg
EXP,clean,0,15,11,0.536565629292139,0.270377150312685,1071,0,0,0,neg
EXP,clean,0,15,12,0.9346898809614141,0.029332458996819962,1031,0,0,0,neg
EXP,clean,0,15,13,0.9833463758554035,0.00729347847932884,1009,0,0,0,neg
EXP,clean,0,15,14,0.8685503256260764,0.061205012555402144,937,0,0,0,neg
EXP,clean,0,16,11,0.16288895411647691,0.7881083652244047,980,0,0,0,neg
EXP,clean,0,16,12,0.3596742073988383,0.44409070476138135,914,0,0,0,neg
EXP,clean,0,16,13,0.045158795660155904,1.3452576487914236,864,0,0,0,neg
EXP,clean,0,16,14,0.18993975619668516,0.721384123784533,819,0,0,0,neg
EXP,clean,0,17,11,0.48625963101476133,0.31313178380475765,865,0,0,0,neg
EXP,clean,0,17,12,0.7669810776314925,0.11521535049899706,831,0,0,0,neg
EXP,clean,0,17,13,0.7594480580473975,0.11950192407216303,814,0,0,0,neg
EXP,clean,0,17,14,0.4337909694586144,0.3627194932510896,843,0,0,0,neg
EXP,clean,0,18,11,0.3772142473455381,0.42341191236446524,973,0,0,0,neg
EXP,clean,0,18,12,0.8168094409728438,0.08787925116268118,976,0,0,0,neg
EXP,clean,0,18,13,0.5532901546467973,0.25704705763802566,1035,0,0,0,neg
EXP,clean,0,18,14,0.6789028134639301,0.16819239154754437,973,0,0,0,neg
EXP,clean,0,19,11,0.23292632793680593,0.6327814198747365,856,0,0,0,neg
EXP,clean,0,19,12,0.8185060792892659,0.08697809060515245,927,0,0,0,neg
EXP,clean,0,19,13,0.49567529691300527,0.3048027245923286,843,0,0,0,neg
EXP,clean,0,19,14,0.7595756425628278,0.11942897030437685,976,0,0,0,neg
EXP,clean,0,20,11,0.37706625533843463,0.4235823320230587,955,0,0,0,neg
EXP,clean,0,20,12,0.03917275327594029,1.4070159027813218,1214,0,0,0,neg
EXP,clean,0,20,13,0.16926339467365134,0.7714369533508004,844,0,0,0,neg
EXP,clean,0,20,14,0.7753410429672136,0.11050722588165468,967,0,0,0,neg
EXP,clean,0,21,11,0.18762322739834644,0.7267133977986574,943,0,0,0,neg
EXP,clean,0,21,12,0.7902503013325579,0.10223532988630463,981,0,0,0,neg
EXP,clean,0,21,13,0.4247291560097813,0.37188792535369614,883,0,0,0,neg
EXP,clean,0,21,14,0.5415295895504387,0.2663778082401587,893,0,0,0,neg
EXP,clean,0,22,11,0.11050253734754062,0.9566277496405541,883,0,0,0,neg
EXP,clean,0,22,12,0.5693460509661942,0.2446236873079748,1048,0,0,0,neg
EXP,clean,0,22,13,0.18606667608955743,0.7303314005732701,1020,0,0,0,neg
EXP,clean,0,22,14,0.04548590299392351,1.3421231791793176,1025,0,0,0,neg
EXP,clean,0,23,11,0.19586734157205263,0.708037971138646,885,0,0,0,neg
EXP,clean,0,23,12,0.8919851986140382,0.04964235214134451,894,0,0,0,neg
EXP,clean,0,23,13,0.6791707396047797,0.1680210328670439,952,0,0,0,neg
EXP,clean,0,23,14,0.17896353714641655,0.7472354451609269,843,0,0,0,neg
EXP,clean,1,0,11,2.5444615599718815e-29,28.59440410577249,948,0,0,0,pos_EXP
EXP,clean,1,0,12,2.5444615599718815e-29,28.59440410577249,948,0,0,0,pos_EXP
EXP,clean,1,0,13,2.5444615599718815e-29,28.59440410577249,948,0,0,0,pos_EXP
EXP,clean,1,0,14,2.5444615599718815e-29,28.59440410577249,948,0,0,0,pos_EXP
EXP,clean,1,1,11,7.750545562206684e-32,31.11066772635604,945,0,0,0,pos_EXP
EXP,clean,1,1,12,7.750545562206684e-32,31.11066772635604,945,0,0,0,pos_EXP
EXP,clean,1,1,13,7.750545562206684e-32,31.11066772635604,945,0,0,0,pos_EXP
EXP,clean,1,1,14,7.750545562206684e-32,31.11066772635604,945,0,0,0,pos_EXP
EXP,clean,1,2,11,3.6779371450339993e-87,86.43439569701152,948,0,0,0,pos_EXP
EXP,clean,1,2,12,3.6779371450339993e-87,86.43439569701152,948,0,0,0,pos_EXP
EXP,clean,1,2,13,3.6779371450339993e-87,86.43439569701152,948,0,0,0,pos_EXP
EXP,clean,1,2,14,3.6779371450339993e-87,86.43439569701152,948,0,0,0,pos_EXP
EXP,clean,1,3,11,1.620548119758836e-44,43.79033806871356,950,0,0,0,pos_EXP
EXP,clean,1,3,12,1.620548119758836e-44,43.79033806871356,950,0,0,0,pos_EXP
EXP,clean,1,3,13,1.620548119758836e-44,43.79033806871356,950,0,0,0,pos_EXP
EXP,clean,1,3,14,1.620548119758836e-44,43.79033806871356,950,0,0,0,pos_EXP
EXP,clean,1,4,11,7.652799409241059e-57,56.116179669997535,950,0,0,0,pos_EXP
EXP,clean,1,4,12,7.652799409241059e-57,56.116179669997535,950,0,0,0,pos_EXP
EXP,clean,1,4,13,7.652799409241059e-57,56.116179669997535,950,0,0,0,pos_EXP
EXP,clean,1,4,14,7.652799409241059e-57,56.116179669997535,950,0,0,0,pos_EXP
EXP,clean,1,5,11,1.0514337888585885e-43,42.97821807061315,947,0,0,0,pos_EXP
EXP,clean,1,5,12,1.0514337888585885e-43,42.97821807061315,947,0,0,0,pos_EXP
EXP,clean,1,5,13,1.0514337888585885e-43,42.97821807061315,947,0,0,0,pos_EXP
EXP,clean,1,5,14,1.0514337888585885e-43,42.97821807061315,947,0,0,0,pos_EXP
EXP,clean,1,6,11,1.7878443019702236e-72,71.7476703053049,950,0,0,0,pos_EXP
EXP,clean,1,6,12,1.7878443019702236e-72,71.7476703053049,950,0,0,0,pos_EXP
EXP,clean,1,6,13,1.7878443019702236e-72,71.7476703053049,950,0,0,0,pos_EXP
EXP,clean,1,6,14,1.7878443019702236e-72,71.7476703053049,950,0,0,0,pos_EXP
EXP,clean,1,7,11,1.9310201084277062e-85,84.71421320372774,947,0,0,0,pos_EXP
EXP,clean,1,7,12,1.9310201084277062e-85,84.71421320372774,947,0,0,0,pos_EXP
EXP,clean,1,7,13,1.9310201084277062e-85,84.71421320372774,947,0,0,0,pos_EXP
EXP,clean,1,7,14,1.9310201084277062e-85,84.71421320372774,947,0,0,0,pos_EXP
EXP,clean,1,8,11,1.0972490310927382e-22,21.959694793979242,947,0,0,0,pos_EXP
EXP,clean,1,8,12,1.0972490310927382e-22,21.959694793979242,947,0,0,0,pos_EXP
EXP,clean,1,8,13,1.0972490310927382e-22,21.959694793979242,947,0,0,0,pos_EXP
EXP,clean,1,8,14,1.0972490310927382e-22,21.959694793979242,947,0,0,0,pos_EXP
EXP,clean,1,9,11,7.561243709586276e-38,37.121406763786375,950,0,0,0,pos_EXP
EXP,clean,1,9,12,7.561243709586276e-38,37.121406763786375,950,0,0,0,pos_EXP
EXP,clean,1,9,13,7.561243709586276e-38,37.121406763786375,950,0,0,0,pos_EXP
EXP,clean,1,9,14,7.561243709586276e-38,37.121406763786375,950,0,0,0,pos_EXP
EXP,clean,1,10,11,4.538053492460825e-102,101.34313038915984,949,0,0,0,pos_EXP
EXP,clean,1,10,12,4.538053492460825e-102,101.34313038915984,949,0,0,0,pos_EXP
EXP,clean,1,10,13,4.538053492460825e-102,101.34313038915984,949,0,0,0,pos_EXP
EXP,clean,1,10,14,4.538053492460825e-102,101.34313038915984,949,0,0,0,pos_EXP
EXP,clean,1,11,11,1.513009361081145e-46,45.82015838496207,947,0,0,0,pos_EXP
EXP,clean,1,11,12,1.513009361081145e-46,45.82015838496207,947,0,0,0,pos_EXP
EXP,clean,1,11,13,1.513009361081145e-46,45.82015838496207,947,0,0,0,pos_EXP
EXP,clean,1,11,14,1.513009361081145e-46,45.82015838496207,947,0,0,0,pos_EXP
EXP,clean,1,12,11,1.047340151725386e-29,28.979912246663318,947,0,0,0,pos_EXP
EXP,clean,1,12,12,1.047340151725386e-29,28.979912246663318,947,0,0,0,pos_EXP
EXP,clean,1,12,13,1.047340151725386e-29,28.979912246663318,947,0,0,0,pos_EXP
EXP,clean,1,12,14,1.047340151725386e-29,28.979912246663318,947,0,0,0,pos_EXP
EXP,clean,1,13,11,5.772599254236463e-70,69.23862859107486,947,0,0,0,pos_EXP
EXP,clean,1,13,12,5.772599254236463e-70,69.23862859107486,947,0,0,0,pos_EXP
EXP,clean,1,13,13,5.772599254236463e-70,69.23862859107486,947,0,0,0,pos_EXP
EXP,clean,1,13,14,5.772599254236463e-70,69.23862859107486,947,0,0,0,pos_EXP
EXP,clean,1,14,11,1.2405782956053107e-34,33.906375821253675,946,0,0,0,pos_EXP
EXP,clean,1,14,12,1.2405782956053107e-34,33.906375821253675,946,0,0,0,pos_EXP
EXP,clean,1,14,13,1.2405782956053107e-34,33.906375821253675,946,0,0,0,pos_EXP
EXP,clean,1,14,14,1.2405782956053107e-34,33.906375821253675,946,0,0,0,pos_EXP
EXP,clean,1,15,11,6.598685384861853e-24,23.180542577635098,950,0,0,0,pos_EXP
EXP,clean,1,15,12,6.598685384861853e-24,23.180542577635098,950,0,0,0,pos_EXP
EXP,clean,1,15,13,6.598685384861853e-24,23.180542577635098,950,0,0,0,pos_EXP
EXP,clean,1,15,14,6.598685384861853e-24,23.180542577635098,950,0,0,0,pos_EXP
EXP,clean,1,16,11,5.374302699036712e-105,104.26967787626923,949,0,0,0,pos_EXP
EXP,clean,1,16,12,5.374302699036712e-105,104.26967787626923,949,0,0,0,pos_EXP
EXP,clean,1,16,13,5.374302699036712e-105,104.26967787626923,949,0,0,0,pos_EXP
EXP,clean,1,16,14,5.374302699036712e-105,104.26967787626923,949,0,0,0,pos_EXP
EXP,clean,1,17,11,9.676700139616301e-46,45.01427271660495,947,0,0,0,pos_EXP
EXP,clean,1,17,12,9.676700139616301e-46,45.01427271660495,947,0,0,0,pos_EXP
EXP,clean,1,17,13,9.676700139616301e-46,45.01427271660495,947,0,0,0,pos_EXP
EXP,clean,1,17,14,9.676700139616301e-46,45.01427271660495,947,0,0,0,pos_EXP
EXP,clean,1,18,11,4.257201400894545e-27,26.37087580361,946,0,0,0,pos_EXP
EXP,clean,1,18,12,4.257201400894545e-27,26.37087580361,946,0,0,0,pos_EXP
EXP,clean,1,18,13,4.257201400894545e-27,26.37087580361,946,0,0,0,pos_EXP
EXP,clean,1,18,14,4.257201400894545e-27,26.37087580361,946,0,0,0,pos_EXP
EXP,clean,1,19,11,5.629842833559702e-61,60.24950372903329,947,0,0,0,pos_EXP
EXP,clean,1,19,12,5.629842833559702e-61,60.24950372903329,947,0,0,0,pos_EXP
EXP,clean,1,19,13,5.629842833559702e-61,60.24950372903329,947,0,0,0,pos_EXP
EXP,clean,1,19,14,5.629842833559702e-61,60.24950372903329,947,0,0,0,pos_EXP
EXP,clean,1,20,11,1.807732844600769e-30,29.742865751232653,947,0,0,0,pos_EXP
EXP,clean,1,20,12,1.807732844600769e-30,29.742865751232653,947,0,0,0,pos_EXP
EXP,clean,1,20,13,1.807732844600769e-30,29.742865751232653,947,0,0,0,pos_EXP
EXP,clean,1,20,14,1.807732844600769e-30,29.742865751232653,947,0,0,0,pos_EXP
EXP,clean,1,21,11,1.632442040910304e-65,64.78716222920123,947,0,0,0,pos_EXP
EXP,clean,1,21,12,1.632442040910304e-65,64.78716222920123,947,0,0,0,pos_EXP
EXP,clean,1,21,13,1.632442040910304e-65,64.78716222920123,947,0,0,0,pos_EXP
EXP,clean,1,21,14,1.632442040910304e-65,64.78716222920123,947,0,0,0,pos_EXP
EXP,clean,1,22,11,2.939185892480742e-71,70.53177294556211,950,0,0,0,pos_EXP
EXP,clean,1,22,12,2.939185892480742e-71,70.53177294556211,950,0,0,0,pos_EXP
EXP,clean,1,22,13,2.939185892480742e-71,70.53177294556211,950,0,0,0,pos_EXP
EXP,clean,1,22,14,2.939185892480742e-71,70.53177294556211,950,0,0,0,pos_EXP
EXP,clean,1,23,11,6.553220369202958e-134,133.1835452275086,950,0,0,0,pos_EXP
EXP,clean,1,23,12,6.553220369202958e-134,133.1835452275086,950,0,0,0,pos_EXP
EXP,clean,1,23,13,6.553220369202958e-134,133.1835452275086,950,0,0,0,pos_EXP
EXP,clean,1,23,14,6.553220369202958e-134,133.1835452275086,950,0,0,0,pos_EXP
EXP,dia100,0,0,11,0.5856385207641855,0.2323703650010304,1065,-1,0,0,neg
EXP,dia100,0,0,12,0.4925905558045572,0.30751391893070606,1086,-1,0,0,neg
EXP,dia100,0,0,13,0.5857220378523107,0.23230843528978642,1119,-1,0,0,neg
EXP,dia100,0,0,14,0.08695711765837491,1.0606948641127552,1038,-1,0,0,neg
EXP,dia100,0,1,11,0.9370972770820657,0.028215324045921978,1010,-1,0,0,neg
EXP,dia100,0,1,12,0.6148190772751831,0.21125266520157018,1035,-1,0,0,neg
EXP,dia100,0,1,13,0.8599019969090662,0.065551042508663,1136,-1,0,0,neg
EXP,dia100,0,1,14,0.5666745817585987,0.2466662672412537,1017,-1,0,0,neg
EXP,dia100,0,2,11,0.38026322579055377,0.41991567198116475,963,-1,0,0,neg
EXP,dia100,0,2,12,0.7725726028784559,0.11206069695443455,827,-1,0,0,neg
EXP,dia100,0,2,13,0.6541769377505263,0.1843047704895949,1068,-1,0,0,neg
EXP,dia100,0,2,14,0.917159250430741,0.0375552493042999,1001,-1,0,0,neg
EXP,dia100,0,3,11,0.5517040887856,0.25829379739001507,1113,-1,0,0,neg
EXP,dia100,0,3,12,0.8955341724745491,0.04791783735937115,997,-1,0,0,neg
EXP,dia100,0,3,13,0.12784145666940402,0.8933282895016111,1109,-1,0,0,neg
EXP,dia100,0,3,14,0.13680740160147573,0.8638904056296359,1179,-1,0,0,neg
EXP,dia100,0,4,11,0.17625781742554406,0.7538516119848699,1301,-1,0,0,neg
EXP,dia100,0,4,12,0.17060788815434857,0.7680008928478143,1115,-1,0,0,neg
EXP,dia100,0,4,13,0.505153767018521,0.2965764040540364,1089,-1,0,0,neg
EXP,dia100,0,4,14,0.35740028098492144,0.4468451103917822,944,-1,0,0,neg
EXP,dia100,0,5,11,0.9774805360396817,0.009891881681172044,870,-1,0,0,neg
EXP,dia100,0,5,12,0.3359778305369029,0.47368937854211024,928,-1,0,0,neg
EXP,dia100,0,5,13,0.7561932088758717,0.12136722721280924,996,-1,0,0,neg
EXP,dia100,0,5,14,0.21290535773414776,0.6718134094630471,955,-1,0,0,neg
EXP,dia100,0,6,11,0.050726692138030695,1.2947634568830428,1581,-1,0,0,neg
EXP,dia100,0,6,12,0.14433665836380039,0.8406233535689464,1122,-1,0,0,neg
EXP,dia100,0,6,13,0.321342130324741,0.4930323315039763,1370,-1,0,0,neg
EXP,dia100,0,6,14,0.3681208211693371,0.4340096178610772,1288,-1,0,0,neg
EXP,dia100,0,7,11,0.33901585474361423,0.4697799906858524,925,-1,0,0,neg
EXP,dia100,0,7,12,0.7947708746660176,0.09975805651390553,925,-1,0,0,neg
EXP,dia100,0,7,13,0.7736066917798115,0.11147978221554504,1069,-1,0,0,neg
EXP,dia100,0,7,14,0.05178844588467535,1.2857671214948845,936,-1,0,0,neg
EXP,dia100,0,8,11,0.21738315857833665,0.66277410523507,896,-1,0,0,neg
EXP,dia100,0,8,12,0.3675768532190713,0.4346518444995674,889,-1,0,0,neg
EXP,dia100,0,8,13,0.021512220439262576,1.667314760474936,838,-1,0,0,neg
EXP,dia100,0,8,14,0.04806642387167765,1.3181581880558835,1006,-1,0,0,neg
EXP,dia100,0,9,11,0.016856085132048063,1.7732432839800856,1048,-1,0,0,neg
EXP,dia100,0,9,12,0.5068837705932959,0.2950916137965467,1076,-1,0,0,neg
EXP,dia100,0,9,13,0.430874731478994,0.3656489742361051,1182,-1,0,0,neg
EXP,dia100,0,9,14,0.5307344600948876,0.2751227131183319,1073,-1,0,0,neg
EXP,dia100,0,10,11,0.7849557719452505,0.10515481273404281,923,-1,0,0,neg
EXP,dia100,0,10,12,0.29257945507888933,0.5337561732863492,883,-1,0,0,neg
EXP,dia100,0,10,13,0.03480751426846228,1.458326990161168,1015,-1,0,0,neg
EXP,dia100,0,10,14,0.5116496614041967,0.29102730894108,1053,-1,0,0,neg
EXP,dia100,0,11,11,0.1557001646463049,0.8077109281836852,993,-1,0,0,neg
EXP,dia100,0,11,12,0.2732013787879062,0.5635171131952329,971,-1,0,0,neg
EXP,dia100,0,11,13,0.8306100356090323,0.08060282595513707,988,-1,0,0,neg
EXP,dia100,0,11,14,0.3712953935117553,0.43028043882887923,917,-1,0,0,neg
EXP,dia100,0,12,11,0.683147838641973,0.16548530135707964,989,-1,0,0,neg
EXP,dia100,0,12,12,0.38453662837337127,0.4150622859203098,1062,-1,0,0,neg
EXP,dia100,0,12,13,0.11479024190765535,0.9400950288873592,930,-1,0,0,neg
EXP,dia100,0,12,14,0.3876416703652817,0.41156954370340115,1028,-1,0,0,neg
EXP,dia100,0,13,11,0.697611713547742,0.15638623580708494,946,-1,0,0,neg
EXP,dia100,0,13,12,0.9375339774756201,0.028012983906616995,902,-1,0,0,neg
EXP,dia100,0,13,13,0.06121345437147989,1.2131531118887944,947,-1,0,0,neg
EXP,dia100,0,13,14,0.8630937004257292,0.06394205322007578,1174,-1,0,0,neg
EXP,dia100,0,14,11,0.0020976244325072867,2.6782722670912062,985,-1,0,0,neg
EXP,dia100,0,14,12,0.7688337104483921,0.11416758275268163,1106,-1,0,0,neg
EXP,dia100,0,14,13,0.22277414536115467,0.6521352137610332,1058,-1,0,0,neg
EXP,dia100,0,14,14,0.9175606917180689,0.0373651998753144,1062,-1,0,0,neg
EXP,dia100,0,15,11,0.24024930350618914,0.6193378626973242,1229,-1,0,0,neg
EXP,dia100,0,15,12,0.40106762088107684,0.39678239820357836,1156,-1,0,0,neg
EXP,dia100,0,15,13,0.9380926026907308,0.027754288643803426,1175,-1,0,0,neg
EXP,dia100,0,15,14,0.15185846810817227,0.8185609854374466,1048,-1,0,0,neg
EXP,dia100,0,16,11,0.2904820428633285,0.536880709836175,1025,-1,0,0,neg
EXP,dia100,0,16,12,0.4373453579975958,0.35917547873441885,951,-1,0,0,neg
EXP,dia100,0,16,13,0.5641484065893888,0.2486066341645025,920,-1,0,0,neg
EXP,dia100,0,16,14,0.001540640785616584,2.8122986091791113,858,-1,0,0,neg
EXP,dia100,0,17,11,0.8544096205235578,0.06833387019757464,965,-1,0,0,neg
EXP,dia100,0,17,12,0.6410224982143282,0.19312672761243413,914,-1,0,0,neg
EXP,dia100,0,17,13,0.6585005512873147,0.1814438571168694,904,-1,0,0,neg
EXP,dia100,0,17,14,0.8642338836089716,0.06336871051272153,929,-1,0,0,neg
EXP,dia100,0,18,11,0.7553134165934431,0.1218728008837304,1129,-1,0,0,neg
EXP,dia100,0,18,12,0.903307216850347,0.0441645200169283,1100,-1,0,0,neg
EXP,dia100,0,18,13,0.6194279861659255,0.20800917682414855,1170,-1,0,0,neg
EXP,dia100,0,18,14,0.6174274495287938,0.20941406660337797,1104,-1,0,0,neg
EXP,dia100,0,19,11,0.555362774050904,0.2554232343554794,987,-1,0,0,neg
EXP,dia100,0,19,12,0.57097424754428,0.24338347914754654,1040,-1,0,0,neg
EXP,dia100,0,19,13,0.5833331826968473,0.23408331818297332,968,-1,0,0,neg
EXP,dia100,0,19,14,0.92092827707774,0.035774191825177507,1088,-1,0,0,neg
EXP,dia100,0,20,11,0.5939434985710801,0.2262548671836486,1049,-1,0,0,neg
EXP,dia100,0,20,12,0.6387728576901975,0.1946535458926788,1329,-1,0,0,neg
EXP,dia100,0,20,13,0.8256280966143594,0.08321553616629461,926,-1,0,0,neg
EXP,dia100,0,20,14,0.6014138551001618,0.22082657104056402,1062,-1,0,0,neg
EXP,dia100,0,21,11,0.050178516154429316,1.2994821854979233,999,-1,0,0,neg
EXP,dia100,0,21,12,0.20819441894527294,0.6815309167743706,1060,-1,0,0,neg
EXP,dia100,0,21,13,0.2804863382573419,0.5520882872204504,962,-1,0,0,neg
EXP,dia100,0,21,14,0.7113986907895629,0.14788693839593947,962,-1,0,0,neg
EXP,dia100,0,22,11,0.5974691852045163,0.22368448877437447,982,-1,0,0,neg
EXP,dia100,0,22,12,0.6238138190948556,0.20494500872256668,1161,-1,0,0,neg
EXP,dia100,0,22,13,0.6356068326835786,0.1968114428352918,1112,-1,0,0,neg
EXP,dia100,0,22,14,0.056425235573771736,1.2485266190791666,1146,-1,0,0,neg
EXP,dia100,0,23,11,0.34548230342249164,0.4615741935077111,893,-1,0,0,neg
EXP,dia100,0,23,12,0.7221717340222914,0.14135951396842703,912,-1,0,0,neg
EXP,dia100,0,23,13,0.8915383651158091,0.049859963313539826,942,-1,0,0,neg
EXP,dia100,0,23,14,0.5155554637783886,0.28772460619584195,847,-1,0,0,neg
EXP,dia100,1,0,11,0.3396453133826811,0.4689743736717613,1038,-1,0,0,pos_EXP
EXP,dia100,1,0,12,0.3396453133826811,0.4689743736717613,1038,-1,0,0,pos_EXP
EXP,dia100,1,0,13,0.3396453133826811,0.4689743736717613,1038,-1,0,0,pos_EXP
EXP,dia100,1,0,14,0.3396453133826811,0.4689743736717613,1038,-1,0,0,pos_EXP
EXP,dia100,1,1,11,0.012670077293107726,1.8972207357189435,1059,-1,0,0,pos_EXP
EXP,dia100,1,1,12,0.012670077293107726,1.8972207357189435,1059,-1,0,0,pos_EXP
EXP,dia100,1,1,13,0.012670077293107726,1.8972207357189435,1059,-1,0,0,pos_EXP
EXP,dia100,1,1,14,0.012670077293107726,1.8972207357189435,1059,-1,0,0,pos_EXP
EXP,dia100,1,2,11,1.303901197113991e-16,15.884755315946032,997,-1,0,0,pos_EXP
EXP,dia100,1,2,12,1.303901197113991e-16,15.884755315946032,997,-1,0,0,pos_EXP
EXP,dia100,1,2,13,1.303901197113991e-16,15.884755315946032,997,-1,0,0,pos_EXP
EXP,dia100,1,2,14,1.303901197113991e-16,15.884755315946032,997,-1,0,0,pos_EXP
EXP,dia100,1,3,11,0.00035501941473384426,3.449747896293576,1070,-1,0,0,pos_EXP
EXP,dia100,1,3,12,0.00035501941473384426,3.449747896293576,1070,-1,0,0,pos_EXP
EXP,dia100,1,3,13,0.00035501941473384426,3.449747896293576,1070,-1,0,0,pos_EXP
EXP,dia100,1,3,14,0.00035501941473384426,3.449747896293576,1070,-1,0,0,pos_EXP
EXP,dia100,1,4,11,1.1504848603218955e-11,10.939119092007871,1015,-1,0,0,pos_EXP
EXP,dia100,1,4,12,1.1504848603218955e-11,10.939119092007871,1015,-1,0,0,pos_EXP
EXP,dia100,1,4,13,1.1504848603218955e-11,10.939119092007871,1015,-1,0,0,pos_EXP
EXP,dia100,1,4,14,1.1504848603218955e-11,10.939119092007871,1015,-1,0,0,pos_EXP
EXP,dia100,1,5,11,0.0012453814373532758,2.9046976118080683,1004,-1,0,0,pos_EXP
EXP,dia100,1,5,12,0.0012453814373532758,2.9046976118080683,1004,-1,0,0,pos_EXP
EXP,dia100,1,5,13,0.0012453814373532758,2.9046976118080683,1004,-1,0,0,pos_EXP
EXP,dia100,1,5,14,0.0012453814373532758,2.9046976118080683,1004,-1,0,0,pos_EXP
EXP,dia100,1,6,11,6.2815434352169e-10,9.201933632848647,1041,-1,0,0,pos_EXP
EXP,dia100,1,6,12,6.2815434352169e-10,9.201933632848647,1041,-1,0,0,pos_EXP
EXP,dia100,1,6,13,6.2815434352169e-10,9.201933632848647,1041,-1,0,0,pos_EXP
EXP,dia100,1,6,14,6.2815434352169e-10,9.201933632848647,1041,-1,0,0,pos_EXP
EXP,dia100,1,7,11,7.290658637372899e-05,4.13723323578961,1008,-1,0,0,pos_EXP
EXP,dia100,1,7,12,7.290658637372899e-05,4.13723323578961,1008,-1,0,0,pos_EXP
EXP,dia100,1,7,13,7.290658637372899e-05,4.13723323578961,1008,-1,0,0,pos_EXP
EXP,dia100,1,7,14,7.290658637372899e-05,4.13723323578961,1008,-1,0,0,pos_EXP
EXP,dia100,1,8,11,0.00042950599569405054,3.3670307692514427,1045,-1,0,0,pos_EXP
EXP,dia100,1,8,12,0.00042950599569405054,3.3670307692514427,1045,-1,0,0,pos_EXP
EXP,dia100,1,8,13,0.00042950599569405054,3.3670307692514427,1045,-1,0,0,pos_EXP
EXP,dia100,1,8,14,0.00042950599569405054,3.3670307692514427,1045,-1,0,0,pos_EXP
EXP,dia100,1,9,11,0.00026934522206003056,3.5696907240399423,1021,-1,0,0,pos_EXP
EXP,dia100,1,9,12,0.00026934522206003056,3.5696907240399423,1021,-1,0,0,pos_EXP
EXP,dia100,1,9,13,0.00026934522206003056,3.5696907240399423,1021,-1,0,0,pos_EXP
EXP,dia100,1,9,14,0.00026934522206003056,3.5696907240399423,1021,-1,0,0,pos_EXP
EXP,dia100,1,10,11,0.0035698718702701793,2.4473473712920755,972,-1,0,0,pos_EXP
EXP,dia100,1,10,12,0.0035698718702701793,2.4473473712920755,972,-1,0,0,pos_EXP
EXP,dia100,1,10,13,0.0035698718702701793,2.4473473712920755,972,-1,0,0,pos_EXP
EXP,dia100,1,10,14,0.0035698718702701793,2.4473473712920755,972,-1,0,0,pos_EXP
EXP,dia100,1,11,11,1.4521099096521725e-06,5.83800051080607,1061,-1,0,0,pos_EXP
EXP,dia100,1,11,12,1.4521099096521725e-06,5.83800051080607,1061,-1,0,0,pos_EXP
EXP,dia100,1,11,13,1.4521099096521725e-06,5.83800051080607,1061,-1,0,0,pos_EXP
EXP,dia100,1,11,14,1.4521099096521725e-06,5.83800051080607,1061,-1,0,0,pos_EXP
EXP,dia100,1,12,11,0.0007501515389573124,3.1248509954282007,1058,-1,0,0,pos_EXP
EXP,dia100,1,12,12,0.0007501515389573124,3.1248509954282007,1058,-1,0,0,pos_EXP
EXP,dia100,1,12,13,0.0007501515389573124,3.1248509954282007,1058,-1,0,0,pos_EXP
EXP,dia100,1,12,14,0.0007501515389573124,3.1248509954282007,1058,-1,0,0,pos_EXP
EXP,dia100,1,13,11,9.43455824546523e-18,17.02527843000337,1043,-1,0,0,pos_EXP
EXP,dia100,1,13,12,9.43455824546523e-18,17.02527843000337,1043,-1,0,0,pos_EXP
EXP,dia100,1,13,13,9.43455824546523e-18,17.02527843000337,1043,-1,0,0,pos_EXP
EXP,dia100,1,13,14,9.43455824546523e-18,17.02527843000337,1043,-1,0,0,pos_EXP
EXP,dia100,1,14,11,0.030467694071235923,1.5161604138453963,1104,-1,0,0,pos_EXP
EXP,dia100,1,14,12,0.030467694071235923,1.5161604138453963,1104,-1,0,0,pos_EXP
EXP,dia100,1,14,13,0.030467694071235923,1.5161604138453963,1104,-1,0,0,pos_EXP
EXP,dia100,1,14,14,0.030467694071235923,1.5161604138453963,1104,-1,0,0,pos_EXP
EXP,dia100,1,15,11,0.0008436129708332584,3.07385675145744,1073,-1,0,0,pos_EXP
EXP,dia100,1,15,12,0.0008436129708332584,3.07385675145744,1073,-1,0,0,pos_EXP
EXP,dia100,1,15,13,0.0008436129708332584,3.07385675145744,1073,-1,0,0,pos_EXP
EXP,dia100,1,15,14,0.0008436129708332584,3.07385675145744,1073,-1,0,0,pos_EXP
EXP,dia100,1,16,11,6.726807450589231e-13,12.172191003466803,1050,-1,0,0,pos_EXP
EXP,dia100,1,16,12,6.726807450589231e-13,12.172191003466803,1050,-1,0,0,pos_EXP
EXP,dia100,1,16,13,6.726807450589231e-13,12.172191003466803,1050,-1,0,0,pos_EXP
EXP,dia100,1,16,14,6.726807450589231e-13,12.172191003466803,1050,-1,0,0,pos_EXP
EXP,dia100,1,17,11,7.679533716719073e-06,5.11466514851062,1038,-1,0,0,pos_EXP
EXP,dia100,1,17,12,7.679533716719073e-06,5.11466514851062,1038,-1,0,0,pos_EXP
EXP,dia100,1,17,13,7.679533716719073e-06,5.11466514851062,1038,-1,0,0,pos_EXP
EXP,dia100,1,17,14,7.679533716719073e-06,5.11466514851062,1038,-1,0,0,pos_EXP
EXP,dia100,1,18,11,0.014310733026284297,1.8443381201803386,1063,-1,0,0,pos_EXP
EXP,dia100,1,18,12,0.014310733026284297,1.8443381201803386,1063,-1,0,0,pos_EXP
EXP,dia100,1,18,13,0.014310733026284297,1.8443381201803386,1063,-1,0,0,pos_EXP
EXP,dia100,1,18,14,0.014310733026284297,1.8443381201803386,1063,-1,0,0,pos_EXP
EXP,dia100,1,19,11,0.00048490896912123686,3.31433978288007,1052,-1,0,0,pos_EXP
EXP,dia100,1,19,12,0.00048490896912123686,3.31433978288007,1052,-1,0,0,pos_EXP
EXP,dia100,1,19,13,0.00048490896912123686,3.31433978288007,1052,-1,0,0,pos_EXP
EXP,dia100,1,19,14,0.00048490896912123686,3.31433978288007,1052,-1,0,0,pos_EXP
EXP,dia100,1,20,11,3.8852749659024344e-06,5.4105782401968066,1024,-1,0,0,pos_EXP
EXP,dia100,1,20,12,3.8852749659024344e-06,5.4105782401968066,1024,-1,0,0,pos_EXP
EXP,dia100,1,20,13,3.8852749659024344e-06,5.4105782401968066,1024,-1,0,0,pos_EXP
EXP,dia100,1,20,14,3.8852749659024344e-06,5.4105782401968066,1024,-1,0,0,pos_EXP
EXP,dia100,1,21,11,0.0006546460162536093,3.183993470609703,1034,-1,0,0,pos_EXP
EXP,dia100,1,21,12,0.0006546460162536093,3.183993470609703,1034,-1,0,0,pos_EXP
EXP,dia100,1,21,13,0.0006546460162536093,3.183993470609703,1034,-1,0,0,pos_EXP
EXP,dia100,1,21,14,0.0006546460162536093,3.183993470609703,1034,-1,0,0,pos_EXP
EXP,dia100,1,22,11,6.156613156909936e-13,12.210658133902008,1012,-1,0,0,pos_EXP
EXP,dia100,1,22,12,6.156613156909936e-13,12.210658133902008,1012,-1,0,0,pos_EXP
EXP,dia100,1,22,13,6.156613156909936e-13,12.210658133902008,1012,-1,0,0,pos_EXP
EXP,dia100,1,22,14,6.156613156909936e-13,12.210658133902008,1012,-1,0,0,pos_EXP
EXP,dia100,1,23,11,6.15845405559533e-16,15.210528294229523,937,-1,0,0,pos_EXP
EXP,dia100,1,23,12,6.15845405559533e-16,15.210528294229523,937,-1,0,0,pos_EXP
EXP,dia100,1,23,13,6.15845405559533e-16,15.210528294229523,937,-1,0,0,pos_EXP
EXP,dia100,1,23,14,6.15845405559533e-16,15.210528294229523,937,-1,0,0,pos_EXP
EXP,dia50,0,0,11,0.9746450433554966,0.011153521511363347,1028,-1,0,0,neg
EXP,dia50,0,0,12,0.2999278906161509,0.5229831468530591,1055,-1,0,0,neg
EXP,dia50,0,0,13,0.7128887177479415,0.1469782584229126,1087,-1,0,0,neg
EXP,dia50,0,0,14,0.2875920566766161,0.5412231133835719,1011,-1,0,0,neg
EXP,dia50,0,1,11,0.6712669706113883,0.17310472155352108,989,-1,0,0,neg
EXP,dia50,0,1,12,0.4677096337967147,0.3300236844817823,1002,-1,0,0,neg
EXP,dia50,0,1,13,0.6934923490203609,0.15895832593398063,1102,-1,0,0,neg
EXP,dia50,0,1,14,0.4970830979481096,0.30357100369396084,986,-1,0,0,neg
EXP,dia50,0,2,11,0.4900467093013925,0.30976252277751354,951,-1,0,0,neg
EXP,dia50,0,2,12,0.5916401679150805,0.2279423483470966,827,-1,0,0,neg
EXP,dia50,0,2,13,0.7367129587305485,0.13270169086770012,1054,-1,0,0,neg
EXP,dia50,0,2,14,0.5199917011157965,0.284003587496693,983,-1,0,0,neg
EXP,dia50,0,3,11,0.5241621278549468,0.2805343612180991,1083,-1,0,0,neg
EXP,dia50,0,3,12,0.6035303126470214,0.21930091233593166,971,-1,0,0,neg
EXP,dia50,0,3,13,0.4356571989063539,0.3608551051821293,1040,-1,0,0,neg
EXP,dia50,0,3,14,0.3393403684848063,0.4693644729002804,1126,-1,0,0,neg
EXP,dia50,0,4,11,0.3954504489999631,0.402907927018573,1242,-1,0,0,neg
EXP,dia50,0,4,12,0.0634465435054117,1.1975920327878071,1090,-1,0,0,neg
EXP,dia50,0,4,13,0.09150015293790752,1.038578180031543,1058,-1,0,0,neg
EXP,dia50,0,4,14,0.618819877033847,0.2084357448313104,931,-1,0,0,neg
EXP,dia50,0,5,11,0.8847322941013239,0.0531881200168519,845,-1,0,0,neg
EXP,dia50,0,5,12,0.6165841855908794,0.21000761843320986,908,-1,0,0,neg
EXP,dia50,0,5,13,0.866553281718037,0.06220472868611432,984,-1,0,0,neg
EXP,dia50,0,5,14,0.1599801460885743,0.795933910963994,939,-1,0,0,neg
EXP,dia50,0,6,11,0.06490446864464905,1.1877254011826401,1529,-1,0,0,neg
EXP,dia50,0,6,12,0.2007515583155387,0.6973410748651577,1083,-1,0,0,neg
EXP,dia50,0,6,13,0.11204597663252688,0.9506037335748239,1317,-1,0,0,neg
EXP,dia50,0,6,14,0.20155657214195613,0.6956030362683042,1236,-1,0,0,neg
EXP,dia50,0,7,11,0.6673177052392313,0.1756673523173808,930,-1,0,0,neg
EXP,dia50,0,7,12,0.20948845964017054,0.6788398965766332,913,-1,0,0,neg
EXP,dia50,0,7,13,0.6314395266618854,0.1996682357573095,1079,-1,0,0,neg
EXP,dia50,0,7,14,0.17505302176027637,0.7568303880552647,936,-1,0,0,neg
EXP,dia50,0,8,11,0.008699374563077985,2.0605119696305656,850,-1,0,0,neg
EXP,dia50,0,8,12,0.1880759729649842,0.7256666827868248,869,-1,0,0,neg
EXP,dia50,0,8,13,0.16436443937730766,0.7841921372384055,830,-1,0,0,neg
EXP,dia50,0,8,14,0.2236375879852298,0.6504552004160205,984,-1,0,0,neg
EXP,dia50,0,9,11,0.1253407309259191,0.9019077770353794,995,-1,0,0,neg
EXP,dia50,0,9,12,0.6985098283624466,0.1558274787787938,1035,-1,0,0,neg
EXP,dia50,0,9,13,0.3775786843823023,0.4229925311018329,1131,-1,0,0,neg
EXP,dia50,0,9,14,0.4724527214830597,0.3256416449882586,1049,-1,0,0,neg
EXP,dia50,0,10,11,0.9733492526813425,0.0117313002283077,922,-1,0,0,neg
EXP,dia50,0,10,12,0.36296389860459954,0.44013656894875225,876,-1,0,0,neg
EXP,dia50,0,10,13,0.41035968717103805,0.386835309931074,1001,-1,0,0,neg
EXP,dia50,0,10,14,0.6765717745277753,0.16968612422839313,1048,-1,0,0,neg
EXP,dia50,0,11,11,0.0422340904948832,1.3743368538503788,976,-1,0,0,neg
EXP,dia50,0,11,12,0.923925228115996,0.03436317415931462,968,-1,0,0,neg
EXP,dia50,0,11,13,0.8144750180766186,0.08912223201582857,965,-1,0,0,neg
EXP,dia50,0,11,14,0.800800812662721,0.09647549480102013,903,-1,0,0,neg
EXP,dia50,0,12,11,0.6011902618691491,0.22098806276700736,963,-1,0,0,neg
EXP,dia50,0,12,12,0.9683469124228798,0.013969027856675895,1018,-1,0,0,neg
EXP,dia50,0,12,13,0.01741127762619007,1.7591693595175932,906,-1,0,0,neg
EXP,dia50,0,12,14,0.16215169149131128,0.7900785166085778,997,-1,0,0,neg
EXP,dia50,0,13,11,0.373780072638871,0.42738385590974937,913,-1,0,0,neg
EXP,dia50,0,13,12,0.8614067758491192,0.06479171638778032,876,-1,0,0,neg
EXP,dia50,0,13,13,0.6243208313380284,0.20459217398393906,930,-1,0,0,neg
EXP,dia50,0,13,14,0.8403726903664409,0.07552806932637753,1140,-1,0,0,neg
EXP,dia50,0,14,11,0.3172304797802971,0.49862509195830695,950,-1,0,0,neg
EXP,dia50,0,14,12,0.3541925537409493,0.45076057330746133,1076,-1,0,0,neg
EXP,dia50,0,14,13,0.6773777769431225,0.16916905556456452,1038,-1,0,0,neg
EXP,dia50,0,14,14,0.9547270501074339,0.020120772474409056,1032,-1,0,0,neg
EXP,dia50,0,15,11,0.6586408152936067,0.18135136000802723,1187,-1,0,0,neg
EXP,dia50,0,15,12,0.7314568494644837,0.13581128894019703,1128,-1,0,0,neg
EXP,dia50,0,15,13,0.9542960735070315,0.020316863092954947,1124,-1,0,0,neg
EXP,dia50,0,15,14,0.04586191838676773,1.3385477828515646,1011,-1,0,0,neg
EXP,dia50,0,16,11,0.1801549890915835,0.7443537063144235,1008,-1,0,0,neg
EXP,dia50,0,16,12,0.4109277577146474,0.3862345216363016,939,-1,0,0,neg
EXP,dia50,0,16,13,0.4483002784704045,0.34843099136369177,898,-1,0,0,neg
EXP,dia50,0,16,14,0.006588761007654671,2.181196245213004,855,-1,0,0,neg
EXP,dia50,0,17,11,0.7151278346358317,0.14561631775903544,931,-1,0,0,neg
EXP,dia50,0,17,12,0.7270402811787445,0.1384415266801291,891,-1,0,0,neg
EXP,dia50,0,17,13,0.6084599335943252,0.21576801429798745,881,-1,0,0,neg
EXP,dia50,0,17,14,0.7192082328661857,0.14314534982336755,901,-1,0,0,neg
EXP,dia50,0,18,11,0.2009356945978338,0.6969429075031592,1093,-1,0,0,neg
EXP,dia50,0,18,12,0.8722332987851451,0.05936733751744788,1058,-1,0,0,neg
EXP,dia50,0,18,13,0.5880089350575344,0.23061607457573233,1123,-1,0,0,neg
EXP,dia50,0,18,14,0.6166096862120597,0.20998965730103342,1049,-1,0,0,neg
EXP,dia50,0,19,11,0.26186436492927545,0.5819235972889403,969,-1,0,0,neg
EXP,dia50,0,19,12,0.848802530510563,0.07119333435514211,1000,-1,0,0,neg
EXP,dia50,0,19,13,0.3864330369588207,0.4129257519367021,945,-1,0,0,neg
EXP,dia50,0,19,14,0.7185488661413003,0.1435436915883873,1069,-1,0,0,neg
EXP,dia50,0,20,11,0.5451024953080775,0.26352182990397033,1012,-1,0,0,neg
EXP,dia50,0,20,12,0.5235677622272334,0.28102710222412075,1290,-1,0,0,neg
EXP,dia50,0,20,13,0.6100205414476305,0.2146555405840627,925,-1,0,0,neg
EXP,dia50,0,20,14,0.8593150436148594,0.0658475851565131,1022,-1,0,0,neg
EXP,dia50,0,21,11,0.4654351744064757,0.33214079880306546,984,-1,0,0,neg
EXP,dia50,0,21,12,0.810996098076045,0.09098123529330637,1054,-1,0,0,neg
EXP,dia50,0,21,13,0.3366808624248631,0.4727815690276842,937,-1,0,0,neg
EXP,dia50,0,21,14,0.6000103727206328,0.22184124165569918,945,-1,0,0,neg
EXP,dia50,0,22,11,0.2340577263111453,0.6306770181173451,962,-1,0,0,neg
EXP,dia50,0,22,12,0.24555718856775705,0.6098473475856766,1109,-1,0,0,neg
EXP,dia50,0,22,13,0.5066034839885935,0.29533182782652434,1087,-1,0,0,neg
EXP,dia50,0,22,14,0.19499057185332164,0.7099863870532044,1112,-1,0,0,neg
EXP,dia50,0,23,11,0.4020519700512406,0.395717805503407,902,-1,0,0,neg
EXP,dia50,0,23,12,0.755668769640863,0.12166852597979934,917,-1,0,0,neg
EXP,dia50,0,23,13,0.986254641194557,0.006010940040629405,959,-1,0,0,neg
EXP,dia50,0,23,14,0.9186943016506699,0.03682897739784627,859,-1,0,0,neg
EXP,dia50,1,0,11,7.648241267585492e-05,4.11643842047982,1010,-1,0,0,pos_EXP
EXP,dia50,1,0,12,0.00029282593772968907,3.533390457279056,1019,-1,0,0,pos_EXP
EXP,dia50,1,0,13,4.777782015776849e-05,4.320773668630689,1001,-1,0,0,pos_EXP
EXP,dia50,1,0,14,6.782236604619551e-05,4.168627063527518,1005,-1,0,0,pos_EXP
EXP,dia50,1,1,11,6.40383915330572e-06,5.193559584889688,1052,-1,0,0,pos_EXP
EXP,dia50,1,1,12,1.4941886137012126e-07,6.8255945774072515,1053,-1,0,0,pos_EXP
EXP,dia50,1,1,13,3.0827401684045805e-09,8.51106307864149,1032,-1,0,0,pos_EXP
EXP,dia50,1,1,14,9.744834947380666e-06,5.011225512323563,1046,-1,0,0,pos_EXP
EXP,dia50,1,2,11,8.157545295498867e-30,29.08844050607449,992,-1,0,0,pos_EXP
EXP,dia50,1,2,12,2.6488817459503127e-29,28.576937429482154,981,-1,0,0,pos_EXP
EXP,dia50,1,2,13,3.219061893153688e-26,25.49227067302029,987,-1,0,0,pos_EXP
EXP,dia50,1,2,14,1.8683173064997773e-29,28.728549363245527,991,-1,0,0,pos_EXP
EXP,dia50,1,3,11,1.1283112555998877e-12,11.94757107948132,1040,-1,0,0,pos_EXP
EXP,dia50,1,3,12,2.1549720533299462e-08,7.666558357597585,1039,-1,0,0,pos_EXP
EXP,dia50,1,3,13,1.5241551605114421e-12,11.816970819135616,1032,-1,0,0,pos_EXP
EXP,dia50,1,3,14,1.92033150567357e-12,11.71662379282915,1037,-1,0,0,pos_EXP
EXP,dia50,1,4,11,1.6773859410560848e-25,24.77536700132533,997,-1,0,0,pos_EXP
EXP,dia50,1,4,12,5.514162887057499e-31,30.258520409085268,985,-1,0,0,pos_EXP
EXP,dia50,1,4,13,1.0753548508172647e-22,21.968448201495264,1002,-1,0,0,pos_EXP
EXP,dia50,1,4,14,3.8991339403926996e-23,22.409031845967608,1002,-1,0,0,pos_EXP
EXP,dia50,1,5,11,1.2441045416042684e-12,11.905143124521196,989,-1,0,0,pos_EXP
EXP,dia50,1,5,12,1.9406121068999606e-10,9.712061263513144,998,-1,0,0,pos_EXP
EXP,dia50,1,5,13,2.496085942442897e-10,9.602740465589713,1014,-1,0,0,pos_EXP
EXP,dia50,1,5,14,2.1076129415806505e-09,8.676209143350432,990,-1,0,0,pos_EXP
EXP,dia50,1,6,11,2.1550324576317356e-20,19.666546184406172,1016,-1,0,0,pos_EXP
EXP,dia50,1,6,12,6.747651694920123e-22,21.17084734322551,1022,-1,0,0,pos_EXP
EXP,dia50,1,6,13,3.326910180439145e-24,23.477958924008306,1005,-1,0,0,pos_EXP
EXP,dia50,1,6,14,1.1934842714132082e-29,28.923183300061886,1008,-1,0,0,pos_EXP
EXP,dia50,1,7,11,8.854610927873545e-21,20.052830516979817,987,-1,0,0,pos_EXP
EXP,dia50,1,7,12,2.797102558170129e-16,15.553291609555968,992,-1,0,0,pos_EXP
EXP,dia50,1,7,13,1.2473706338460066e-22,21.9040044845183,982,-1,0,0,pos_EXP
EXP,dia50,1,7,14,4.453337634413344e-22,21.351314377133786,990,-1,0,0,pos_EXP
EXP,dia50,1,8,11,1.8144697213566848e-08,7.741250274615493,1017,-1,0,0,pos_EXP
EXP,dia50,1,8,12,1.23901430435374e-10,9.906923679688475,1005,-1,0,0,pos_EXP
EXP,dia50,1,8,13,2.473360089823657e-11,10.606712651273554,1011,-1,0,0,pos_EXP
EXP,dia50,1,8,14,1.6654920786618016e-09,8.77845742853969,1018,-1,0,0,pos_EXP
EXP,dia50,1,9,11,4.526570857494074e-15,14.344230676933202,986,-1,0,0,pos_EXP
EXP,dia50,1,9,12,4.027522841279951e-10,9.39496198788858,997,-1,0,0,pos_EXP
EXP,dia50,1,9,13,2.1239158486134316e-07,6.672862694373442,981,-1,0,0,pos_EXP
EXP,dia50,1,9,14,1.5080119773781725e-11,10.821595209070628,987,-1,0,0,pos_EXP
EXP,dia50,1,10,11,1.6478696006405259e-24,23.783077157907652,966,-1,0,0,pos_EXP
EXP,dia50,1,10,12,1.2243336017139773e-19,18.912100231174623,975,-1,0,0,pos_EXP
EXP,dia50,1,10,13,3.948937847645384e-28,27.403519701572918,976,-1,0,0,pos_EXP
EXP,dia50,1,10,14,1.7085347309675496e-26,25.767376188469402,961,-1,0,0,pos_EXP
EXP,dia50,1,11,11,1.320475330966431e-10,9.879269707842312,1033,-1,0,0,pos_EXP
EXP,dia50,1,11,12,3.2435353940790935e-13,12.488981358603379,1031,-1,0,0,pos_EXP
EXP,dia50,1,11,13,1.397718409561191e-12,11.854580314635946,1027,-1,0,0,pos_EXP
EXP,dia50,1,11,14,3.7089690404840615e-16,15.43074679180028,1009,-1,0,0,pos_EXP
EXP,dia50,1,12,11,1.6379891871135015e-10,9.785688969481852,1018,-1,0,0,pos_EXP
EXP,dia50,1,12,12,5.056742397888793e-08,7.296129169765709,1026,-1,0,0,pos_EXP
EXP,dia50,1,12,13,1.2064060576069975e-05,4.918506490789049,1027,-1,0,0,pos_EXP
EXP,dia50,1,12,14,3.67499583227503e-08,7.434743149102503,1019,-1,0,0,pos_EXP
EXP,dia50,1,13,11,6.224541093315208e-31,30.205892661579615,1010,-1,0,0,pos_EXP
EXP,dia50,1,13,12,2.964746236324347e-35,34.528012473591616,1009,-1,0,0,pos_EXP
EXP,dia50,1,13,13,7.87071818610061e-30,29.103985637395734,1010,-1,0,0,pos_EXP
EXP,dia50,1,13,14,5.681273370918564e-27,26.245554312883446,1009,-1,0,0,pos_EXP
EXP,dia50,1,14,11,2.0637176937218903e-07,6.685349712298808,1032,-1,0,0,pos_EXP
EXP,dia50,1,14,12,1.831503476733805e-05,4.737192252579631,1050,-1,0,0,pos_EXP
EXP,dia50,1,14,13,8.093324424884215e-05,4.091873050350927,1039,-1,0,0,pos_EXP
EXP,dia50,1,14,14,0.0003555301753427815,3.449123532968797,1048,-1,0,0,pos_EXP
EXP,dia50,1,15,11,4.946120549647285e-07,6.305735302975004,1034,-1,0,0,pos_EXP
EXP,dia50,1,15,12,1.0694905410104198e-06,5.970823052144483,1048,-1,0,0,pos_EXP
EXP,dia50,1,15,13,1.225898282866512e-06,5.911545563277983,1034,-1,0,0,pos_EXP
EXP,dia50,1,15,14,4.732466295693745e-07,6.324912470369204,1048,-1,0,0,pos_EXP
EXP,dia50,1,16,11,2.0669787496770465e-38,37.684663988271325,1022,-1,0,0,pos_EXP
EXP,dia50,1,16,12,4.076170805540712e-34,33.389747625855605,1021,-1,0,0,pos_EXP
EXP,dia50,1,16,13,1.5152003913899434e-36,35.8195299261586,1012,-1,0,0,pos_EXP
EXP,dia50,1,16,14,8.299585503682686e-39,38.080943596534574,1011,-1,0,0,pos_EXP
EXP,dia50,1,17,11,3.366915098130951e-18,17.472767834867664,989,-1,0,0,pos_EXP
EXP,dia50,1,17,12,3.0455987159390344e-10,9.516327319297416,1016,-1,0,0,pos_EXP
EXP,dia50,1,17,13,3.5766642780451e-15,14.446521822790666,1012,-1,0,0,pos_EXP
EXP,dia50,1,17,14,5.28933090917615e-13,12.276599261959332,1015,-1,0,0,pos_EXP
EXP,dia50,1,18,11,0.00012430564700820467,3.9055091416013488,1035,-1,0,0,pos_EXP
EXP,dia50,1,18,12,5.845474557711732e-07,6.233180225403865,1021,-1,0,0,pos_EXP
EXP,dia50,1,18,13,1.401906138103276e-10,9.853281062737695,1020,-1,0,0,pos_EXP
EXP,dia50,1,18,14,6.53976255151892e-06,5.184438019938295,1032,-1,0,0,pos_EXP
EXP,dia50,1,19,11,2.5944548043259207e-17,16.585953890358464,1024,-1,0,0,pos_EXP
EXP,dia50,1,19,12,1.902289698933623e-16,15.720723343829905,1016,-1,0,0,pos_EXP
EXP,dia50,1,19,13,1.2911045002450755e-13,12.889038605105315,1004,-1,0,0,pos_EXP
EXP,dia50,1,19,14,3.252182121948452e-16,15.487825141939421,1007,-1,0,0,pos_EXP
EXP,dia50,1,20,11,1.6848266812365263e-10,9.77344476853392,996,-1,0,0,pos_EXP
EXP,dia50,1,20,12,7.479531946025391e-11,10.126125578555122,1002,-1,0,0,pos_EXP
EXP,dia50,1,20,13,2.5010688606046994e-11,10.601874350904865,1010,-1,0,0,pos_EXP
EXP,dia50,1,20,14,6.752176006682653e-14,13.170556245627841,995,-1,0,0,pos_EXP
EXP,dia50,1,21,11,5.762092496094794e-13,12.239419774479565,1032,-1,0,0,pos_EXP
EXP,dia50,1,21,12,1.1931872717572298e-14,13.92329138809164,1012,-1,0,0,pos_EXP
EXP,dia50,1,21,13,1.2531821446712017e-17,16.901985801570426,1007,-1,0,0,pos_EXP
EXP,dia50,1,21,14,6.177923525653017e-13,12.209157471980257,1006,-1,0,0,pos_EXP
EXP,dia50,1,22,11,4.7592253231177585e-23,22.322463733261724,1009,-1,0,0,pos_EXP
EXP,dia50,1,22,12,3.847232095705265e-30,29.41485161279806,991,-1,0,0,pos_EXP
EXP,dia50,1,22,13,9.853745715876493e-22,21.006398649247693,996,-1,0,0,pos_EXP
EXP,dia50,1,22,14,1.8885866852240745e-29,28.723863076470305,999,-1,0,0,pos_EXP
EXP,dia50,1,23,11,1.7586271346031664e-34,33.75482623021266,943,-1,0,0,pos_EXP
EXP,dia50,1,23,12,7.341356326057535e-33,32.13422369614583,950,-1,0,0,pos_EXP
EXP,dia50,1,23,13,2.538048755531982e-32,31.595500039429997,953,-1,0,0,pos_EXP
EXP,dia50,1,23,14,7.63055436157865e-38,37.117443909302146,951,-1,0,0,pos_EXP
EXP,morph,0,0,11,0.9802109726174242,0.008680440243581711,952,1,0,0,neg
EXP,morph,0,0,12,0.5290773364848859,0.2764808414737282,971,0,0,0,neg
EXP,morph,0,0,13,0.9527511350975042,0.021020525141689873,1018,0,0,0,neg
EXP,morph,0,0,14,0.9281923535450496,0.032362013623161524,929,1,0,0,neg
EXP,morph,0,1,11,0.9272743467812656,0.032791754889142634,899,1,0,0,neg
EXP,morph,0,1,12,0.30987783687708437,0.50880948431634,918,0,0,0,neg
EXP,morph,0,1,13,0.516200027904464,0.28718197631529135,1008,2,1,0,neg
EXP,morph,0,1,14,0.393918218304679,0.40459393306182667,918,0,0,0,neg
EXP,morph,0,2,11,0.39760279575332524,0.40055057051221643,933,0,1,0,neg
EXP,morph,0,2,12,0.36986789242317397,0.43195336738333134,802,0,0,0,neg
EXP,morph,0,2,13,0.29978770398506965,0.5231861840325894,1006,2,1,0,neg
EXP,morph,0,2,14,0.8917522853729021,0.04975576898308339,956,2,0,0,neg
EXP,morph,0,3,11,0.02466618832784397,1.6078979569586374,994,0,0,0,neg
EXP,morph,0,3,12,0.3103227724420123,0.5081863533780671,903,0,0,0,neg
EXP,morph,0,3,13,0.19192430739333363,0.7168700179780955,961,1,0,0,neg
EXP,morph,0,3,14,0.4960960848353953,0.30443420037984553,1022,0,0,0,neg
EXP,morph,0,4,11,0.98029342038639,0.008643912285515433,1140,0,1,0,neg
EXP,morph,0,4,12,0.07838732060799675,1.1057541801128943,1017,0,0,0,neg
EXP,morph,0,4,13,0.18177599412704495,0.7404634715350978,965,0,0,0,neg
EXP,morph,0,4,14,0.41668589592896693,0.3801911993840621,884,0,0,0,neg
EXP,morph,0,5,11,0.8966523793935849,0.04737589471721166,816,0,0,0,neg
EXP,morph,0,5,12,0.2674501125522665,0.5727572150027724,870,0,0,0,neg
EXP,morph,0,5,13,0.6584713861357485,0.1814630925523881,937,4,1,0,neg
EXP,morph,0,5,14,0.14869865548890107,0.8276929582863238,888,0,0,0,neg
EXP,morph,0,6,11,0.2874863939911619,0.5413827045548248,1433,0,0,0,neg
EXP,morph,0,6,12,0.5130808039758069,0.2898142334119153,1007,0,0,0,neg
EXP,morph,0,6,13,0.4689489443563851,0.3288744374368851,1219,0,0,0,neg
EXP,morph,0,6,14,0.8603266735595536,0.06533661202879379,1152,0,1,0,neg
EXP,morph,0,7,11,0.32932069992098895,0.4823809702327623,907,0,1,0,neg
EXP,morph,0,7,12,0.2673534721080502,0.5729141713632475,913,1,1,0,neg
EXP,morph,0,7,13,0.5679036243283134,0.24572535966525635,1054,2,2,0,neg
EXP,morph,0,7,14,0.3969605113427046,0.40125269363723304,918,0,0,0,neg
EXP,morph,0,8,11,0.9641554962731622,0.01585291866202429,769,0,0,0,neg
EXP,morph,0,8,12,0.16692117007912544,0.777488579644929,793,0,0,0,neg
EXP,morph,0,8,13,0.022999052663757975,1.6382900523030854,748,0,0,0,neg
EXP,morph,0,8,14,0.3140295346808618,0.5030295043289439,902,0,0,0,neg
EXP,morph,0,9,11,0.08741884963054702,1.05839491281311,957,0,0,0,neg
EXP,morph,0,9,12,0.13696204722854532,0.8633997610385961,969,0,0,0,neg
EXP,morph,0,9,13,0.21084855477571332,0.6760293714339595,1084,0,0,0,neg
EXP,morph,0,9,14,0.6924343640554527,0.15962138714365917,995,0,0,0,neg
EXP,morph,0,10,11,0.9978880979607365,0.0009181572726998955,889,0,0,0,neg
EXP,morph,0,10,12,0.1371345726534844,0.86285304251309,855,1,0,0,neg
EXP,morph,0,10,13,0.09249886930716639,1.0338635759816122,982,3,0,0,neg
EXP,morph,0,10,14,0.2085016711991906,0.6808904596845742,1011,0,1,0,neg
EXP,morph,0,11,11,0.491467576451296,0.3085051285597603,914,0,0,0,neg
EXP,morph,0,11,12,0.2499610592106381,0.6021276436767342,902,0,0,0,neg
EXP,morph,0,11,13,0.8485954726377951,0.07129928957820347,908,0,0,0,neg
EXP,morph,0,11,14,0.6587660967111347,0.18126875982127305,843,0,0,0,neg
EXP,morph,0,12,11,0.940296317300244,0.026735264815979,897,4,1,0,neg
EXP,morph,0,12,12,0.6435285541915968,0.19143217812599844,946,0,0,0,neg
EXP,morph,0,12,13,0.1201947274568857,0.9201145829705768,847,0,0,0,neg
EXP,morph,0,12,14,0.09719227323029035,1.0123682600411414,924,0,0,0,neg
EXP,morph,0,13,11,0.14790129618805897,0.83002801988509,851,0,0,0,neg
EXP,morph,0,13,12,0.9721961321032659,0.01224611110507851,809,1,0,0,neg
EXP,morph,0,13,13,0.32808756023895924,0.4840102360022358,870,1,1,0,neg
EXP,morph,0,13,14,0.26610977308071454,0.574939175365615,1043,0,1,0,neg
EXP,morph,0,14,11,0.7359939635913925,0.13312574760502757,877,0,0,0,neg
EXP,morph,0,14,12,0.8270539256536812,0.08246617261153294,977,0,0,0,neg
EXP,morph,0,14,13,0.4955823181375688,0.3048841971956388,950,0,0,0,neg
EXP,morph,0,14,14,0.28092356867372714,0.551411823220783,937,0,0,0,neg
EXP,morph,0,15,11,0.536565629292139,0.270377150312685,1071,0,0,0,neg
EXP,morph,0,15,12,0.9346898809614141,0.029332458996819962,1031,0,0,0,neg
EXP,morph,0,15,13,0.9833463758554035,0.00729347847932884,1009,0,0,0,neg
EXP,morph,0,15,14,0.8685503256260764,0.061205012555402144,937,0,0,0,neg
EXP,morph,0,16,11,0.17830910262741598,0.7488264856527413,982,1,0,0,neg
EXP,morph,0,16,12,0.3891710245341393,0.40985950230241275,919,3,0,0,neg
EXP,morph,0,16,13,0.045158795660155904,1.3452576487914236,864,0,0,0,neg
EXP,morph,0,16,14,0.18993975619668516,0.721384123784533,819,0,0,0,neg
EXP,morph,0,17,11,0.36407554259904074,0.4388084945651946,867,2,0,0,neg
EXP,morph,0,17,12,0.7669810776314925,0.11521535049899706,831,0,0,0,neg
EXP,morph,0,17,13,0.79718007383085,0.09844356538231411,815,3,0,0,neg
EXP,morph,0,17,14,0.4337909694586144,0.3627194932510896,843,0,0,0,neg
EXP,morph,0,18,11,0.3772142473455381,0.42341191236446524,973,0,1,0,neg
EXP,morph,0,18,12,0.8168094409728438,0.08787925116268118,976,0,0,0,neg
EXP,morph,0,18,13,0.4848010197647373,0.3144364753150944,1039,3,2,0,neg
EXP,morph,0,18,14,0.6789028134639301,0.16819239154754437,973,0,0,0,neg
EXP,morph,0,19,11,0.23292632793680593,0.6327814198747365,856,0,0,0,neg
EXP,morph,0,19,12,0.8185060792892659,0.08697809060515245,927,0,0,0,neg
EXP,morph,0,19,13,0.49567529691300527,0.3048027245923286,843,0,0,0,neg
EXP,morph,0,19,14,0.8108306681219764,0.09106983330875425,980,2,0,0,neg
EXP,morph,0,20,11,0.37706625533843463,0.4235823320230587,955,0,0,0,neg
EXP,morph,0,20,12,0.03917275327594029,1.4070159027813218,1214,0,0,0,neg
EXP,morph,0,20,13,0.16926339467365134,0.7714369533508004,844,0,0,0,neg
EXP,morph,0,20,14,0.7753410429672136,0.11050722588165468,967,0,0,0,neg
EXP,morph,0,21,11,0.18762322739834644,0.7267133977986574,943,0,0,0,neg
EXP,morph,0,21,12,0.7902503013325579,0.10223532988630463,981,0,0,0,neg
EXP,morph,0,21,13,0.4247291560097813,0.37188792535369614,883,0,0,0,neg
EXP,morph,0,21,14,0.5415295895504387,0.2663778082401587,893,0,0,0,neg
EXP,morph,0,22,11,0.11050253734754062,0.9566277496405541,883,0,0,0,neg
EXP,morph,0,22,12,0.5693460509661942,0.2446236873079748,1048,0,3,0,neg
EXP,morph,0,22,13,0.18606667608955743,0.7303314005732701,1020,0,0,0,neg
EXP,morph,0,22,14,0.04548590299392351,1.3421231791793176,1025,0,0,0,neg
EXP,morph,0,23,11,0.19586734157205263,0.708037971138646,885,0,0,0,neg
EXP,morph,0,23,12,0.608107260715073,0.21601981114140562,911,19,6,0,neg
EXP,morph,0,23,13,0.6648770954698972,0.17725862791847108,981,20,6,0,neg
EXP,morph,0,23,14,0.28049520052313587,0.5520745654386601,872,14,8,0,neg
EXP,morph,1,0,11,4.5859926445695154e-29,28.338566646166356,949,1,0,0,pos_EXP
EXP,morph,1,0,12,4.5859926445695154e-29,28.338566646166356,949,1,0,0,pos_EXP
EXP,morph,1,0,13,4.5859926445695154e-29,28.338566646166356,949,1,0,0,pos_EXP
EXP,morph,1,0,14,4.5859926445695154e-29,28.338566646166356,949,1,0,0,pos_EXP
EXP,morph,1,1,11,2.625654336515183e-29,28.580762448705464,958,11,1,0,pos_EXP
EXP,morph,1,1,12,2.625654336515183e-29,28.580762448705464,958,11,1,0,pos_EXP
EXP,morph,1,1,13,2.625654336515183e-29,28.580762448705464,958,11,1,0,pos_EXP
EXP,morph,1,1,14,2.625654336515183e-29,28.580762448705464,958,11,1,0,pos_EXP
EXP,morph,1,2,11,3.6779371450339993e-87,86.43439569701152,948,0,0,0,pos_EXP
EXP,morph,1,2,12,3.6779371450339993e-87,86.43439569701152,948,0,0,0,pos_EXP
EXP,morph,1,2,13,3.6779371450339993e-87,86.43439569701152,948,0,0,0,pos_EXP
EXP,morph,1,2,14,3.6779371450339993e-87,86.43439569701152,948,0,0,0,pos_EXP
EXP,morph,1,3,11,1.620548119758836e-44,43.79033806871356,950,0,0,0,pos_EXP
EXP,morph,1,3,12,1.620548119758836e-44,43.79033806871356,950,0,0,0,pos_EXP
EXP,morph,1,3,13,1.620548119758836e-44,43.79033806871356,950,0,0,0,pos_EXP
EXP,morph,1,3,14,1.620548119758836e-44,43.79033806871356,950,0,0,0,pos_EXP
EXP,morph,1,4,11,3.320082872674671e-55,54.47885107572484,951,1,0,0,pos_EXP
EXP,morph,1,4,12,3.320082872674671e-55,54.47885107572484,951,1,0,0,pos_EXP
EXP,morph,1,4,13,3.320082872674671e-55,54.47885107572484,951,1,0,0,pos_EXP
EXP,morph,1,4,14,3.320082872674671e-55,54.47885107572484,951,1,0,0,pos_EXP
EXP,morph,1,5,11,1.0514337888585885e-43,42.97821807061315,947,0,0,0,pos_EXP
EXP,morph,1,5,12,1.0514337888585885e-43,42.97821807061315,947,0,0,0,pos_EXP
EXP,morph,1,5,13,1.0514337888585885e-43,42.97821807061315,947,0,0,0,pos_EXP
EXP,morph,1,5,14,1.0514337888585885e-43,42.97821807061315,947,0,0,0,pos_EXP
EXP,morph,1,6,11,1.7878443019702236e-72,71.7476703053049,950,0,0,0,pos_EXP
EXP,morph,1,6,12,1.7878443019702236e-72,71.7476703053049,950,0,0,0,pos_EXP
EXP,morph,1,6,13,1.7878443019702236e-72,71.7476703053049,950,0,0,0,pos_EXP
EXP,morph,1,6,14,1.7878443019702236e-72,71.7476703053049,950,0,0,0,pos_EXP
EXP,morph,1,7,11,1.9310201084277062e-85,84.71421320372774,947,0,0,0,pos_EXP
EXP,morph,1,7,12,1.9310201084277062e-85,84.71421320372774,947,0,0,0,pos_EXP
EXP,morph,1,7,13,1.9310201084277062e-85,84.71421320372774,947,0,0,0,pos_EXP
EXP,morph,1,7,14,1.9310201084277062e-85,84.71421320372774,947,0,0,0,pos_EXP
EXP,morph,1,8,11,1.0972490310927382e-22,21.959694793979242,947,0,0,0,pos_EXP
EXP,morph,1,8,12,1.0972490310927382e-22,21.959694793979242,947,0,0,0,pos_EXP
EXP,morph,1,8,13,1.0972490310927382e-22,21.959694793979242,947,0,0,0,pos_EXP
EXP,morph,1,8,14,1.0972490310927382e-22,21.959694793979242,947,0,0,0,pos_EXP
EXP,morph,1,9,11,7.561243709586276e-38,37.121406763786375,950,0,0,0,pos_EXP
EXP,morph,1,9,12,7.561243709586276e-38,37.121406763786375,950,0,0,0,pos_EXP
EXP,morph,1,9,13,7.561243709586276e-38,37.121406763786375,950,0,0,0,pos_EXP
EXP,morph,1,9,14,7.561243709586276e-38,37.121406763786375,950,0,0,0,pos_EXP
EXP,morph,1,10,11,4.538053492460825e-102,101.34313038915984,949,0,0,0,pos_EXP
EXP,morph,1,10,12,4.538053492460825e-102,101.34313038915984,949,0,0,0,pos_EXP
EXP,morph,1,10,13,4.538053492460825e-102,101.34313038915984,949,0,0,0,pos_EXP
EXP,morph,1,10,14,4.538053492460825e-102,101.34313038915984,949,0,0,0,pos_EXP
EXP,morph,1,11,11,1.513009361081145e-46,45.82015838496207,947,0,0,0,pos_EXP
EXP,morph,1,11,12,1.513009361081145e-46,45.82015838496207,947,0,0,0,pos_EXP
EXP,morph,1,11,13,1.513009361081145e-46,45.82015838496207,947,0,0,0,pos_EXP
EXP,morph,1,11,14,1.513009361081145e-46,45.82015838496207,947,0,0,0,pos_EXP
EXP,morph,1,12,11,1.047340151725386e-29,28.979912246663318,947,0,0,0,pos_EXP
EXP,morph,1,12,12,1.047340151725386e-29,28.979912246663318,947,0,0,0,pos_EXP
EXP,morph,1,12,13,1.047340151725386e-29,28.979912246663318,947,0,0,0,pos_EXP
EXP,morph,1,12,14,1.047340151725386e-29,28.979912246663318,947,0,0,0,pos_EXP
EXP,morph,1,13,11,2.1948267398420795e-67,66.65859975738104,948,3,0,0,pos_EXP
EXP,morph,1,13,12,2.1948267398420795e-67,66.65859975738104,948,3,0,0,pos_EXP
EXP,morph,1,13,13,2.1948267398420795e-67,66.65859975738104,948,3,0,0,pos_EXP
EXP,morph,1,13,14,2.1948267398420795e-67,66.65859975738104,948,3,0,0,pos_EXP
EXP,morph,1,14,11,1.2405782956053107e-34,33.906375821253675,946,0,0,0,pos_EXP
EXP,morph,1,14,12,1.2405782956053107e-34,33.906375821253675,946,0,0,0,pos_EXP
EXP,morph,1,14,13,1.2405782956053107e-34,33.906375821253675,946,0,0,0,pos_EXP
EXP,morph,1,14,14,1.2405782956053107e-34,33.906375821253675,946,0,0,0,pos_EXP
EXP,morph,1,15,11,1.472589565890505e-23,22.831918281064418,951,1,0,0,pos_EXP
EXP,morph,1,15,12,1.472589565890505e-23,22.831918281064418,951,1,0,0,pos_EXP
EXP,morph,1,15,13,1.472589565890505e-23,22.831918281064418,951,1,0,0,pos_EXP
EXP,morph,1,15,14,1.472589565890505e-23,22.831918281064418,951,1,0,0,pos_EXP
EXP,morph,1,16,11,2.373985228836106e-104,103.62452198759496,953,2,0,0,pos_EXP
EXP,morph,1,16,12,2.373985228836106e-104,103.62452198759496,953,2,0,0,pos_EXP
EXP,morph,1,16,13,2.373985228836106e-104,103.62452198759496,953,2,0,0,pos_EXP
EXP,morph,1,16,14,2.373985228836106e-104,103.62452198759496,953,2,0,0,pos_EXP
EXP,morph,1,17,11,9.676700139616301e-46,45.01427271660495,947,0,0,0,pos_EXP
EXP,morph,1,17,12,9.676700139616301e-46,45.01427271660495,947,0,0,0,pos_EXP
EXP,morph,1,17,13,9.676700139616301e-46,45.01427271660495,947,0,0,0,pos_EXP
EXP,morph,1,17,14,9.676700139616301e-46,45.01427271660495,947,0,0,0,pos_EXP
EXP,morph,1,18,11,4.257201400894545e-27,26.37087580361,946,0,0,0,pos_EXP
EXP,morph,1,18,12,4.257201400894545e-27,26.37087580361,946,0,0,0,pos_EXP
EXP,morph,1,18,13,4.257201400894545e-27,26.37087580361,946,0,0,0,pos_EXP
EXP,morph,1,18,14,4.257201400894545e-27,26.37087580361,946,0,0,0,pos_EXP
EXP,morph,1,19,11,5.629842833559702e-61,60.24950372903329,947,0,0,0,pos_EXP
EXP,morph,1,19,12,5.629842833559702e-61,60.24950372903329,947,0,0,0,pos_EXP
EXP,morph,1,19,13,5.629842833559702e-61,60.24950372903329,947,0,0,0,pos_EXP
EXP,morph,1,19,14,5.629842833559702e-61,60.24950372903329,947,0,0,0,pos_EXP
EXP,morph,1,20,11,1.807732844600769e-30,29.742865751232653,947,0,0,0,pos_EXP
EXP,morph,1,20,12,1.807732844600769e-30,29.742865751232653,947,0,0,0,pos_EXP
EXP,morph,1,20,13,1.807732844600769e-30,29.742865751232653,947,0,0,0,pos_EXP
EXP,morph,1,20,14,1.807732844600769e-30,29.742865751232653,947,0,0,0,pos_EXP
EXP,morph,1,21,11,1.632442040910304e-65,64.78716222920123,947,0,0,0,pos_EXP
EXP,morph,1,21,12,1.632442040910304e-65,64.78716222920123,947,0,0,0,pos_EXP
EXP,morph,1,21,13,1.632442040910304e-65,64.78716222920123,947,0,0,0,pos_EXP
EXP,morph,1,21,14,1.632442040910304e-65,64.78716222920123,947,0,0,0,pos_EXP
EXP,morph,1,22,11,2.939185892480742e-71,70.53177294556211,950,0,0,0,pos_EXP
EXP,morph,1,22,12,2.939185892480742e-71,70.53177294556211,950,0,0,0,pos_EXP
EXP,morph,1,22,13,2.939185892480742e-71,70.53177294556211,950,0,0,0,pos_EXP
EXP,morph,1,22,14,2.939185892480742e-71,70.53177294556211,950,0,0,0,pos_EXP
EXP,morph,1,23,11,1.3599315465376179e-93,92.86648295171007,974,23,2,0,pos_EXP
EXP,morph,1,23,12,1.3599315465376179e-93,92.86648295171007,974,23,2,0,pos_EXP
EXP,morph,1,23,13,1.3599315465376179e-93,92.86648295171007,974,23,2,0,pos_EXP
EXP,morph,1,23,14,1.3599315465376179e-93,92.86648295171007,974,23,2,0,pos_EXP
EXP,morph+dia,0,0,11,0.6376870905980588,0.19539237482515895,1065,1,0,0,neg
EXP,morph+dia,0,0,12,0.4925905558045572,0.30751391893070606,1086,0,0,0,neg
EXP,morph+dia,0,0,13,0.5857220378523107,0.23230843528978642,1119,0,0,0,neg
EXP,morph+dia,0,0,14,0.07997312457189869,1.0970559356468026,1038,1,0,0,neg
EXP,morph+dia,0,1,11,0.9337388966124165,0.029774549480297036,1012,1,0,0,neg
EXP,morph+dia,0,1,12,0.6148190772751831,0.21125266520157018,1035,0,0,0,neg
EXP,morph+dia,0,1,13,0.8100391271715783,0.0914940029678881,1135,2,1,0,neg
EXP,morph+dia,0,1,14,0.5666745817585987,0.2466662672412537,1017,0,0,0,neg
EXP,morph+dia,0,2,11,0.38026322579055377,0.41991567198116475,963,0,1,0,neg
EXP,morph+dia,0,2,12,0.7725726028784559,0.11206069695443455,827,0,0,0,neg
EXP,morph+dia,0,2,13,0.6291290793278888,0.20126024058232928,1070,2,1,0,neg
EXP,morph+dia,0,2,14,0.8823598468551613,0.054354263357991144,1003,2,0,0,neg
EXP,morph+dia,0,3,11,0.5517040887856,0.25829379739001507,1113,0,0,0,neg
EXP,morph+dia,0,3,12,0.8955341724745491,0.04791783735937115,997,0,0,0,neg
EXP,morph+dia,0,3,13,0.1334727250034087,0.8746074728067168,1108,1,0,0,neg
EXP,morph+dia,0,3,14,0.13680740160147573,0.8638904056296359,1179,0,0,0,neg
EXP,morph+dia,0,4,11,0.17625781742554406,0.7538516119848699,1301,0,1,0,neg
EXP,morph+dia,0,4,12,0.17060788815434857,0.7680008928478143,1115,0,0,0,neg
EXP,morph+dia,0,4,13,0.505153767018521,0.2965764040540364,1089,0,0,0,neg
EXP,morph+dia,0,4,14,0.35740028098492144,0.4468451103917822,944,0,0,0,neg
EXP,morph+dia,0,5,11,0.9774805360396817,0.009891881681172044,870,0,0,0,neg
EXP,morph+dia,0,5,12,0.3359778305369029,0.47368937854211024,928,0,0,0,neg
EXP,morph+dia,0,5,13,0.7172646720044896,0.14432055928214949,997,4,1,0,neg
EXP,morph+dia,0,5,14,0.21290535773414776,0.6718134094630471,955,0,0,0,neg
EXP,morph+dia,0,6,11,0.050726692138030695,1.2947634568830428,1581,0,0,0,neg
EXP,morph+dia,0,6,12,0.14433665836380039,0.8406233535689464,1122,0,0,0,neg
EXP,morph+dia,0,6,13,0.321342130324741,0.4930323315039763,1370,0,0,0,neg
EXP,morph+dia,0,6,14,0.3681208211693371,0.4340096178610772,1288,0,1,0,neg
EXP,morph+dia,0,7,11,0.33901585474361423,0.4697799906858524,925,0,1,0,neg
EXP,morph+dia,0,7,12,0.7661690983018374,0.11567536828563658,926,1,1,0,neg
EXP,morph+dia,0,7,13,0.6757923910206813,0.1701867024047662,1072,2,2,0,neg
EXP,morph+dia,0,7,14,0.05178844588467535,1.2857671214948845,936,0,0,0,neg
EXP,morph+dia,0,8,11,0.21738315857833665,0.66277410523507,896,0,0,0,neg
EXP,morph+dia,0,8,12,0.3675768532190713,0.4346518444995674,889,0,0,0,neg
EXP,morph+dia,0,8,13,0.021512220439262576,1.667314760474936,838,0,0,0,neg
EXP,morph+dia,0,8,14,0.04806642387167765,1.3181581880558835,1006,0,0,0,neg
EXP,morph+dia,0,9,11,0.016856085132048063,1.7732432839800856,1048,0,0,0,neg
EXP,morph+dia,0,9,12,0.5068837705932959,0.2950916137965467,1076,0,0,0,neg
EXP,morph+dia,0,9,13,0.430874731478994,0.3656489742361051,1182,0,0,0,neg
EXP,morph+dia,0,9,14,0.5307344600948876,0.2751227131183319,1073,0,0,0,neg
EXP,morph+dia,0,10,11,0.7849557719452505,0.10515481273404281,923,0,0,0,neg
EXP,morph+dia,0,10,12,0.3223142562634528,0.4917204848084164,883,1,0,0,neg
EXP,morph+dia,0,10,13,0.02880955613846124,1.540463432733192,1017,3,0,0,neg
EXP,morph+dia,0,10,14,0.5116496614041967,0.29102730894108,1053,0,1,0,neg
EXP,morph+dia,0,11,11,0.1557001646463049,0.8077109281836852,993,0,0,0,neg
EXP,morph+dia,0,11,12,0.2732013787879062,0.5635171131952329,971,0,0,0,neg
EXP,morph+dia,0,11,13,0.8306100356090323,0.08060282595513707,988,0,0,0,neg
EXP,morph+dia,0,11,14,0.3712953935117553,0.43028043882887923,917,0,0,0,neg
EXP,morph+dia,0,12,11,0.6525904892699388,0.18535925982746132,993,4,1,0,neg
EXP,morph+dia,0,12,12,0.38453662837337127,0.4150622859203098,1062,0,0,0,neg
EXP,morph+dia,0,12,13,0.11479024190765535,0.9400950288873592,930,0,0,0,neg
EXP,morph+dia,0,12,14,0.3876416703652817,0.41156954370340115,1028,0,0,0,neg
EXP,morph+dia,0,13,11,0.697611713547742,0.15638623580708494,946,0,0,0,neg
EXP,morph+dia,0,13,12,0.9252750846955308,0.03372913212079993,903,1,0,0,neg
EXP,morph+dia,0,13,13,0.04033327771341041,1.394336483298475,948,1,1,0,neg
EXP,morph+dia,0,13,14,0.8630937004257292,0.06394205322007578,1174,0,1,0,neg
EXP,morph+dia,0,14,11,0.0020976244325072867,2.6782722670912062,985,0,0,0,neg
EXP,morph+dia,0,14,12,0.7688337104483921,0.11416758275268163,1106,0,0,0,neg
EXP,morph+dia,0,14,13,0.22277414536115467,0.6521352137610332,1058,0,0,0,neg
EXP,morph+dia,0,14,14,0.9175606917180689,0.0373651998753144,1062,0,0,0,neg
EXP,morph+dia,0,15,11,0.24024930350618914,0.6193378626973242,1229,0,0,0,neg
EXP,morph+dia,0,15,12,0.40106762088107684,0.39678239820357836,1156,0,0,0,neg
EXP,morph+dia,0,15,13,0.9380926026907308,0.027754288643803426,1175,0,0,0,neg
EXP,morph+dia,0,15,14,0.15185846810817227,0.8185609854374466,1048,0,0,0,neg
EXP,morph+dia,0,16,11,0.322836226980167,0.4910177369772213,1027,1,0,0,neg
EXP,morph+dia,0,16,12,0.3691105550632915,0.43284353556781874,954,3,0,0,neg
EXP,morph+dia,0,16,13,0.5641484065893888,0.2486066341645025,920,0,0,0,neg
EXP,morph+dia,0,16,14,0.001540640785616584,2.8122986091791113,858,0,0,0,neg
EXP,morph+dia,0,17,11,0.8998819752852789,0.04581444705349951,969,2,0,0,neg
EXP,morph+dia,0,17,12,0.6410224982143282,0.19312672761243413,914,0,0,0,neg
EXP,morph+dia,0,17,13,0.7448535535205062,0.127929105976338,906,3,0,0,neg
EXP,morph+dia,0,17,14,0.8642338836089716,0.06336871051272153,929,0,0,0,neg
EXP,morph+dia,0,18,11,0.7553134165934431,0.1218728008837304,1129,0,1,0,neg
EXP,morph+dia,0,18,12,0.903307216850347,0.0441645200169283,1100,0,0,0,neg
EXP,morph+dia,0,18,13,0.5742441891781256,0.2409033907705395,1173,3,2,0,neg
EXP,morph+dia,0,18,14,0.6174274495287938,0.20941406660337797,1104,0,0,0,neg
EXP,morph+dia,0,19,11,0.555362774050904,0.2554232343554794,987,0,0,0,neg
EXP,morph+dia,0,19,12,0.57097424754428,0.24338347914754654,1040,0,0,0,neg
EXP,morph+dia,0,19,13,0.5833331826968473,0.23408331818297332,968,0,0,0,neg
EXP,morph+dia,0,19,14,0.9063906334958027,0.042684591055190554,1090,2,0,0,neg
EXP,morph+dia,0,20,11,0.5939434985710801,0.2262548671836486,1049,0,0,0,neg
EXP,morph+dia,0,20,12,0.6387728576901975,0.1946535458926788,1329,0,0,0,neg
EXP,morph+dia,0,20,13,0.8256280966143594,0.08321553616629461,926,0,0,0,neg
EXP,morph+dia,0,20,14,0.6014138551001618,0.22082657104056402,1062,0,0,0,neg
EXP,morph+dia,0,21,11,0.050178516154429316,1.2994821854979233,999,0,0,0,neg
EXP,morph+dia,0,21,12,0.20819441894527294,0.6815309167743706,1060,0,0,0,neg
EXP,morph+dia,0,21,13,0.2804863382573419,0.5520882872204504,962,0,0,0,neg
EXP,morph+dia,0,21,14,0.7113986907895629,0.14788693839593947,962,0,0,0,neg
EXP,morph+dia,0,22,11,0.5974691852045163,0.22368448877437447,982,0,0,0,neg
EXP,morph+dia,0,22,12,0.6238138190948556,0.20494500872256668,1161,0,3,0,neg
EXP,morph+dia,0,22,13,0.6356068326835786,0.1968114428352918,1112,0,0,0,neg
EXP,morph+dia,0,22,14,0.056425235573771736,1.2485266190791666,1146,0,0,0,neg
EXP,morph+dia,0,23,11,0.34548230342249164,0.4615741935077111,893,0,0,0,neg
EXP,morph+dia,0,23,12,0.7152191573551648,0.1455608613511082,926,19,6,0,neg
EXP,morph+dia,0,23,13,0.5838818574048409,0.23367501909941812,971,20,6,0,neg
EXP,morph+dia,0,23,14,0.5328980246350501,0.2733558896140094,866,14,8,0,neg
EXP,morph+dia,1,0,11,0.3321703432531247,0.4786391447216677,1038,1,0,0,pos_EXP
EXP,morph+dia,1,0,12,0.3321703432531247,0.4786391447216677,1038,1,0,0,pos_EXP
EXP,morph+dia,1,0,13,0.3321703432531247,0.4786391447216677,1038,1,0,0,pos_EXP
EXP,morph+dia,1,0,14,0.3321703432531247,0.4786391447216677,1038,1,0,0,pos_EXP
EXP,morph+dia,1,1,11,0.025558268824105626,1.5924685662256994,1065,11,1,0,pos_EXP
EXP,morph+dia,1,1,12,0.025558268824105626,1.5924685662256994,1065,11,1,0,pos_EXP
EXP,morph+dia,1,1,13,0.025558268824105626,1.5924685662256994,1065,11,1,0,pos_EXP
EXP,morph+dia,1,1,14,0.025558268824105626,1.5924685662256994,1065,11,1,0,pos_EXP
EXP,morph+dia,1,2,11,1.303901197113991e-16,15.884755315946032,997,0,0,0,pos_EXP
EXP,morph+dia,1,2,12,1.303901197113991e-16,15.884755315946032,997,0,0,0,pos_EXP
EXP,morph+dia,1,2,13,1.303901197113991e-16,15.884755315946032,997,0,0,0,pos_EXP
EXP,morph+dia,1,2,14,1.303901197113991e-16,15.884755315946032,997,0,0,0,pos_EXP
EXP,morph+dia,1,3,11,0.00035501941473384426,3.449747896293576,1070,0,0,0,pos_EXP
EXP,morph+dia,1,3,12,0.00035501941473384426,3.449747896293576,1070,0,0,0,pos_EXP
EXP,morph+dia,1,3,13,0.00035501941473384426,3.449747896293576,1070,0,0,0,pos_EXP
EXP,morph+dia,1,3,14,0.00035501941473384426,3.449747896293576,1070,0,0,0,pos_EXP
EXP,morph+dia,1,4,11,1.118585193972324e-11,10.95133093346001,1015,1,0,0,pos_EXP
EXP,morph+dia,1,4,12,1.118585193972324e-11,10.95133093346001,1015,1,0,0,pos_EXP
EXP,morph+dia,1,4,13,1.118585193972324e-11,10.95133093346001,1015,1,0,0,pos_EXP
EXP,morph+dia,1,4,14,1.118585193972324e-11,10.95133093346001,1015,1,0,0,pos_EXP
EXP,morph+dia,1,5,11,0.0012453814373532758,2.9046976118080683,1004,0,0,0,pos_EXP
EXP,morph+dia,1,5,12,0.0012453814373532758,2.9046976118080683,1004,0,0,0,pos_EXP
EXP,morph+dia,1,5,13,0.0012453814373532758,2.9046976118080683,1004,0,0,0,pos_EXP
EXP,morph+dia,1,5,14,0.0012453814373532758,2.9046976118080683,1004,0,0,0,pos_EXP
EXP,morph+dia,1,6,11,6.2815434352169e-10,9.201933632848647,1041,0,0,0,pos_EXP
EXP,morph+dia,1,6,12,6.2815434352169e-10,9.201933632848647,1041,0,0,0,pos_EXP
EXP,morph+dia,1,6,13,6.2815434352169e-10,9.201933632848647,1041,0,0,0,pos_EXP
EXP,morph+dia,1,6,14,6.2815434352169e-10,9.201933632848647,1041,0,0,0,pos_EXP
EXP,morph+dia,1,7,11,7.290658637372899e-05,4.13723323578961,1008,0,0,0,pos_EXP
EXP,morph+dia,1,7,12,7.290658637372899e-05,4.13723323578961,1008,0,0,0,pos_EXP
EXP,morph+dia,1,7,13,7.290658637372899e-05,4.13723323578961,1008,0,0,0,pos_EXP
EXP,morph+dia,1,7,14,7.290658637372899e-05,4.13723323578961,1008,0,0,0,pos_EXP
EXP,morph+dia,1,8,11,0.00042950599569405054,3.3670307692514427,1045,0,0,0,pos_EXP
EXP,morph+dia,1,8,12,0.00042950599569405054,3.3670307692514427,1045,0,0,0,pos_EXP
EXP,morph+dia,1,8,13,0.00042950599569405054,3.3670307692514427,1045,0,0,0,pos_EXP
EXP,morph+dia,1,8,14,0.00042950599569405054,3.3670307692514427,1045,0,0,0,pos_EXP
EXP,morph+dia,1,9,11,0.00026934522206003056,3.5696907240399423,1021,0,0,0,pos_EXP
EXP,morph+dia,1,9,12,0.00026934522206003056,3.5696907240399423,1021,0,0,0,pos_EXP
EXP,morph+dia,1,9,13,0.00026934522206003056,3.5696907240399423,1021,0,0,0,pos_EXP
EXP,morph+dia,1,9,14,0.00026934522206003056,3.5696907240399423,1021,0,0,0,pos_EXP
EXP,morph+dia,1,10,11,0.0035698718702701793,2.4473473712920755,972,0,0,0,pos_EXP
EXP,morph+dia,1,10,12,0.0035698718702701793,2.4473473712920755,972,0,0,0,pos_EXP
EXP,morph+dia,1,10,13,0.0035698718702701793,2.4473473712920755,972,0,0,0,pos_EXP
EXP,morph+dia,1,10,14,0.0035698718702701793,2.4473473712920755,972,0,0,0,pos_EXP
EXP,morph+dia,1,11,11,1.4521099096521725e-06,5.83800051080607,1061,0,0,0,pos_EXP
EXP,morph+dia,1,11,12,1.4521099096521725e-06,5.83800051080607,1061,0,0,0,pos_EXP
EXP,morph+dia,1,11,13,1.4521099096521725e-06,5.83800051080607,1061,0,0,0,pos_EXP
EXP,morph+dia,1,11,14,1.4521099096521725e-06,5.83800051080607,1061,0,0,0,pos_EXP
EXP,morph+dia,1,12,11,0.0007501515389573124,3.1248509954282007,1058,0,0,0,pos_EXP
EXP,morph+dia,1,12,12,0.0007501515389573124,3.1248509954282007,1058,0,0,0,pos_EXP
EXP,morph+dia,1,12,13,0.0007501515389573124,3.1248509954282007,1058,0,0,0,pos_EXP
EXP,morph+dia,1,12,14,0.0007501515389573124,3.1248509954282007,1058,0,0,0,pos_EXP
EXP,morph+dia,1,13,11,2.105090048778776e-15,14.676729321751703,1045,3,0,0,pos_EXP
EXP,morph+dia,1,13,12,2.105090048778776e-15,14.676729321751703,1045,3,0,0,pos_EXP
EXP,morph+dia,1,13,13,2.105090048778776e-15,14.676729321751703,1045,3,0,0,pos_EXP
EXP,morph+dia,1,13,14,2.105090048778776e-15,14.676729321751703,1045,3,0,0,pos_EXP
EXP,morph+dia,1,14,11,0.030467694071235923,1.5161604138453963,1104,0,0,0,pos_EXP
EXP,morph+dia,1,14,12,0.030467694071235923,1.5161604138453963,1104,0,0,0,pos_EXP
EXP,morph+dia,1,14,13,0.030467694071235923,1.5161604138453963,1104,0,0,0,pos_EXP
EXP,morph+dia,1,14,14,0.030467694071235923,1.5161604138453963,1104,0,0,0,pos_EXP
EXP,morph+dia,1,15,11,0.000833311529158577,3.0791926095156232,1073,1,0,0,pos_EXP
EXP,morph+dia,1,15,12,0.000833311529158577,3.0791926095156232,1073,1,0,0,pos_EXP
EXP,morph+dia,1,15,13,0.000833311529158577,3.0791926095156232,1073,1,0,0,pos_EXP
EXP,morph+dia,1,15,14,0.000833311529158577,3.0791926095156232,1073,1,0,0,pos_EXP
EXP,morph+dia,1,16,11,1.1909449455012255e-13,12.924108314434655,1054,2,0,0,pos_EXP
EXP,morph+dia,1,16,12,1.1909449455012255e-13,12.924108314434655,1054,2,0,0,pos_EXP
EXP,morph+dia,1,16,13,1.1909449455012255e-13,12.924108314434655,1054,2,0,0,pos_EXP
EXP,morph+dia,1,16,14,1.1909449455012255e-13,12.924108314434655,1054,2,0,0,pos_EXP
EXP,morph+dia,1,17,11,7.679533716719073e-06,5.11466514851062,1038,0,0,0,pos_EXP
EXP,morph+dia,1,17,12,7.679533716719073e-06,5.11466514851062,1038,0,0,0,pos_EXP
EXP,morph+dia,1,17,13,7.679533716719073e-06,5.11466514851062,1038,0,0,0,pos_EXP
EXP,morph+dia,1,17,14,7.679533716719073e-06,5.11466514851062,1038,0,0,0,pos_EXP
EXP,morph+dia,1,18,11,0.014310733026284297,1.8443381201803386,1063,0,0,0,pos_EXP
EXP,morph+dia,1,18,12,0.014310733026284297,1.8443381201803386,1063,0,0,0,pos_EXP
EXP,morph+dia,1,18,13,0.014310733026284297,1.8443381201803386,1063,0,0,0,pos_EXP
EXP,morph+dia,1,18,14,0.014310733026284297,1.8443381201803386,1063,0,0,0,pos_EXP
EXP,morph+dia,1,19,11,0.00048490896912123686,3.31433978288007,1052,0,0,0,pos_EXP
EXP,morph+dia,1,19,12,0.00048490896912123686,3.31433978288007,1052,0,0,0,pos_EXP
EXP,morph+dia,1,19,13,0.00048490896912123686,3.31433978288007,1052,0,0,0,pos_EXP
EXP,morph+dia,1,19,14,0.00048490896912123686,3.31433978288007,1052,0,0,0,pos_EXP
EXP,morph+dia,1,20,11,3.8852749659024344e-06,5.4105782401968066,1024,0,0,0,pos_EXP
EXP,morph+dia,1,20,12,3.8852749659024344e-06,5.4105782401968066,1024,0,0,0,pos_EXP
EXP,morph+dia,1,20,13,3.8852749659024344e-06,5.4105782401968066,1024,0,0,0,pos_EXP
EXP,morph+dia,1,20,14,3.8852749659024344e-06,5.4105782401968066,1024,0,0,0,pos_EXP
EXP,morph+dia,1,21,11,0.0006546460162536093,3.183993470609703,1034,0,0,0,pos_EXP
EXP,morph+dia,1,21,12,0.0006546460162536093,3.183993470609703,1034,0,0,0,pos_EXP
EXP,morph+dia,1,21,13,0.0006546460162536093,3.183993470609703,1034,0,0,0,pos_EXP
EXP,morph+dia,1,21,14,0.0006546460162536093,3.183993470609703,1034,0,0,0,pos_EXP
EXP,morph+dia,1,22,11,6.156613156909936e-13,12.210658133902008,1012,0,0,0,pos_EXP
EXP,morph+dia,1,22,12,6.156613156909936e-13,12.210658133902008,1012,0,0,0,pos_EXP
EXP,morph+dia,1,22,13,6.156613156909936e-13,12.210658133902008,1012,0,0,0,pos_EXP
EXP,morph+dia,1,22,14,6.156613156909936e-13,12.210658133902008,1012,0,0,0,pos_EXP
EXP,morph+dia,1,23,11,3.986454651934246e-13,12.399413171875839,961,23,2,0,pos_EXP
EXP,morph+dia,1,23,12,3.986454651934246e-13,12.399413171875839,961,23,2,0,pos_EXP
EXP,morph+dia,1,23,13,3.986454651934246e-13,12.399413171875839,961,23,2,0,pos_EXP
EXP,morph+dia,1,23,14,3.986454651934246e-13,12.399413171875839,961,23,2,0,pos_EXP
EXP,morph_v1,0,0,11,0.9906870827780855,0.004063499584184463,946,7,0,0,neg
EXP,morph_v1,0,0,12,0.5082499103827562,0.29392268926695847,963,6,3,0,neg
EXP,morph_v1,0,0,13,0.9607436346263386,0.017392484257123145,1015,2,2,0,neg
EXP,morph_v1,0,0,14,0.8827124569690822,0.05418074454128946,927,4,1,0,neg
EXP,morph_v1,0,1,11,0.9344449576993255,0.029446275099996207,899,4,1,0,neg
EXP,morph_v1,0,1,12,0.2929086495947812,0.5332678034094928,910,9,1,0,neg
EXP,morph_v1,0,1,13,0.49934800962097,0.30159667686275377,1005,4,4,0,neg
EXP,morph_v1,0,1,14,0.41916120579102123,0.3776189189883766,915,3,0,0,neg
EXP,morph_v1,0,2,11,0.39760279575332524,0.40055057051221643,933,0,3,0,neg
EXP,morph_v1,0,2,12,0.36986789242317397,0.43195336738333134,802,0,0,0,neg
EXP,morph_v1,0,2,13,0.29978770398506965,0.5231861840325894,1006,2,2,0,neg
EXP,morph_v1,0,2,14,0.8917522853729021,0.04975576898308339,956,2,0,0,neg
EXP,morph_v1,0,3,11,0.013083463538013757,1.8832772715828865,984,9,2,0,neg
EXP,morph_v1,0,3,12,0.40760015689066686,0.38976565749991504,889,9,0,0,neg
EXP,morph_v1,0,3,13,0.16073522826516992,0.793888928684931,946,10,4,0,neg
EXP,morph_v1,0,3,14,0.6512045457148479,0.1862825765279701,1011,8,1,0,neg
EXP,morph_v1,0,4,11,0.9807890572227748,0.008424388272516818,1121,13,1,0,neg
EXP,morph_v1,0,4,12,0.06368968210819649,1.1959309187858829,1004,11,0,0,neg
EXP,morph_v1,0,4,13,0.34111277251213273,0.46710201871137325,959,9,4,0,neg
EXP,morph_v1,0,4,14,0.37789464034873516,0.4226292676052817,871,11,3,0,neg
EXP,morph_v1,0,5,11,0.9408994654334881,0.026456778209302482,812,3,1,0,neg
EXP,morph_v1,0,5,12,0.2991068353696422,0.5241736620960726,865,6,5,0,neg
EXP,morph_v1,0,5,13,0.6459661151136527,0.18979026281780534,923,14,3,0,neg
EXP,morph_v1,0,5,14,0.36154033071396874,0.441843249048432,884,10,0,0,neg
EXP,morph_v1,0,6,11,0.18755127039995695,0.7268799897600059,1414,15,4,0,neg
EXP,morph_v1,0,6,12,0.5986543855344595,0.2228238316578489,997,8,2,0,neg
EXP,morph_v1,0,6,13,0.566219703383387,0.24701502207477827,1213,5,2,0,neg
EXP,morph_v1,0,6,14,0.8871822466836156,0.051987157395961756,1146,9,2,0,neg
EXP,morph_v1,0,7,11,0.32441893675978445,0.4888938033812016,905,1,1,0,neg
EXP,morph_v1,0,7,12,0.2673534721080502,0.5729141713632475,913,1,2,0,neg
EXP,morph_v1,0,7,13,0.6123350710592536,0.21301086594182247,1050,5,8,0,neg
EXP,morph_v1,0,7,14,0.3969605113427046,0.40125269363723304,918,0,0,0,neg
EXP,morph_v1,0,8,11,0.983956190057512,0.007024237788005542,765,4,1,0,neg
EXP,morph_v1,0,8,12,0.23651924543244734,0.626133515200782,784,6,2,0,neg
EXP,morph_v1,0,8,13,0.044494804579400374,1.3516906963049782,743,3,1,0,neg
EXP,morph_v1,0,8,14,0.48351640363993637,0.31558878758002284,898,5,1,0,neg
EXP,morph_v1,0,9,11,0.09696601240492249,1.0133804637911712,954,5,3,0,neg
EXP,morph_v1,0,9,12,0.22414590668665374,0.6494691877356461,960,12,1,0,neg
EXP,morph_v1,0,9,13,0.25694309713467417,0.5901630452938091,1079,7,2,0,neg
EXP,morph_v1,0,9,14,0.7311209285875848,0.13601078408903333,989,6,2,0,neg
EXP,morph_v1,0,10,11,0.9978880979607365,0.0009181572726998955,889,0,0,0,neg
EXP,morph_v1,0,10,12,0.166526423782988,0.7785168444841841,854,2,2,0,neg
EXP,morph_v1,0,10,13,0.06690018510563842,1.174572680584253,982,5,6,0,neg
EXP,morph_v1,0,10,14,0.2085016711991906,0.6808904596845742,1011,0,3,0,neg
EXP,morph_v1,0,11,11,0.33267085634532084,0.47798524386456803,906,11,1,0,neg
EXP,morph_v1,0,11,12,0.2129519555776923,0.6717183673643528,894,6,0,0,neg
EXP,morph_v1,0,11,13,0.8907810480180166,0.05022903145474083,894,10,3,0,neg
EXP,morph_v1,0,11,14,0.5744606588068473,0.24073970805163877,838,8,3,0,neg
EXP,morph_v1,0,12,11,0.8969818439969143,0.047216347515277514,892,12,3,0,neg
EXP,morph_v1,0,12,12,0.5125663987614655,0.2902498673495626,938,7,4,0,neg
EXP,morph_v1,0,12,13,0.21969155163794432,0.6581866437966913,839,9,3,0,neg
EXP,morph_v1,0,12,14,0.16131344316016252,0.7923294388912473,922,10,4,0,neg
EXP,morph_v1,0,13,11,0.17333374314657,0.761116884280535,848,2,1,0,neg
EXP,morph_v1,0,13,12,0.9690116772692352,0.01367098936509058,807,6,0,0,neg
EXP,morph_v1,0,13,13,0.32808756023895924,0.4840102360022358,870,1,1,0,neg
EXP,morph_v1,0,13,14,0.36142639695729173,0.4419801317024825,1040,2,1,0,neg
EXP,morph_v1,0,14,11,0.7620529343302356,0.11801486030204926,873,4,3,0,neg
EXP,morph_v1,0,14,12,0.7910978111033862,0.10176981713907868,970,7,4,0,neg
EXP,morph_v1,0,14,13,0.5249708349353722,0.27986482341016794,947,3,6,0,neg
EXP,morph_v1,0,14,14,0.30196666809203065,0.5200409930117756,932,4,2,0,neg
EXP,morph_v1,0,15,11,0.6341311657170874,0.19782090196783322,1065,6,4,0,neg
EXP,morph_v1,0,15,12,0.8650344739394707,0.06296658439259195,1023,8,5,0,neg
EXP,morph_v1,0,15,13,0.9933353588299283,0.0029041050785439974,1003,5,2,0,neg
EXP,morph_v1,0,15,14,0.8876732590171208,0.0517468629587605,930,6,2,0,neg
EXP,morph_v1,0,16,11,0.19900709625464574,0.7011314371114634,981,2,1,0,neg
EXP,morph_v1,0,16,12,0.5319170822249143,0.27415606232673384,913,8,3,0,neg
EXP,morph_v1,0,16,13,0.037864536412319065,1.4217673560136508,863,1,0,0,neg
EXP,morph_v1,0,16,14,0.18993975619668516,0.721384123784533,819,0,0,0,neg
EXP,morph_v1,0,17,11,0.49346275320065747,0.3067456225078129,863,6,1,0,neg
EXP,morph_v1,0,17,12,0.7795283149820742,0.10816810521262094,824,7,2,0,neg
EXP,morph_v1,0,17,13,0.7392536999166903,0.131206493180768,813,6,0,0,neg
EXP,morph_v1,0,17,14,0.36010068832415926,0.443576048484037,835,6,2,0,neg
EXP,morph_v1,0,18,11,0.44688643984169046,0.34980282321226347,958,19,1,0,neg
EXP,morph_v1,0,18,12,0.9488640422442429,0.02279601089522566,967,11,2,0,neg
EXP,morph_v1,0,18,13,0.48658929725336403,0.31283744779920736,1021,18,5,0,neg
EXP,morph_v1,0,18,14,0.47718389172169023,0.3213142252164044,964,11,3,0,neg
EXP,morph_v1,0,19,11,0.2913972391819812,0.5355145672321613,850,5,0,0,neg
EXP,morph_v1,0,19,12,0.8185060792892659,0.08697809060515245,927,0,1,0,neg
EXP,morph_v1,0,19,13,0.6361424975845406,0.19644559035342657,835,6,2,0,neg
EXP,morph_v1,0,19,14,0.7913630336604016,0.10162424046405669,975,5,3,0,neg
EXP,morph_v1,0,20,11,0.3711930949987431,0.4304001112027321,954,1,3,0,neg
EXP,morph_v1,0,20,12,0.041612164030707686,1.3807796982383707,1211,2,4,0,neg
EXP,morph_v1,0,20,13,0.11387686649718055,0.9435644916630039,838,4,2,0,neg
EXP,morph_v1,0,20,14,0.8046893071036523,0.09437176963953416,965,3,4,0,neg
EXP,morph_v1,0,21,11,0.1678736704068518,0.7750174140090309,935,4,9,0,neg
EXP,morph_v1,0,21,12,0.533161300599149,0.27314138128779536,972,9,9,0,neg
EXP,morph_v1,0,21,13,0.41121818790272757,0.3859276850363513,882,1,7,0,neg
EXP,morph_v1,0,21,14,0.4877438558810707,0.31180819271510246,884,8,11,0,neg
EXP,morph_v1,0,22,11,0.18688568169493497,0.7284239709544195,876,8,2,0,neg
EXP,morph_v1,0,22,12,0.6175282373517744,0.20934317888501575,1046,3,10,0,neg
EXP,morph_v1,0,22,13,0.12600626731010864,0.8996078533704892,1015,8,3,0,neg
EXP,morph_v1,0,22,14,0.038280209790181145,1.417025690788915,1016,9,9,0,neg
EXP,morph_v1,0,23,11,0.23513910020338233,0.6286751480309712,877,6,6,0,neg
EXP,morph_v1,0,23,12,0.608107260715073,0.21601981114140562,911,19,7,0,neg
EXP,morph_v1,0,23,13,0.6648770954698972,0.17725862791847108,981,20,6,0,neg
EXP,morph_v1,0,23,14,0.28049520052313587,0.5520745654386601,872,14,8,0,neg
EXP,morph_v1,1,0,11,2.505653006377051e-29,28.601079072148668,948,2,1,0,pos_EXP
EXP,morph_v1,1,0,12,2.505653006377051e-29,28.601079072148668,948,2,1,0,pos_EXP
EXP,morph_v1,1,0,13,2.505653006377051e-29,28.601079072148668,948,2,1,0,pos_EXP
EXP,morph_v1,1,0,14,2.505653006377051e-29,28.601079072148668,948,2,1,0,pos_EXP
EXP,morph_v1,1,1,11,1.2409411494962773e-29,28.906248814033145,958,14,1,0,pos_EXP
EXP,morph_v1,1,1,12,1.2409411494962773e-29,28.906248814033145,958,14,1,0,pos_EXP
EXP,morph_v1,1,1,13,1.2409411494962773e-29,28.906248814033145,958,14,1,0,pos_EXP
EXP,morph_v1,1,1,14,1.2409411494962773e-29,28.906248814033145,958,14,1,0,pos_EXP
EXP,morph_v1,1,2,11,3.6779371450339993e-87,86.43439569701152,948,0,1,0,pos_EXP
EXP,morph_v1,1,2,12,3.6779371450339993e-87,86.43439569701152,948,0,1,0,pos_EXP
EXP,morph_v1,1,2,13,3.6779371450339993e-87,86.43439569701152,948,0,1,0,pos_EXP
EXP,morph_v1,1,2,14,3.6779371450339993e-87,86.43439569701152,948,0,1,0,pos_EXP
EXP,morph_v1,1,3,11,3.1874616852836115e-42,41.496555026940705,945,5,1,0,pos_EXP
EXP,morph_v1,1,3,12,3.1874616852836115e-42,41.496555026940705,945,5,1,0,pos_EXP
EXP,morph_v1,1,3,13,3.1874616852836115e-42,41.496555026940705,945,5,1,0,pos_EXP
EXP,morph_v1,1,3,14,3.1874616852836115e-42,41.496555026940705,945,5,1,0,pos_EXP
EXP,morph_v1,1,4,11,3.6331331011244424e-54,53.4397186913129,949,2,1,0,pos_EXP
EXP,morph_v1,1,4,12,3.6331331011244424e-54,53.4397186913129,949,2,1,0,pos_EXP
EXP,morph_v1,1,4,13,3.6331331011244424e-54,53.4397186913129,949,2,1,0,pos_EXP
EXP,morph_v1,1,4,14,3.6331331011244424e-54,53.4397186913129,949,2,1,0,pos_EXP
EXP,morph_v1,1,5,11,6.363483949122915e-40,39.19630504699145,935,11,2,0,pos_EXP
EXP,morph_v1,1,5,12,6.363483949122915e-40,39.19630504699145,935,11,2,0,pos_EXP
EXP,morph_v1,1,5,13,6.363483949122915e-40,39.19630504699145,935,11,2,0,pos_EXP
EXP,morph_v1,1,5,14,6.363483949122915e-40,39.19630504699145,935,11,2,0,pos_EXP
EXP,morph_v1,1,6,11,1.4691747312925077e-68,67.83292654980306,939,7,1,0,pos_EXP
EXP,morph_v1,1,6,12,1.4691747312925077e-68,67.83292654980306,939,7,1,0,pos_EXP
EXP,morph_v1,1,6,13,1.4691747312925077e-68,67.83292654980306,939,7,1,0,pos_EXP
EXP,morph_v1,1,6,14,1.4691747312925077e-68,67.83292654980306,939,7,1,0,pos_EXP
EXP,morph_v1,1,7,11,1.9310201084277062e-85,84.71421320372774,947,0,2,0,pos_EXP
EXP,morph_v1,1,7,12,1.9310201084277062e-85,84.71421320372774,947,0,2,0,pos_EXP
EXP,morph_v1,1,7,13,1.9310201084277062e-85,84.71421320372774,947,0,2,0,pos_EXP
EXP,morph_v1,1,7,14,1.9310201084277062e-85,84.71421320372774,947,0,2,0,pos_EXP
EXP,morph_v1,1,8,11,4.420354114414726e-22,21.354542937941392,943,4,1,0,pos_EXP
EXP,morph_v1,1,8,12,4.420354114414726e-22,21.354542937941392,943,4,1,0,pos_EXP
EXP,morph_v1,1,8,13,4.420354114414726e-22,21.354542937941392,943,4,1,0,pos_EXP
EXP,morph_v1,1,8,14,4.420354114414726e-22,21.354542937941392,943,4,1,0,pos_EXP
EXP,morph_v1,1,9,11,4.9702374468027816e-36,35.303622862901896,947,5,3,0,pos_EXP
EXP,morph_v1,1,9,12,4.9702374468027816e-36,35.303622862901896,947,5,3,0,pos_EXP
EXP,morph_v1,1,9,13,4.9702374468027816e-36,35.303622862901896,947,5,3,0,pos_EXP
EXP,morph_v1,1,9,14,4.9702374468027816e-36,35.303622862901896,947,5,3,0,pos_EXP
EXP,morph_v1,1,10,11,4.538053492460825e-102,101.34313038915984,949,0,1,0,pos_EXP
EXP,morph_v1,1,10,12,4.538053492460825e-102,101.34313038915984,949,0,1,0,pos_EXP
EXP,morph_v1,1,10,13,4.538053492460825e-102,101.34313038915984,949,0,1,0,pos_EXP
EXP,morph_v1,1,10,14,4.538053492460825e-102,101.34313038915984,949,0,1,0,pos_EXP
EXP,morph_v1,1,11,11,1.8259902315995867e-41,40.73850155011702,930,11,1,0,pos_EXP
EXP,morph_v1,1,11,12,1.8259902315995867e-41,40.73850155011702,930,11,1,0,pos_EXP
EXP,morph_v1,1,11,13,1.8259902315995867e-41,40.73850155011702,930,11,1,0,pos_EXP
EXP,morph_v1,1,11,14,1.8259902315995867e-41,40.73850155011702,930,11,1,0,pos_EXP
EXP,morph_v1,1,12,11,6.610645984244016e-28,27.17975609971485,942,7,1,0,pos_EXP
EXP,morph_v1,1,12,12,6.610645984244016e-28,27.17975609971485,942,7,1,0,pos_EXP
EXP,morph_v1,1,12,13,6.610645984244016e-28,27.17975609971485,942,7,1,0,pos_EXP
EXP,morph_v1,1,12,14,6.610645984244016e-28,27.17975609971485,942,7,1,0,pos_EXP
EXP,morph_v1,1,13,11,2.1948267398420795e-67,66.65859975738104,948,3,1,0,pos_EXP
EXP,morph_v1,1,13,12,2.1948267398420795e-67,66.65859975738104,948,3,1,0,pos_EXP
EXP,morph_v1,1,13,13,2.1948267398420795e-67,66.65859975738104,948,3,1,0,pos_EXP
EXP,morph_v1,1,13,14,2.1948267398420795e-67,66.65859975738104,948,3,1,0,pos_EXP
EXP,morph_v1,1,14,11,4.790216007188889e-35,34.319644902323425,941,4,4,0,pos_EXP
EXP,morph_v1,1,14,12,4.790216007188889e-35,34.319644902323425,941,4,4,0,pos_EXP
EXP,morph_v1,1,14,13,4.790216007188889e-35,34.319644902323425,941,4,4,0,pos_EXP
EXP,morph_v1,1,14,14,4.790216007188889e-35,34.319644902323425,941,4,4,0,pos_EXP
EXP,morph_v1,1,15,11,5.983972192136515e-22,21.22301043333038,944,12,0,0,pos_EXP
EXP,morph_v1,1,15,12,5.983972192136515e-22,21.22301043333038,944,12,0,0,pos_EXP
EXP,morph_v1,1,15,13,5.983972192136515e-22,21.22301043333038,944,12,0,0,pos_EXP
EXP,morph_v1,1,15,14,5.983972192136515e-22,21.22301043333038,944,12,0,0,pos_EXP
EXP,morph_v1,1,16,11,2.373985228836106e-104,103.62452198759496,953,2,0,0,pos_EXP
EXP,morph_v1,1,16,12,2.373985228836106e-104,103.62452198759496,953,2,0,0,pos_EXP
EXP,morph_v1,1,16,13,2.373985228836106e-104,103.62452198759496,953,2,0,0,pos_EXP
EXP,morph_v1,1,16,14,2.373985228836106e-104,103.62452198759496,953,2,0,0,pos_EXP
EXP,morph_v1,1,17,11,1.2554071128809592e-44,43.901215415054274,941,4,0,0,pos_EXP
EXP,morph_v1,1,17,12,1.2554071128809592e-44,43.901215415054274,941,4,0,0,pos_EXP
EXP,morph_v1,1,17,13,1.2554071128809592e-44,43.901215415054274,941,4,0,0,pos_EXP
EXP,morph_v1,1,17,14,1.2554071128809592e-44,43.901215415054274,941,4,0,0,pos_EXP
EXP,morph_v1,1,18,11,3.3001850732457607e-24,23.481461704353748,938,12,1,0,pos_EXP
EXP,morph_v1,1,18,12,3.3001850732457607e-24,23.481461704353748,938,12,1,0,pos_EXP
EXP,morph_v1,1,18,13,3.3001850732457607e-24,23.481461704353748,938,12,1,0,pos_EXP
EXP,morph_v1,1,18,14,3.3001850732457607e-24,23.481461704353748,938,12,1,0,pos_EXP
EXP,morph_v1,1,19,11,5.4841569269738255e-61,60.260890126540495,946,1,0,0,pos_EXP
EXP,morph_v1,1,19,12,5.4841569269738255e-61,60.260890126540495,946,1,0,0,pos_EXP
EXP,morph_v1,1,19,13,5.4841569269738255e-61,60.260890126540495,946,1,0,0,pos_EXP
EXP,morph_v1,1,19,14,5.4841569269738255e-61,60.260890126540495,946,1,0,0,pos_EXP
EXP,morph_v1,1,20,11,6.396350944517827e-31,30.19406771611306,945,3,5,0,pos_EXP
EXP,morph_v1,1,20,12,6.396350944517827e-31,30.19406771611306,945,3,5,0,pos_EXP
EXP,morph_v1,1,20,13,6.396350944517827e-31,30.19406771611306,945,3,5,0,pos_EXP
EXP,morph_v1,1,20,14,6.396350944517827e-31,30.19406771611306,945,3,5,0,pos_EXP
EXP,morph_v1,1,21,11,6.179380383311362e-61,60.20905507015385,942,4,8,0,pos_EXP
EXP,morph_v1,1,21,12,6.179380383311362e-61,60.20905507015385,942,4,8,0,pos_EXP
EXP,morph_v1,1,21,13,6.179380383311362e-61,60.20905507015385,942,4,8,0,pos_EXP
EXP,morph_v1,1,21,14,6.179380383311362e-61,60.20905507015385,942,4,8,0,pos_EXP
EXP,morph_v1,1,22,11,7.820277497250438e-65,64.10677783602118,939,9,6,0,pos_EXP
EXP,morph_v1,1,22,12,7.820277497250438e-65,64.10677783602118,939,9,6,0,pos_EXP
EXP,morph_v1,1,22,13,7.820277497250438e-65,64.10677783602118,939,9,6,0,pos_EXP
EXP,morph_v1,1,22,14,7.820277497250438e-65,64.10677783602118,939,9,6,0,pos_EXP
EXP,morph_v1,1,23,11,2.0249059180924648e-91,90.69359515032708,974,24,6,0,pos_EXP
EXP,morph_v1,1,23,12,2.0249059180924648e-91,90.69359515032708,974,24,6,0,pos_EXP
EXP,morph_v1,1,23,13,2.0249059180924648e-91,90.69359515032708,974,24,6,0,pos_EXP
EXP,morph_v1,1,23,14,2.0249059180924648e-91,90.69359515032708,974,24,6,0,pos_EXP
EXP,morph_v1+dia,0,0,11,0.6784252928033788,0.16849796924164887,1058,7,0,0,neg
EXP,morph_v1+dia,0,0,12,0.5030953431782672,0.2983497026331902,1079,6,3,0,neg
EXP,morph_v1+dia,0,0,13,0.5437822073872917,0.2645750066785195,1116,2,2,0,neg
EXP,morph_v1+dia,0,0,14,0.08292888276221379,1.081294185497625,1036,4,1,0,neg
EXP,morph_v1+dia,0,1,11,0.9347136295060885,0.02932142460874044,1008,4,1,0,neg
EXP,morph_v1+dia,0,1,12,0.6679309188898411,0.1752684523393572,1025,9,1,0,neg
EXP,morph_v1+dia,0,1,13,0.8177008724745635,0.08740553886195035,1133,4,4,0,neg
EXP,morph_v1+dia,0,1,14,0.5304809530901389,0.2753302048189094,1014,3,0,0,neg
EXP,morph_v1+dia,0,2,11,0.38026322579055377,0.41991567198116475,963,0,3,0,neg
EXP,morph_v1+dia,0,2,12,0.7725726028784559,0.11206069695443455,827,0,0,0,neg
EXP,morph_v1+dia,0,2,13,0.6291290793278888,0.20126024058232928,1070,2,2,0,neg
EXP,morph_v1+dia,0,2,14,0.8823598468551613,0.054354263357991144,1003,2,0,0,neg
EXP,morph_v1+dia,0,3,11,0.7285849327618958,0.13751981427174106,1103,9,2,0,neg
EXP,morph_v1+dia,0,3,12,0.8927196036809479,0.04928492822940882,986,9,0,0,neg
EXP,morph_v1+dia,0,3,13,0.18603976304818814,0.7303942223046294,1096,10,4,0,neg
EXP,morph_v1+dia,0,3,14,0.15959476570817446,0.796981356477357,1166,8,1,0,neg
EXP,morph_v1+dia,0,4,11,0.40032585126146103,0.3975863641849319,1283,13,1,0,neg
EXP,morph_v1+dia,0,4,12,0.13750669619235475,0.8616761523895031,1101,11,0,0,neg
EXP,morph_v1+dia,0,4,13,0.35706424689534944,0.4472536338548755,1077,9,4,0,neg
EXP,morph_v1+dia,0,4,14,0.19517492767121666,0.7095759729060046,931,11,3,0,neg
EXP,morph_v1+dia,0,5,11,0.9858194591351462,0.00620261353815325,867,3,1,0,neg
EXP,morph_v1+dia,0,5,12,0.5172445718304974,0.2863040582967017,922,6,5,0,neg
EXP,morph_v1+dia,0,5,13,0.46853593662845006,0.3292570931841249,981,14,3,0,neg
EXP,morph_v1+dia,0,5,14,0.1989462732174211,0.7012641919097454,945,10,0,0,neg
EXP,morph_v1+dia,0,6,11,0.17564401435872137,0.7553666456173083,1564,15,4,0,neg
EXP,morph_v1+dia,0,6,12,0.33916906239948774,0.46958376915694144,1114,8,2,0,neg
EXP,morph_v1+dia,0,6,13,0.41190329651100116,0.38520473231935703,1365,5,2,0,neg
EXP,morph_v1+dia,0,6,14,0.48456325478462714,0.31464952220290227,1279,9,2,0,neg
EXP,morph_v1+dia,0,7,11,0.3384977094965914,0.47044426569776365,924,1,1,0,neg
EXP,morph_v1+dia,0,7,12,0.7661690983018374,0.11567536828563658,926,1,2,0,neg
EXP,morph_v1+dia,0,7,13,0.6750879619192132,0.17063963622488332,1068,5,8,0,neg
EXP,morph_v1+dia,0,7,14,0.05178844588467535,1.2857671214948845,936,0,0,0,neg
EXP,morph_v1+dia,0,8,11,0.2526077075087231,0.5975534024844067,891,4,1,0,neg
EXP,morph_v1+dia,0,8,12,0.47753673361916277,0.32099321550536225,880,6,2,0,neg
EXP,morph_v1+dia,0,8,13,0.029847007232188014,1.5250992091814115,833,3,1,0,neg
EXP,morph_v1+dia,0,8,14,0.04789504036202272,1.319709456416851,999,5,1,0,neg
EXP,morph_v1+dia,0,9,11,0.024661821078588005,1.6079748573760977,1043,5,3,0,neg
EXP,morph_v1+dia,0,9,12,0.40152301665857737,0.39628955444182823,1068,12,1,0,neg
EXP,morph_v1+dia,0,9,13,0.5393186728832425,0.26815454283113427,1177,7,2,0,neg
EXP,morph_v1+dia,0,9,14,0.7234986622154107,0.14056226757604565,1069,6,2,0,neg
EXP,morph_v1+dia,0,10,11,0.7849557719452505,0.10515481273404281,923,0,0,0,neg
EXP,morph_v1+dia,0,10,12,0.36851493929463375,0.4335449015044928,882,2,2,0,neg
EXP,morph_v1+dia,0,10,13,0.038551334437264925,1.4139605844428491,1015,5,6,0,neg
EXP,morph_v1+dia,0,10,14,0.5116496614041967,0.29102730894108,1053,0,3,0,neg
EXP,morph_v1+dia,0,11,11,0.1889563587541502,0.7236384886351778,980,11,1,0,neg
EXP,morph_v1+dia,0,11,12,0.3062839389906535,0.5138757762610532,966,6,0,0,neg
EXP,morph_v1+dia,0,11,13,0.8309529868593812,0.08042354676356941,975,10,3,0,neg
EXP,morph_v1+dia,0,11,14,0.3817864732339175,0.41817946280441454,909,8,3,0,neg
EXP,morph_v1+dia,0,12,11,0.7351891373925494,0.13360091838653484,984,12,3,0,neg
EXP,morph_v1+dia,0,12,12,0.5923443377592419,0.22742575862445327,1053,7,4,0,neg
EXP,morph_v1+dia,0,12,13,0.1753704451790615,0.7560435955603793,920,9,3,0,neg
EXP,morph_v1+dia,0,12,14,0.5551605337662272,0.25558141534998235,1019,10,4,0,neg
EXP,morph_v1+dia,0,13,11,0.6845222229200254,0.1646124479903664,944,2,1,0,neg
EXP,morph_v1+dia,0,13,12,0.8387762465070525,0.07635387691554255,898,6,0,0,neg
EXP,morph_v1+dia,0,13,13,0.04033327771341041,1.394336483298475,948,1,1,0,neg
EXP,morph_v1+dia,0,13,14,0.926151478481117,0.033317975641733895,1171,2,1,0,neg
EXP,morph_v1+dia,0,14,11,0.0013726438428447285,2.8624421336681007,980,4,3,0,neg
EXP,morph_v1+dia,0,14,12,0.8218503348536542,0.08520726356118209,1097,7,4,0,neg
EXP,morph_v1+dia,0,14,13,0.3187888252657467,0.4964969106463205,1053,3,6,0,neg
EXP,morph_v1+dia,0,14,14,0.935453605765233,0.02897774665652769,1055,4,2,0,neg
EXP,morph_v1+dia,0,15,11,0.3054049228079931,0.5151239668502721,1222,6,4,0,neg
EXP,morph_v1+dia,0,15,12,0.5159735654621486,0.2873725477293754,1147,8,5,0,neg
EXP,morph_v1+dia,0,15,13,0.9360868549814992,0.028683853303370442,1170,5,2,0,neg
EXP,morph_v1+dia,0,15,14,0.22827089032259532,0.6415494673022017,1042,6,2,0,neg
EXP,morph_v1+dia,0,16,11,0.3031574767510922,0.5183317163232917,1026,2,1,0,neg
EXP,morph_v1+dia,0,16,12,0.4751309962592174,0.3231866364609626,948,8,3,0,neg
EXP,morph_v1+dia,0,16,13,0.5346995557912518,0.27189017669541077,920,1,0,0,neg
EXP,morph_v1+dia,0,16,14,0.001540640785616584,2.8122986091791113,858,0,0,0,neg
EXP,morph_v1+dia,0,17,11,0.8896769661536489,0.050767653223869134,965,6,1,0,neg
EXP,morph_v1+dia,0,17,12,0.49309697845566797,0.3070676586817009,906,7,2,0,neg
EXP,morph_v1+dia,0,17,13,0.7158677870932013,0.1451671797003743,901,6,0,0,neg
EXP,morph_v1+dia,0,17,14,0.8723852034287237,0.05929170912239799,921,6,2,0,neg
EXP,morph_v1+dia,0,18,11,0.8402825459199452,0.07557465738903259,1107,19,1,0,neg
EXP,morph_v1+dia,0,18,12,0.9584219449141278,0.01844325083331088,1090,11,2,0,neg
EXP,morph_v1+dia,0,18,13,0.530054381206092,0.2756795714441904,1156,18,5,0,neg
EXP,morph_v1+dia,0,18,14,0.532251221093218,0.2738833335280839,1091,11,3,0,neg
EXP,morph_v1+dia,0,19,11,0.6952950214323961,0.1578308803111757,981,5,0,0,neg
EXP,morph_v1+dia,0,19,12,0.57097424754428,0.24338347914754654,1040,0,1,0,neg
EXP,morph_v1+dia,0,19,13,0.6925470403505063,0.15955072237785742,963,6,2,0,neg
EXP,morph_v1+dia,0,19,14,0.9005092074754886,0.045511842272150535,1087,5,3,0,neg
EXP,morph_v1+dia,0,20,11,0.5876689490392714,0.23086725571602443,1048,1,3,0,neg
EXP,morph_v1+dia,0,20,12,0.6459440425148065,0.18980510287123237,1326,2,4,0,neg
EXP,morph_v1+dia,0,20,13,0.8115213100599609,0.09070007137695364,920,4,2,0,neg
EXP,morph_v1+dia,0,20,14,0.5875810432661128,0.23093222400793056,1059,3,4,0,neg
EXP,morph_v1+dia,0,21,11,0.027693615312287517,1.5576203448074788,993,4,9,0,neg
EXP,morph_v1+dia,0,21,12,0.2276651301269031,0.642703482134729,1051,9,9,0,neg
EXP,morph_v1+dia,0,21,13,0.26247761832348027,0.5809077233171587,961,1,7,0,neg
EXP,morph_v1+dia,0,21,14,0.5643801402581845,0.24842827685963007,955,8,11,0,neg
EXP,morph_v1+dia,0,22,11,0.5799049883291164,0.23664315544476358,973,8,2,0,neg
EXP,morph_v1+dia,0,22,12,0.45518049392950327,0.3418163572463152,1156,3,10,0,neg
EXP,morph_v1+dia,0,22,13,0.548924532405,0.26048735939867956,1103,8,3,0,neg
EXP,morph_v1+dia,0,22,14,0.08343645301151094,1.0786441665933986,1134,9,9,0,neg
EXP,morph_v1+dia,0,23,11,0.3942187016453499,0.4042627767366327,885,6,6,0,neg
EXP,morph_v1+dia,0,23,12,0.7152191573551648,0.1455608613511082,926,19,7,0,neg
EXP,morph_v1+dia,0,23,13,0.5838818574048409,0.23367501909941812,971,20,6,0,neg
EXP,morph_v1+dia,0,23,14,0.5328980246350501,0.2733558896140094,866,14,8,0,neg
EXP,morph_v1+dia,1,0,11,0.3408399754907337,0.4674494745951997,1036,2,1,0,pos_EXP
EXP,morph_v1+dia,1,0,12,0.3408399754907337,0.4674494745951997,1036,2,1,0,pos_EXP
EXP,morph_v1+dia,1,0,13,0.3408399754907337,0.4674494745951997,1036,2,1,0,pos_EXP
EXP,morph_v1+dia,1,0,14,0.3408399754907337,0.4674494745951997,1036,2,1,0,pos_EXP
EXP,morph_v1+dia,1,1,11,0.03324360348262294,1.4782919064343432,1060,14,1,0,pos_EXP
EXP,morph_v1+dia,1,1,12,0.03324360348262294,1.4782919064343432,1060,14,1,0,pos_EXP
EXP,morph_v1+dia,1,1,13,0.03324360348262294,1.4782919064343432,1060,14,1,0,pos_EXP
EXP,morph_v1+dia,1,1,14,0.03324360348262294,1.4782919064343432,1060,14,1,0,pos_EXP
EXP,morph_v1+dia,1,2,11,1.303901197113991e-16,15.884755315946032,997,0,1,0,pos_EXP
EXP,morph_v1+dia,1,2,12,1.303901197113991e-16,15.884755315946032,997,0,1,0,pos_EXP
EXP,morph_v1+dia,1,2,13,1.303901197113991e-16,15.884755315946032,997,0,1,0,pos_EXP
EXP,morph_v1+dia,1,2,14,1.303901197113991e-16,15.884755315946032,997,0,1,0,pos_EXP
EXP,morph_v1+dia,1,3,11,0.00042264675698357987,3.3740224590662775,1064,5,1,0,pos_EXP
EXP,morph_v1+dia,1,3,12,0.00042264675698357987,3.3740224590662775,1064,5,1,0,pos_EXP
EXP,morph_v1+dia,1,3,13,0.00042264675698357987,3.3740224590662775,1064,5,1,0,pos_EXP
EXP,morph_v1+dia,1,3,14,0.00042264675698357987,3.3740224590662775,1064,5,1,0,pos_EXP
EXP,morph_v1+dia,1,4,11,7.938300379574838e-12,11.100272471727209,1013,2,1,0,pos_EXP
EXP,morph_v1+dia,1,4,12,7.938300379574838e-12,11.100272471727209,1013,2,1,0,pos_EXP
EXP,morph_v1+dia,1,4,13,7.938300379574838e-12,11.100272471727209,1013,2,1,0,pos_EXP
EXP,morph_v1+dia,1,4,14,7.938300379574838e-12,11.100272471727209,1013,2,1,0,pos_EXP
EXP,morph_v1+dia,1,5,11,0.00018841157628530575,3.724892417029463,988,11,2,0,pos_EXP
EXP,morph_v1+dia,1,5,12,0.00018841157628530575,3.724892417029463,988,11,2,0,pos_EXP
EXP,morph_v1+dia,1,5,13,0.00018841157628530575,3.724892417029463,988,11,2,0,pos_EXP
EXP,morph_v1+dia,1,5,14,0.00018841157628530575,3.724892417029463,988,11,2,0,pos_EXP
EXP,morph_v1+dia,1,6,11,5.295504011244066e-09,8.276092698656562,1032,7,1,0,pos_EXP
EXP,morph_v1+dia,1,6,12,5.295504011244066e-09,8.276092698656562,1032,7,1,0,pos_EXP
EXP,morph_v1+dia,1,6,13,5.295504011244066e-09,8.276092698656562,1032,7,1,0,pos_EXP
EXP,morph_v1+dia,1,6,14,5.295504011244066e-09,8.276092698656562,1032,7,1,0,pos_EXP
EXP,morph_v1+dia,1,7,11,7.290658637372899e-05,4.13723323578961,1008,0,2,0,pos_EXP
EXP,morph_v1+dia,1,7,12,7.290658637372899e-05,4.13723323578961,1008,0,2,0,pos_EXP
EXP,morph_v1+dia,1,7,13,7.290658637372899e-05,4.13723323578961,1008,0,2,0,pos_EXP
EXP,morph_v1+dia,1,7,14,7.290658637372899e-05,4.13723323578961,1008,0,2,0,pos_EXP
EXP,morph_v1+dia,1,8,11,0.0008663748421615209,3.0622941672657693,1041,4,1,0,pos_EXP
EXP,morph_v1+dia,1,8,12,0.0008663748421615209,3.0622941672657693,1041,4,1,0,pos_EXP
EXP,morph_v1+dia,1,8,13,0.0008663748421615209,3.0622941672657693,1041,4,1,0,pos_EXP
EXP,morph_v1+dia,1,8,14,0.0008663748421615209,3.0622941672657693,1041,4,1,0,pos_EXP
EXP,morph_v1+dia,1,9,11,0.00025365720269284625,3.5957528012143243,1016,5,3,0,pos_EXP
EXP,morph_v1+dia,1,9,12,0.00025365720269284625,3.5957528012143243,1016,5,3,0,pos_EXP
EXP,morph_v1+dia,1,9,13,0.00025365720269284625,3.5957528012143243,1016,5,3,0,pos_EXP
EXP,morph_v1+dia,1,9,14,0.00025365720269284625,3.5957528012143243,1016,5,3,0,pos_EXP
EXP,morph_v1+dia,1,10,11,0.0035698718702701793,2.4473473712920755,972,0,1,0,pos_EXP
EXP,morph_v1+dia,1,10,12,0.0035698718702701793,2.4473473712920755,972,0,1,0,pos_EXP
EXP,morph_v1+dia,1,10,13,0.0035698718702701793,2.4473473712920755,972,0,1,0,pos_EXP
EXP,morph_v1+dia,1,10,14,0.0035698718702701793,2.4473473712920755,972,0,1,0,pos_EXP
EXP,morph_v1+dia,1,11,11,0.0002666034381808697,3.5741342541218923,1047,11,1,0,pos_EXP
EXP,morph_v1+dia,1,11,12,0.0002666034381808697,3.5741342541218923,1047,11,1,0,pos_EXP
EXP,morph_v1+dia,1,11,13,0.0002666034381808697,3.5741342541218923,1047,11,1,0,pos_EXP
EXP,morph_v1+dia,1,11,14,0.0002666034381808697,3.5741342541218923,1047,11,1,0,pos_EXP
EXP,morph_v1+dia,1,12,11,0.002577338280520175,2.588828575736446,1053,7,1,0,pos_EXP
EXP,morph_v1+dia,1,12,12,0.002577338280520175,2.588828575736446,1053,7,1,0,pos_EXP
EXP,morph_v1+dia,1,12,13,0.002577338280520175,2.588828575736446,1053,7,1,0,pos_EXP
EXP,morph_v1+dia,1,12,14,0.002577338280520175,2.588828575736446,1053,7,1,0,pos_EXP
EXP,morph_v1+dia,1,13,11,2.105090048778776e-15,14.676729321751703,1045,3,1,0,pos_EXP
EXP,morph_v1+dia,1,13,12,2.105090048778776e-15,14.676729321751703,1045,3,1,0,pos_EXP
EXP,morph_v1+dia,1,13,13,2.105090048778776e-15,14.676729321751703,1045,3,1,0,pos_EXP
EXP,morph_v1+dia,1,13,14,2.105090048778776e-15,14.676729321751703,1045,3,1,0,pos_EXP
EXP,morph_v1+dia,1,14,11,0.02413263245857395,1.6173953013869027,1097,4,4,0,pos_EXP
EXP,morph_v1+dia,1,14,12,0.02413263245857395,1.6173953013869027,1097,4,4,0,pos_EXP
EXP,morph_v1+dia,1,14,13,0.02413263245857395,1.6173953013869027,1097,4,4,0,pos_EXP
EXP,morph_v1+dia,1,14,14,0.02413263245857395,1.6173953013869027,1097,4,4,0,pos_EXP
EXP,morph_v1+dia,1,15,11,0.014172695892073206,1.848547531566945,1059,12,0,0,pos_EXP
EXP,morph_v1+dia,1,15,12,0.014172695892073206,1.848547531566945,1059,12,0,0,pos_EXP
EXP,morph_v1+dia,1,15,13,0.014172695892073206,1.848547531566945,1059,12,0,0,pos_EXP
EXP,morph_v1+dia,1,15,14,0.014172695892073206,1.848547531566945,1059,12,0,0,pos_EXP
EXP,morph_v1+dia,1,16,11,1.1909449455012255e-13,12.924108314434655,1054,2,0,0,pos_EXP
EXP,morph_v1+dia,1,16,12,1.1909449455012255e-13,12.924108314434655,1054,2,0,0,pos_EXP
EXP,morph_v1+dia,1,16,13,1.1909449455012255e-13,12.924108314434655,1054,2,0,0,pos_EXP
EXP,morph_v1+dia,1,16,14,1.1909449455012255e-13,12.924108314434655,1054,2,0,0,pos_EXP
EXP,morph_v1+dia,1,17,11,1.603710091995959e-05,4.79487413781364,1032,4,0,0,pos_EXP
EXP,morph_v1+dia,1,17,12,1.603710091995959e-05,4.79487413781364,1032,4,0,0,pos_EXP
EXP,morph_v1+dia,1,17,13,1.603710091995959e-05,4.79487413781364,1032,4,0,0,pos_EXP
EXP,morph_v1+dia,1,17,14,1.603710091995959e-05,4.79487413781364,1032,4,0,0,pos_EXP
EXP,morph_v1+dia,1,18,11,0.016840467350965695,1.7736458602752565,1053,12,1,0,pos_EXP
EXP,morph_v1+dia,1,18,12,0.016840467350965695,1.7736458602752565,1053,12,1,0,pos_EXP
EXP,morph_v1+dia,1,18,13,0.016840467350965695,1.7736458602752565,1053,12,1,0,pos_EXP
EXP,morph_v1+dia,1,18,14,0.016840467350965695,1.7736458602752565,1053,12,1,0,pos_EXP
EXP,morph_v1+dia,1,19,11,0.0005120255134987609,3.2907083982123297,1051,1,0,0,pos_EXP
EXP,morph_v1+dia,1,19,12,0.0005120255134987609,3.2907083982123297,1051,1,0,0,pos_EXP
EXP,morph_v1+dia,1,19,13,0.0005120255134987609,3.2907083982123297,1051,1,0,0,pos_EXP
EXP,morph_v1+dia,1,19,14,0.0005120255134987609,3.2907083982123297,1051,1,0,0,pos_EXP
EXP,morph_v1+dia,1,20,11,1.7381222440731203e-06,5.759919682398618,1021,3,5,0,pos_EXP
EXP,morph_v1+dia,1,20,12,1.7381222440731203e-06,5.759919682398618,1021,3,5,0,pos_EXP
EXP,morph_v1+dia,1,20,13,1.7381222440731203e-06,5.759919682398618,1021,3,5,0,pos_EXP
EXP,morph_v1+dia,1,20,14,1.7381222440731203e-06,5.759919682398618,1021,3,5,0,pos_EXP
EXP,morph_v1+dia,1,21,11,0.006419727260013376,2.192483422396457,1029,4,8,0,pos_EXP
EXP,morph_v1+dia,1,21,12,0.006419727260013376,2.192483422396457,1029,4,8,0,pos_EXP
EXP,morph_v1+dia,1,21,13,0.006419727260013376,2.192483422396457,1029,4,8,0,pos_EXP
EXP,morph_v1+dia,1,21,14,0.006419727260013376,2.192483422396457,1029,4,8,0,pos_EXP
EXP,morph_v1+dia,1,22,11,1.2864193091207799e-11,10.890617449797684,1001,9,6,0,pos_EXP
EXP,morph_v1+dia,1,22,12,1.2864193091207799e-11,10.890617449797684,1001,9,6,0,pos_EXP
EXP,morph_v1+dia,1,22,13,1.2864193091207799e-11,10.890617449797684,1001,9,6,0,pos_EXP
EXP,morph_v1+dia,1,22,14,1.2864193091207799e-11,10.890617449797684,1001,9,6,0,pos_EXP
EXP,morph_v1+dia,1,23,11,2.612202517260055e-13,12.582993156371277,959,24,6,0,pos_EXP
EXP,morph_v1+dia,1,23,12,2.612202517260055e-13,12.582993156371277,959,24,6,0,pos_EXP
EXP,morph_v1+dia,1,23,13,2.612202517260055e-13,12.582993156371277,959,24,6,0,pos_EXP
EXP,morph_v1+dia,1,23,14,2.612202517260055e-13,12.582993156371277,959,24,6,0,pos_EXP
EXP,rtt,0,0,11,0.7178635886720393,0.14395807430284288,864,-1,0,0,neg
EXP,rtt,0,0,12,0.0704958067854796,1.151836714839628,899,-1,0,0,neg
EXP,rtt,0,0,13,0.6209469609455056,0.2069454941107455,953,-1,0,0,neg
EXP,rtt,0,0,14,0.26027855932198085,0.5845616058118777,867,-1,0,0,neg
EXP,rtt,0,1,11,0.6546119443870707,0.1840160745946683,754,-1,0,0,neg
EXP,rtt,0,1,12,0.366221950298574,0.4362556288823456,800,-1,0,0,neg
EXP,rtt,0,1,13,0.2607863378844643,0.5837151642315477,871,-1,0,0,neg
EXP,rtt,0,1,14,0.7391558418726752,0.1312639863278106,722,-1,0,0,neg
EXP,rtt,0,2,11,0.44173174531834414,0.35484138878514,797,-1,0,0,neg
EXP,rtt,0,2,12,0.13395614414073295,0.8730373618973498,720,-1,0,0,neg
EXP,rtt,0,2,13,0.3419675576274566,0.46601509339325076,841,-1,0,0,neg
EXP,rtt,0,2,14,0.6681367507599654,0.17513463928761946,802,-1,0,0,neg
EXP,rtt,0,3,11,0.09869551498635497,1.0057025824968666,944,-1,0,0,neg
EXP,rtt,0,3,12,0.014252914428235765,1.8460963222740678,848,-1,0,0,neg
EXP,rtt,0,3,13,0.5613205287497,0.2507890743673885,899,-1,0,0,neg
EXP,rtt,0,3,14,0.351964282452191,0.45350140675190914,951,-1,0,0,neg
EXP,rtt,0,4,11,0.9079493111188487,0.04193839654043593,1041,-1,0,0,neg
EXP,rtt,0,4,12,0.46054618193398106,0.33672681377667024,886,-1,0,0,neg
EXP,rtt,0,4,13,0.02939208717841907,1.5317695728969294,843,-1,0,0,neg
EXP,rtt,0,4,14,0.5737864390781295,0.241249720124759,769,-1,0,0,neg
EXP,rtt,0,5,11,0.048312941198484234,1.315936522699986,718,-1,0,0,neg
EXP,rtt,0,5,12,0.41265190446698946,0.38441614619841113,801,-1,0,0,neg
EXP,rtt,0,5,13,0.4239109029223671,0.37272541330173087,831,-1,0,0,neg
EXP,rtt,0,5,14,0.7638319663904557,0.11700217034542044,806,-1,0,0,neg
EXP,rtt,0,6,11,0.4196392980558417,0.37712384810087873,1320,-1,0,0,neg
EXP,rtt,0,6,12,0.7796631169009008,0.10809301022627722,882,-1,0,0,neg
EXP,rtt,0,6,13,0.5243300623296269,0.28039524140970884,1104,-1,0,0,neg
EXP,rtt,0,6,14,0.9040635994202235,0.043801016531616346,1103,-1,0,0,neg
EXP,rtt,0,7,11,0.5788231348287869,0.23745411900481467,790,-1,0,0,neg
EXP,rtt,0,7,12,0.7275211141086529,0.1381543980701445,804,-1,0,0,neg
EXP,rtt,0,7,13,0.7474788504211857,0.12640109099726812,901,-1,0,0,neg
EXP,rtt,0,7,14,0.31080716227185545,0.5075089818296025,803,-1,0,0,neg
EXP,rtt,0,8,11,0.32156094698709714,0.49273670102394607,762,-1,0,0,neg
EXP,rtt,0,8,12,0.22328794919801792,0.6511347150746831,761,-1,0,0,neg
EXP,rtt,0,8,13,0.5689506899431669,0.24492537159010275,714,-1,0,0,neg
EXP,rtt,0,8,14,0.10200633691364405,0.9913728478347241,852,-1,0,0,neg
EXP,rtt,0,9,11,0.07471275606059873,1.1266052427123594,864,-1,0,0,neg
EXP,rtt,0,9,12,0.10903425850068905,0.9624370255438757,864,-1,0,0,neg
EXP,rtt,0,9,13,0.8512089968481489,0.06996379475196816,1008,-1,0,0,neg
EXP,rtt,0,9,14,0.21773013383095347,0.6620814604819046,883,-1,0,0,neg
EXP,rtt,0,10,11,0.9270808744651581,0.03288237825906521,783,-1,0,0,neg
EXP,rtt,0,10,12,0.20634075453740475,0.6854149856833023,727,-1,0,0,neg
EXP,rtt,0,10,13,0.6120609041043188,0.2132053605335293,875,-1,0,0,neg
EXP,rtt,0,10,14,0.6581753993240392,0.18165835439880956,850,-1,0,0,neg
EXP,rtt,0,11,11,0.9047291561529234,0.043481413715252326,801,-1,0,0,neg
EXP,rtt,0,11,12,0.011983235425431709,1.921425908348615,809,-1,0,0,neg
EXP,rtt,0,11,13,0.8648540936889585,0.06305715455900805,806,-1,0,0,neg
EXP,rtt,0,11,14,0.6682232201865134,0.1750784370731384,772,-1,0,0,neg
EXP,rtt,0,12,11,0.9202199166050283,0.036108371399349554,792,-1,0,0,neg
EXP,rtt,0,12,12,0.9521264456385499,0.021305371997358023,884,-1,0,0,neg
EXP,rtt,0,12,13,0.9096228878575833,0.04113862050018714,809,-1,0,0,neg
EXP,rtt,0,12,14,0.6492490404274239,0.18758868357371972,811,-1,0,0,neg
EXP,rtt,0,13,11,0.3770492216007134,0.4236019514541034,753,-1,0,0,neg
EXP,rtt,0,13,12,0.11008391300764932,0.9582761415411015,749,-1,0,0,neg
EXP,rtt,0,13,13,0.5720707228600211,0.24255027776429433,738,-1,0,0,neg
EXP,rtt,0,13,14,0.9196131292827106,0.03639483695220517,911,-1,0,0,neg
EXP,rtt,0,14,11,0.8259950252481596,0.08302256831373303,794,-1,0,0,neg
EXP,rtt,0,14,12,0.7239090608544941,0.1403159874626124,879,-1,0,0,neg
EXP,rtt,0,14,13,0.09816489416162914,1.0080437973225866,904,-1,0,0,neg
EXP,rtt,0,14,14,0.09492674448779811,1.022611412998142,844,-1,0,0,neg
EXP,rtt,0,15,11,0.9255768934981776,0.033587495836228935,983,-1,0,0,neg
EXP,rtt,0,15,12,0.8155319806848162,0.0885590036456382,959,-1,0,0,neg
EXP,rtt,0,15,13,0.9545114742884738,0.020218846536719955,948,-1,0,0,neg
EXP,rtt,0,15,14,0.9542719277929662,0.020327851803206384,892,-1,0,0,neg
EXP,rtt,0,16,11,0.4369643522279816,0.35955399154711176,876,-1,0,0,neg
EXP,rtt,0,16,12,0.2778225829887596,0.5562324552550588,802,-1,0,0,neg
EXP,rtt,0,16,13,0.7761256489937961,0.11006796399014578,726,-1,0,0,neg
EXP,rtt,0,16,14,0.7575673414756471,0.12057875591955443,692,-1,0,0,neg
EXP,rtt,0,17,11,0.3558842577518732,0.4486912222313366,786,-1,0,0,neg
EXP,rtt,0,17,12,0.10757539759560683,0.9682870401023999,742,-1,0,0,neg
EXP,rtt,0,17,13,0.9987679255274704,0.0005354130468589534,753,-1,0,0,neg
EXP,rtt,0,17,14,0.166540962683872,0.7784789292472836,786,-1,0,0,neg
EXP,rtt,0,18,11,0.31500310702822887,0.5016851625324307,834,-1,0,0,neg
EXP,rtt,0,18,12,0.11900705401279345,0.9244272955147271,810,-1,0,0,neg
EXP,rtt,0,18,13,0.04074002665867479,1.3899786911504948,911,-1,0,0,neg
EXP,rtt,0,18,14,0.9187567422511939,0.03679946084734582,864,-1,0,0,neg
EXP,rtt,0,19,11,0.8898494766574367,0.050683450642443305,756,-1,0,0,neg
EXP,rtt,0,19,12,0.6762367635553359,0.16990122254509626,790,-1,0,0,neg
EXP,rtt,0,19,13,0.4967610165153603,0.30385249289700145,789,-1,0,0,neg
EXP,rtt,0,19,14,0.9534127264778803,0.02071905525958629,866,-1,0,0,neg
EXP,rtt,0,20,11,0.586863936017282,0.2314625779458282,891,-1,0,0,neg
EXP,rtt,0,20,12,0.11720112950841828,0.9310682028494165,1085,-1,0,0,neg
EXP,rtt,0,20,13,0.7237809478561387,0.14039285304579158,776,-1,0,0,neg
EXP,rtt,0,20,14,0.828729293703343,0.08158730955877945,868,-1,0,0,neg
EXP,rtt,0,21,11,0.370798259679182,0.4308623128595299,865,-1,0,0,neg
EXP,rtt,0,21,12,0.9595417650722544,0.017936117389514963,928,-1,0,0,neg
EXP,rtt,0,21,13,0.8164915670113713,0.08804829643783425,753,-1,0,0,neg
EXP,rtt,0,21,14,0.34369361199897064,0.4638285397259666,823,-1,0,0,neg
EXP,rtt,0,22,11,0.6543370321843685,0.18419850012314026,807,-1,0,0,neg
EXP,rtt,0,22,12,0.7160654816388556,0.14504726119201866,925,-1,0,0,neg
EXP,rtt,0,22,13,0.06278670304375869,1.2021323213292214,881,-1,0,0,neg
EXP,rtt,0,22,14,0.13892753519274767,0.857211669329879,876,-1,0,0,neg
EXP,rtt,0,23,11,0.12289302109525348,0.9104727793257474,780,-1,0,0,neg
EXP,rtt,0,23,12,0.7561499594909636,0.12139206677251935,766,-1,0,0,neg
EXP,rtt,0,23,13,0.5338665166176503,0.27256731664761014,824,-1,0,0,neg
EXP,rtt,0,23,14,0.26624169263431013,0.5747239343489401,762,-1,0,0,neg
EXP,rtt,1,0,11,0.028763351417158033,1.5411605126848542,901,-1,0,0,pos_EXP
EXP,rtt,1,0,12,0.028763351417158033,1.5411605126848542,901,-1,0,0,pos_EXP
EXP,rtt,1,0,13,0.028763351417158033,1.5411605126848542,901,-1,0,0,pos_EXP
EXP,rtt,1,0,14,0.028763351417158033,1.5411605126848542,901,-1,0,0,pos_EXP
EXP,rtt,1,1,11,0.00019880081565211343,3.7015818380851577,831,-1,0,0,pos_EXP
EXP,rtt,1,1,12,0.00019880081565211343,3.7015818380851577,831,-1,0,0,pos_EXP
EXP,rtt,1,1,13,0.00019880081565211343,3.7015818380851577,831,-1,0,0,pos_EXP
EXP,rtt,1,1,14,0.00019880081565211343,3.7015818380851577,831,-1,0,0,pos_EXP
EXP,rtt,1,2,11,0.002422833991792696,2.6156763419162643,813,-1,0,0,pos_EXP
EXP,rtt,1,2,12,0.002422833991792696,2.6156763419162643,813,-1,0,0,pos_EXP
EXP,rtt,1,2,13,0.002422833991792696,2.6156763419162643,813,-1,0,0,pos_EXP
EXP,rtt,1,2,14,0.002422833991792696,2.6156763419162643,813,-1,0,0,pos_EXP
EXP,rtt,1,3,11,0.00020942899163938687,3.6789631983139315,889,-1,0,0,pos_EXP
EXP,rtt,1,3,12,0.00020942899163938687,3.6789631983139315,889,-1,0,0,pos_EXP
EXP,rtt,1,3,13,0.00020942899163938687,3.6789631983139315,889,-1,0,0,pos_EXP
EXP,rtt,1,3,14,0.00020942899163938687,3.6789631983139315,889,-1,0,0,pos_EXP
EXP,rtt,1,4,11,0.0067883470039363045,2.1682359656998376,798,-1,0,0,pos_EXP
EXP,rtt,1,4,12,0.0067883470039363045,2.1682359656998376,798,-1,0,0,pos_EXP
EXP,rtt,1,4,13,0.0067883470039363045,2.1682359656998376,798,-1,0,0,pos_EXP
EXP,rtt,1,4,14,0.0067883470039363045,2.1682359656998376,798,-1,0,0,pos_EXP
EXP,rtt,1,5,11,7.595907988854997e-05,4.119420304621509,901,-1,0,0,pos_EXP
EXP,rtt,1,5,12,7.595907988854997e-05,4.119420304621509,901,-1,0,0,pos_EXP
EXP,rtt,1,5,13,7.595907988854997e-05,4.119420304621509,901,-1,0,0,pos_EXP
EXP,rtt,1,5,14,7.595907988854997e-05,4.119420304621509,901,-1,0,0,pos_EXP
EXP,rtt,1,6,11,0.0017986806514024662,2.745045937068585,929,-1,0,0,pos_EXP
EXP,rtt,1,6,12,0.0017986806514024662,2.745045937068585,929,-1,0,0,pos_EXP
EXP,rtt,1,6,13,0.0017986806514024662,2.745045937068585,929,-1,0,0,pos_EXP
EXP,rtt,1,6,14,0.0017986806514024662,2.745045937068585,929,-1,0,0,pos_EXP
EXP,rtt,1,7,11,0.017073475457775163,1.7676780653820234,804,-1,0,0,pos_EXP
EXP,rtt,1,7,12,0.017073475457775163,1.7676780653820234,804,-1,0,0,pos_EXP
EXP,rtt,1,7,13,0.017073475457775163,1.7676780653820234,804,-1,0,0,pos_EXP
EXP,rtt,1,7,14,0.017073475457775163,1.7676780653820234,804,-1,0,0,pos_EXP
EXP,rtt,1,8,11,0.0029386737771191127,2.5318486223862293,1028,-1,0,0,pos_EXP
EXP,rtt,1,8,12,0.0029386737771191127,2.5318486223862293,1028,-1,0,0,pos_EXP
EXP,rtt,1,8,13,0.0029386737771191127,2.5318486223862293,1028,-1,0,0,pos_EXP
EXP,rtt,1,8,14,0.0029386737771191127,2.5318486223862293,1028,-1,0,0,pos_EXP
EXP,rtt,1,9,11,0.009418169172991547,2.0260335128488225,871,-1,0,0,pos_EXP
EXP,rtt,1,9,12,0.009418169172991547,2.0260335128488225,871,-1,0,0,pos_EXP
EXP,rtt,1,9,13,0.009418169172991547,2.0260335128488225,871,-1,0,0,pos_EXP
EXP,rtt,1,9,14,0.009418169172991547,2.0260335128488225,871,-1,0,0,pos_EXP
EXP,rtt,1,10,11,1.9413497386257312e-21,20.71189621841235,839,-1,0,0,pos_EXP
EXP,rtt,1,10,12,1.9413497386257312e-21,20.71189621841235,839,-1,0,0,pos_EXP
EXP,rtt,1,10,13,1.9413497386257312e-21,20.71189621841235,839,-1,0,0,pos_EXP
EXP,rtt,1,10,14,1.9413497386257312e-21,20.71189621841235,839,-1,0,0,pos_EXP
EXP,rtt,1,11,11,0.0027632519463894503,2.558579515395378,870,-1,0,0,pos_EXP
EXP,rtt,1,11,12,0.0027632519463894503,2.558579515395378,870,-1,0,0,pos_EXP
EXP,rtt,1,11,13,0.0027632519463894503,2.558579515395378,870,-1,0,0,pos_EXP
EXP,rtt,1,11,14,0.0027632519463894503,2.558579515395378,870,-1,0,0,pos_EXP
EXP,rtt,1,12,11,0.08129120629367081,1.089956431831403,900,-1,0,0,pos_EXP
EXP,rtt,1,12,12,0.08129120629367081,1.089956431831403,900,-1,0,0,pos_EXP
EXP,rtt,1,12,13,0.08129120629367081,1.089956431831403,900,-1,0,0,pos_EXP
EXP,rtt,1,12,14,0.08129120629367081,1.089956431831403,900,-1,0,0,pos_EXP
EXP,rtt,1,13,11,0.030857331892733958,1.5106416283168518,888,-1,0,0,pos_EXP
EXP,rtt,1,13,12,0.030857331892733958,1.5106416283168518,888,-1,0,0,pos_EXP
EXP,rtt,1,13,13,0.030857331892733958,1.5106416283168518,888,-1,0,0,pos_EXP
EXP,rtt,1,13,14,0.030857331892733958,1.5106416283168518,888,-1,0,0,pos_EXP
EXP,rtt,1,14,11,0.002657265807005808,2.575565000824194,869,-1,0,0,pos_EXP
EXP,rtt,1,14,12,0.002657265807005808,2.575565000824194,869,-1,0,0,pos_EXP
EXP,rtt,1,14,13,0.002657265807005808,2.575565000824194,869,-1,0,0,pos_EXP
EXP,rtt,1,14,14,0.002657265807005808,2.575565000824194,869,-1,0,0,pos_EXP
EXP,rtt,1,15,11,0.001028671697582396,2.9877232089870915,866,-1,0,0,pos_EXP
EXP,rtt,1,15,12,0.001028671697582396,2.9877232089870915,866,-1,0,0,pos_EXP
EXP,rtt,1,15,13,0.001028671697582396,2.9877232089870915,866,-1,0,0,pos_EXP
EXP,rtt,1,15,14,0.001028671697582396,2.9877232089870915,866,-1,0,0,pos_EXP
EXP,rtt,1,16,11,2.4119089037279477e-12,11.617639099249711,835,-1,0,0,pos_EXP
EXP,rtt,1,16,12,2.4119089037279477e-12,11.617639099249711,835,-1,0,0,pos_EXP
EXP,rtt,1,16,13,2.4119089037279477e-12,11.617639099249711,835,-1,0,0,pos_EXP
EXP,rtt,1,16,14,2.4119089037279477e-12,11.617639099249711,835,-1,0,0,pos_EXP
EXP,rtt,1,17,11,6.36929646544698e-05,4.1959085359610695,868,-1,0,0,pos_EXP
EXP,rtt,1,17,12,6.36929646544698e-05,4.1959085359610695,868,-1,0,0,pos_EXP
EXP,rtt,1,17,13,6.36929646544698e-05,4.1959085359610695,868,-1,0,0,pos_EXP
EXP,rtt,1,17,14,6.36929646544698e-05,4.1959085359610695,868,-1,0,0,pos_EXP
EXP,rtt,1,18,11,0.5761827410659501,0.23943975468469209,812,-1,0,0,pos_EXP
EXP,rtt,1,18,12,0.5761827410659501,0.23943975468469209,812,-1,0,0,pos_EXP
EXP,rtt,1,18,13,0.5761827410659501,0.23943975468469209,812,-1,0,0,pos_EXP
EXP,rtt,1,18,14,0.5761827410659501,0.23943975468469209,812,-1,0,0,pos_EXP
EXP,rtt,1,19,11,0.2652084045729652,0.5764127170627965,828,-1,0,0,pos_EXP
EXP,rtt,1,19,12,0.2652084045729652,0.5764127170627965,828,-1,0,0,pos_EXP
EXP,rtt,1,19,13,0.2652084045729652,0.5764127170627965,828,-1,0,0,pos_EXP
EXP,rtt,1,19,14,0.2652084045729652,0.5764127170627965,828,-1,0,0,pos_EXP
EXP,rtt,1,20,11,0.0022758647986254464,2.6428535414663226,826,-1,0,0,pos_EXP
EXP,rtt,1,20,12,0.0022758647986254464,2.6428535414663226,826,-1,0,0,pos_EXP
EXP,rtt,1,20,13,0.0022758647986254464,2.6428535414663226,826,-1,0,0,pos_EXP
EXP,rtt,1,20,14,0.0022758647986254464,2.6428535414663226,826,-1,0,0,pos_EXP
EXP,rtt,1,21,11,5.784545848408206e-07,6.237730732351412,912,-1,0,0,pos_EXP
EXP,rtt,1,21,12,5.784545848408206e-07,6.237730732351412,912,-1,0,0,pos_EXP
EXP,rtt,1,21,13,5.784545848408206e-07,6.237730732351412,912,-1,0,0,pos_EXP
EXP,rtt,1,21,14,5.784545848408206e-07,6.237730732351412,912,-1,0,0,pos_EXP
EXP,rtt,1,22,11,0.0014272818655775134,2.845490252129309,777,-1,0,0,pos_EXP
EXP,rtt,1,22,12,0.0014272818655775134,2.845490252129309,777,-1,0,0,pos_EXP
EXP,rtt,1,22,13,0.0014272818655775134,2.845490252129309,777,-1,0,0,pos_EXP
EXP,rtt,1,22,14,0.0014272818655775134,2.845490252129309,777,-1,0,0,pos_EXP
EXP,rtt,1,23,11,1.4767300510045188e-22,21.83069888727037,854,-1,0,0,pos_EXP
EXP,rtt,1,23,12,1.4767300510045188e-22,21.83069888727037,854,-1,0,0,pos_EXP
EXP,rtt,1,23,13,1.4767300510045188e-22,21.83069888727037,854,-1,0,0,pos_EXP
EXP,rtt,1,23,14,1.4767300510045188e-22,21.83069888727037,854,-1,0,0,pos_EXP
EXP,para,0,0,11,0.9696301022608874,0.013393910254043113,894,-1,0,0,neg
EXP,para,0,0,12,0.5282469573190962,0.27716299578692655,968,-1,0,0,neg
EXP,para,0,0,13,0.9648490746824396,0.015540615318183633,1015,-1,0,0,neg
EXP,para,0,0,14,0.9167152617160761,0.037765538341304875,928,-1,0,0,neg
EXP,para,0,1,11,0.874131872994021,0.05842304403225037,876,-1,0,0,neg
EXP,para,0,1,12,0.347004784431007,0.45966453720434003,918,-1,0,0,neg
EXP,para,0,1,13,0.7328937174621777,0.13495900116568524,960,-1,0,0,neg
EXP,para,0,1,14,0.5647375351686316,0.24815334600693148,872,-1,0,0,neg
EXP,para,0,2,11,0.36194217260832645,0.44136081102273844,926,-1,0,0,neg
EXP,para,0,2,12,0.23664318436144943,0.6259059992747475,802,-1,0,0,neg
EXP,para,0,2,13,0.3260667432396124,0.48669349424542774,980,-1,0,0,neg
EXP,para,0,2,14,0.9356681746166401,0.028878142163073613,932,-1,0,0,neg
EXP,para,0,3,11,0.02466618832784397,1.6078979569586374,994,-1,0,0,neg
EXP,para,0,3,12,0.3103227724420123,0.5081863533780671,903,-1,0,0,neg
EXP,para,0,3,13,0.03881281198532865,1.411024891517358,954,-1,0,0,neg
EXP,para,0,3,14,0.4960960848353953,0.30443420037984553,1022,-1,0,0,neg
EXP,para,0,4,11,0.9872310521301702,0.005581192900893367,1118,-1,0,0,neg
EXP,para,0,4,12,0.07838732060799675,1.1057541801128943,1017,-1,0,0,neg
EXP,para,0,4,13,0.29050589653006537,0.5368450481119278,965,-1,0,0,neg
EXP,para,0,4,14,0.5526843916635352,0.25752280013708634,863,-1,0,0,neg
EXP,para,0,5,11,0.8863018355986508,0.05241835123777439,816,-1,0,0,neg
EXP,para,0,5,12,0.10294886539105097,0.9873784354191506,844,-1,0,0,neg
EXP,para,0,5,13,0.8003650339295124,0.0967118929283459,939,-1,0,0,neg
EXP,para,0,5,14,0.12109449859663067,0.9168755866950761,887,-1,0,0,neg
EXP,para,0,6,11,0.3531347624785825,0.4520595285158558,1406,-1,0,0,neg
EXP,para,0,6,12,0.7040780869046527,0.15237917206362883,985,-1,0,0,neg
EXP,para,0,6,13,0.5004174914861031,0.3006675184767574,1218,-1,0,0,neg
EXP,para,0,6,14,0.8105262633475709,0.09123290821567528,1152,-1,0,0,neg
EXP,para,0,7,11,0.2555006098265197,0.5926080589579324,897,-1,0,0,neg
EXP,para,0,7,12,0.3209964672435987,0.4934997472370396,905,-1,0,0,neg
EXP,para,0,7,13,0.7583383096823225,0.12013700380062144,1030,-1,0,0,neg
EXP,para,0,7,14,0.32514444002739085,0.48792366803181375,849,-1,0,0,neg
EXP,para,0,8,11,0.9641554962731622,0.01585291866202429,769,-1,0,0,neg
EXP,para,0,8,12,0.1803237089375955,0.7439471685419461,787,-1,0,0,neg
EXP,para,0,8,13,0.022999052663757975,1.6382900523030854,748,-1,0,0,neg
EXP,para,0,8,14,0.10825648137414816,0.9655460927504541,877,-1,0,0,neg
EXP,para,0,9,11,0.3462258974274684,0.46064045035664747,961,-1,0,0,neg
EXP,para,0,9,12,0.14065927151663885,0.8518316361556794,948,-1,0,0,neg
EXP,para,0,9,13,0.28621398710859197,0.5433091463426727,1084,-1,0,0,neg
EXP,para,0,9,14,0.6800622883562765,0.16745130751357537,995,-1,0,0,neg
EXP,para,0,10,11,0.9978880979607365,0.0009181572726998955,889,-1,0,0,neg
EXP,para,0,10,12,0.12439309738843864,0.9052037181121114,846,-1,0,0,neg
EXP,para,0,10,13,0.12424159453183507,0.9057329834551789,977,-1,0,0,neg
EXP,para,0,10,14,0.30894345226361153,0.5101210047734563,967,-1,0,0,neg
EXP,para,0,11,11,0.491467576451296,0.3085051285597603,914,-1,0,0,neg
EXP,para,0,11,12,0.2649476202508704,0.5768399769481297,901,-1,0,0,neg
EXP,para,0,11,13,0.8640358410448545,0.0634682421910557,906,-1,0,0,neg
EXP,para,0,11,14,0.6587660967111347,0.18126875982127305,843,-1,0,0,neg
EXP,para,0,12,11,0.9343628686230998,0.029484428656878958,888,-1,0,0,neg
EXP,para,0,12,12,0.6141846212317209,0.21170106219744214,948,-1,0,0,neg
EXP,para,0,12,13,0.034795165478821694,1.4584810937466859,852,-1,0,0,neg
EXP,para,0,12,14,0.09719227323029035,1.0123682600411414,924,-1,0,0,neg
EXP,para,0,13,11,0.27318054384236473,0.5635502347225346,837,-1,0,0,neg
EXP,para,0,13,12,0.9693971252051845,0.013498272532979194,805,-1,0,0,neg
EXP,para,0,13,13,0.5658655993530435,0.24728670731093755,819,-1,0,0,neg
EXP,para,0,13,14,0.24976833444572763,0.6024626221956639,1020,-1,0,0,neg
EXP,para,0,14,11,0.4383999489824964,0.3581295050634263,851,-1,0,0,neg
EXP,para,0,14,12,0.8270539256536812,0.08246617261153294,977,-1,0,0,neg
EXP,para,0,14,13,0.4568331499069925,0.34024238922078953,953,-1,0,0,neg
EXP,para,0,14,14,0.28092356867372714,0.551411823220783,937,-1,0,0,neg
EXP,para,0,15,11,0.8852873530955552,0.05291573991462091,1037,-1,0,0,neg
EXP,para,0,15,12,0.9268686033718869,0.03298182882768117,1024,-1,0,0,neg
EXP,para,0,15,13,0.9430301901782939,0.02547440353206315,962,-1,0,0,neg
EXP,para,0,15,14,0.9058052875541666,0.04296514849199413,934,-1,0,0,neg
EXP,para,0,16,11,0.16288895411647691,0.7881083652244047,980,-1,0,0,neg
EXP,para,0,16,12,0.3596742073988383,0.44409070476138135,914,-1,0,0,neg
EXP,para,0,16,13,0.19093803538759305,0.7191075503199633,851,-1,0,0,neg
EXP,para,0,16,14,0.41922165037704795,0.3775562966434069,812,-1,0,0,neg
EXP,para,0,17,11,0.48625963101476133,0.31313178380475765,865,-1,0,0,neg
EXP,para,0,17,12,0.45488937073602664,0.34209421108084487,799,-1,0,0,neg
EXP,para,0,17,13,0.5083863054678079,0.2938061566622204,816,-1,0,0,neg
EXP,para,0,17,14,0.43834010849748867,0.35818878920871405,825,-1,0,0,neg
EXP,para,0,18,11,0.34443976109708296,0.46288672066688874,964,-1,0,0,neg
EXP,para,0,18,12,0.8168094409728438,0.08787925116268118,976,-1,0,0,neg
EXP,para,0,18,13,0.5532901546467973,0.25704705763802566,1035,-1,0,0,neg
EXP,para,0,18,14,0.5929459494734433,0.2269848933394219,970,-1,0,0,neg
EXP,para,0,19,11,0.2012060571494458,0.6963589493269248,823,-1,0,0,neg
EXP,para,0,19,12,0.7827105214929696,0.10639882818902703,927,-1,0,0,neg
EXP,para,0,19,13,0.3441733507236218,0.46322276004488594,798,-1,0,0,neg
EXP,para,0,19,14,0.6235738498777943,0.20511210562543705,955,-1,0,0,neg
EXP,para,0,20,11,0.3827454016291436,0.41709001828896997,955,-1,0,0,neg
EXP,para,0,20,12,0.03917275327594029,1.4070159027813218,1214,-1,0,0,neg
EXP,para,0,20,13,0.16926339467365134,0.7714369533508004,844,-1,0,0,neg
EXP,para,0,20,14,0.8164142186260471,0.08808944024080315,939,-1,0,0,neg
EXP,para,0,21,11,0.1117810973937427,0.9516316310798607,943,-1,0,0,neg
EXP,para,0,21,12,0.36930206525995496,0.432618263623069,966,-1,0,0,neg
EXP,para,0,21,13,0.30891478405544015,0.5101613067194108,869,-1,0,0,neg
EXP,para,0,21,14,0.742919848216392,0.12905803866879523,874,-1,0,0,neg
EXP,para,0,22,11,0.11050253734754062,0.9566277496405541,883,-1,0,0,neg
EXP,para,0,22,12,0.41392054407239853,0.38308301777450426,1045,-1,0,0,neg
EXP,para,0,22,13,0.16795833603665375,0.774798436568505,1020,-1,0,0,neg
EXP,para,0,22,14,0.5647870644187174,0.2481152586912117,969,-1,0,0,neg
EXP,para,0,23,11,0.17377036781907848,0.7600242796126067,879,-1,0,0,neg
EXP,para,0,23,12,0.814028692224497,0.08936028718062113,897,-1,0,0,neg
EXP,para,0,23,13,0.6791707396047797,0.1680210328670439,952,-1,0,0,neg
EXP,para,0,23,14,0.14382344701552413,0.8421703067252315,841,-1,0,0,neg
EXP,para,1,0,11,3.908714587838935e-18,17.407966040351074,915,-1,0,0,pos_EXP
EXP,para,1,0,12,8.161039130804457e-24,23.088254539770375,856,-1,0,0,pos_EXP
EXP,para,1,0,13,1.6430751060014014e-22,21.784342584235993,860,-1,0,0,pos_EXP
EXP,para,1,0,14,9.236454462383613e-20,19.034494706585335,852,-1,0,0,pos_EXP
EXP,para,1,1,11,2.6857208325708646e-32,31.57093913208986,888,-1,0,0,pos_EXP
EXP,para,1,1,12,2.6857208325708646e-32,31.57093913208986,888,-1,0,0,pos_EXP
EXP,para,1,1,13,6.636895355743602e-33,32.17803502984649,887,-1,0,0,pos_EXP
EXP,para,1,1,14,5.878237928612218e-22,21.230752839326332,884,-1,0,0,pos_EXP
EXP,para,1,2,11,1.9828165581348e-58,57.70271746303875,726,-1,0,0,pos_EXP
EXP,para,1,2,12,1.604999512604307e-51,50.79452509514278,731,-1,0,0,pos_EXP
EXP,para,1,2,13,8.309087437182107e-48,47.08044667089204,744,-1,0,0,pos_EXP
EXP,para,1,2,14,1.6845742557528446e-40,39.773509840632435,714,-1,0,0,pos_EXP
EXP,para,1,3,11,4.815894383729265e-26,25.317323046058068,952,-1,0,0,pos_EXP
EXP,para,1,3,12,8.540347697479723e-23,22.06852444780948,937,-1,0,0,pos_EXP
EXP,para,1,3,13,8.45106652361745e-45,44.073088479678276,957,-1,0,0,pos_EXP
EXP,para,1,3,14,1.481538113023784e-22,21.829287171681056,947,-1,0,0,pos_EXP
EXP,para,1,4,11,1.3239578449993254e-14,13.878125842672478,936,-1,0,0,pos_EXP
EXP,para,1,4,12,3.699243634564525e-30,29.431887064828814,954,-1,0,0,pos_EXP
EXP,para,1,4,13,1.2660129938770711e-20,19.89756183686199,917,-1,0,0,pos_EXP
EXP,para,1,4,14,1.7285963752561022e-14,13.76230640201969,917,-1,0,0,pos_EXP
EXP,para,1,5,11,1.384363292607904e-21,20.85874992485695,859,-1,0,0,pos_EXP
EXP,para,1,5,12,2.723091618785438e-15,14.564937746517698,868,-1,0,0,pos_EXP
EXP,para,1,5,13,1.4184134273022797e-18,17.848197166172167,875,-1,0,0,pos_EXP
EXP,para,1,5,14,3.3795711028118665e-23,22.47113841200078,842,-1,0,0,pos_EXP
EXP,para,1,6,11,1.5243349334675484e-31,30.816919597448475,969,-1,0,0,pos_EXP
EXP,para,1,6,12,6.239208712556016e-33,32.204870486208826,952,-1,0,0,pos_EXP
EXP,para,1,6,13,4.0270546484483195e-14,13.395012476834458,964,-1,0,0,pos_EXP
EXP,para,1,6,14,7.863986562431943e-36,35.10435723727493,951,-1,0,0,pos_EXP
EXP,para,1,7,11,1.244660135201607e-86,85.90494922009965,895,-1,0,0,pos_EXP
EXP,para,1,7,12,1.244660135201607e-86,85.90494922009965,895,-1,0,0,pos_EXP
EXP,para,1,7,13,1.244660135201607e-86,85.90494922009965,895,-1,0,0,pos_EXP
EXP,para,1,7,14,1.244660135201607e-86,85.90494922009965,895,-1,0,0,pos_EXP
EXP,para,1,8,11,2.1510006730498945e-20,19.667359453721414,751,-1,0,0,pos_EXP
EXP,para,1,8,12,2.1510006730498945e-20,19.667359453721414,751,-1,0,0,pos_EXP
EXP,para,1,8,13,2.1510006730498945e-20,19.667359453721414,751,-1,0,0,pos_EXP
EXP,para,1,8,14,2.1510006730498945e-20,19.667359453721414,751,-1,0,0,pos_EXP
EXP,para,1,9,11,5.4160533655243e-26,25.266317065106048,948,-1,0,0,pos_EXP
EXP,para,1,9,12,6.736684473418108e-14,13.171553793253294,903,-1,0,0,pos_EXP
EXP,para,1,9,13,1.5301085265333184e-18,17.815277764735978,919,-1,0,0,pos_EXP
EXP,para,1,9,14,5.758337625029685e-17,16.239702874993075,937,-1,0,0,pos_EXP
EXP,para,1,10,11,1.609547311473789e-62,61.79329625301999,894,-1,0,0,pos_EXP
EXP,para,1,10,12,6.386781682318642e-90,89.19471792896255,920,-1,0,0,pos_EXP
EXP,para,1,10,13,1.670418090737194e-87,86.7771748152147,929,-1,0,0,pos_EXP
EXP,para,1,10,14,2.8767029292802336e-95,94.54110498442031,928,-1,0,0,pos_EXP
EXP,para,1,11,11,3.810589564712282e-42,41.41900782618975,747,-1,0,0,pos_EXP
EXP,para,1,11,12,3.810589564712282e-42,41.41900782618975,747,-1,0,0,pos_EXP
EXP,para,1,11,13,3.810589564712282e-42,41.41900782618975,747,-1,0,0,pos_EXP
EXP,para,1,11,14,3.810589564712282e-42,41.41900782618975,747,-1,0,0,pos_EXP
EXP,para,1,12,11,3.549330299758653e-30,29.449853583439737,863,-1,0,0,pos_EXP
EXP,para,1,12,12,9.211178424787369e-25,24.03568480512956,837,-1,0,0,pos_EXP
EXP,para,1,12,13,6.871016245464851e-30,29.162979024635135,863,-1,0,0,pos_EXP
EXP,para,1,12,14,3.549330299758653e-30,29.449853583439737,863,-1,0,0,pos_EXP
EXP,para,1,13,11,4.1961682588050414e-71,70.3771471057012,834,-1,0,0,pos_EXP
EXP,para,1,13,12,4.1961682588050414e-71,70.3771471057012,834,-1,0,0,pos_EXP
EXP,para,1,13,13,6.379091690519547e-31,30.19524115542902,883,-1,0,0,pos_EXP
EXP,para,1,13,14,4.1961682588050414e-71,70.3771471057012,834,-1,0,0,pos_EXP
EXP,para,1,14,11,1.263607761789933e-36,35.898387715077604,905,-1,0,0,pos_EXP
EXP,para,1,14,12,1.263607761789933e-36,35.898387715077604,905,-1,0,0,pos_EXP
EXP,para,1,14,13,1.263607761789933e-36,35.898387715077604,905,-1,0,0,pos_EXP
EXP,para,1,14,14,1.263607761789933e-36,35.898387715077604,905,-1,0,0,pos_EXP
EXP,para,1,15,11,8.277368012430265e-13,12.082107735605218,937,-1,0,0,pos_EXP
EXP,para,1,15,12,2.468328898622289e-21,20.60759697213479,955,-1,0,0,pos_EXP
EXP,para,1,15,13,9.281873316591972e-23,22.03236436333355,958,-1,0,0,pos_EXP
EXP,para,1,15,14,1.1928664750981462e-09,8.923408166869047,954,-1,0,0,pos_EXP
EXP,para,1,16,11,7.286407417228585e-105,104.13748654897286,954,-1,0,0,pos_EXP
EXP,para,1,16,12,7.286407417228585e-105,104.13748654897286,954,-1,0,0,pos_EXP
EXP,para,1,16,13,3.798477499049594e-101,100.42039044187192,950,-1,0,0,pos_EXP
EXP,para,1,16,14,5.973338169386875e-65,64.22378289778577,946,-1,0,0,pos_EXP
EXP,para,1,17,11,9.489547795045412e-06,5.022754482493221,1033,-1,0,0,pos_EXP
EXP,para,1,17,12,5.693596258618277e-13,12.244613332565066,973,-1,0,0,pos_EXP
EXP,para,1,17,13,3.8731314836887473e-20,19.411937759489202,1187,-1,0,0,pos_EXP
EXP,para,1,17,14,4.336808336558142e-38,37.362829770891246,1245,-1,0,0,pos_EXP
EXP,para,1,18,11,4.628139016825327e-21,20.334593604488354,873,-1,0,0,pos_EXP
EXP,para,1,18,12,2.5471535456614804e-09,8.593944874422501,967,-1,0,0,pos_EXP
EXP,para,1,18,13,2.9485177035612822e-15,14.530396260276918,901,-1,0,0,pos_EXP
EXP,para,1,18,14,3.020714795522482e-19,18.51989027723514,868,-1,0,0,pos_EXP
EXP,para,1,19,11,1.1447918888756791e-61,60.94127345631765,894,-1,0,0,pos_EXP
EXP,para,1,19,12,1.1447918888756791e-61,60.94127345631765,894,-1,0,0,pos_EXP
EXP,para,1,19,13,1.1447918888756791e-61,60.94127345631765,894,-1,0,0,pos_EXP
EXP,para,1,19,14,1.1447918888756791e-61,60.94127345631765,894,-1,0,0,pos_EXP
EXP,para,1,20,11,5.740972128311223e-25,24.24101456157168,849,-1,0,0,pos_EXP
EXP,para,1,20,12,5.740972128311223e-25,24.24101456157168,849,-1,0,0,pos_EXP
EXP,para,1,20,13,5.740972128311223e-25,24.24101456157168,849,-1,0,0,pos_EXP
EXP,para,1,20,14,5.740972128311223e-25,24.24101456157168,849,-1,0,0,pos_EXP
EXP,para,1,21,11,1.989081225325977e-63,62.70134748183756,860,-1,0,0,pos_EXP
EXP,para,1,21,12,1.989081225325977e-63,62.70134748183756,860,-1,0,0,pos_EXP
EXP,para,1,21,13,1.989081225325977e-63,62.70134748183756,860,-1,0,0,pos_EXP
EXP,para,1,21,14,1.989081225325977e-63,62.70134748183756,860,-1,0,0,pos_EXP
EXP,para,1,22,11,9.436874865650615e-24,23.025171803722017,926,-1,0,0,pos_EXP
EXP,para,1,22,12,3.570693272332578e-52,51.447247454723126,925,-1,0,0,pos_EXP
EXP,para,1,22,13,8.511380417555686e-69,68.06999999818697,950,-1,0,0,pos_EXP
EXP,para,1,22,14,1.6091618251640765e-31,30.79340027893277,888,-1,0,0,pos_EXP
EXP,para,1,23,11,9.001205913871187e-59,58.04569930315443,964,-1,0,0,pos_EXP
EXP,para,1,23,12,5.249060501463328e-103,102.27991842145929,984,-1,0,0,pos_EXP
EXP,para,1,23,13,3.636764278030631e-75,74.43928484743806,932,-1,0,0,pos_EXP
EXP,para,1,23,14,9.516901550275597e-49,48.02150442332206,966,-1,0,0,pos_EXP
EXP,launder,0,0,11,0.9179693843210668,0.037171802940525064,896,-1,0,0,neg
EXP,launder,0,0,12,0.8446957420701854,0.0732996949970443,951,-1,0,0,neg
EXP,launder,0,0,13,0.9766524216961222,0.0102599687244801,1018,-1,0,0,neg
EXP,launder,0,0,14,0.9167152617160761,0.037765538341304875,928,-1,0,0,neg
EXP,launder,0,1,11,0.999265270808479,0.0003192061129603908,856,-1,0,0,neg
EXP,launder,0,1,12,0.3398442161221038,0.46872011702501953,900,-1,0,0,neg
EXP,launder,0,1,13,0.7275850939876293,0.13811620689446874,940,-1,0,0,neg
EXP,launder,0,1,14,0.6792610865684968,0.16796326450929355,856,-1,0,0,neg
EXP,launder,0,2,11,0.2932318432534495,0.5327888696436696,896,-1,0,0,neg
EXP,launder,0,2,12,0.37952287153750863,0.4207620466901705,799,-1,0,0,neg
EXP,launder,0,2,13,0.4617272447045696,0.335614498687407,855,-1,0,0,neg
EXP,launder,0,2,14,0.8845563916549789,0.053274475016652244,953,-1,0,0,neg
EXP,launder,0,3,11,0.005287786296186474,2.276726105009254,983,-1,0,0,neg
EXP,launder,0,3,12,0.3103227724420123,0.5081863533780671,903,-1,0,0,neg
EXP,launder,0,3,13,0.07347291013219723,1.133872758177605,952,-1,0,0,neg
EXP,launder,0,3,14,0.4960960848353953,0.30443420037984553,1022,-1,0,0,neg
EXP,launder,0,4,11,0.9760190950095224,0.010541685636437799,1118,-1,0,0,neg
EXP,launder,0,4,12,0.062252905057781506,1.205840377226187,1012,-1,0,0,neg
EXP,launder,0,4,13,0.05942226156594614,1.2260508233011191,912,-1,0,0,neg
EXP,launder,0,4,14,0.30256285965126994,0.5191843837763436,848,-1,0,0,neg
EXP,launder,0,5,11,0.8966523793935849,0.04737589471721166,816,-1,0,0,neg
EXP,launder,0,5,12,0.0682208381964648,1.1660829489294555,876,-1,0,0,neg
EXP,launder,0,5,13,0.8003650339295124,0.0967118929283459,939,-1,0,0,neg
EXP,launder,0,5,14,0.08204404711847015,1.0859529246339068,868,-1,0,0,neg
EXP,launder,0,6,11,0.2176226759420116,0.6622958538111978,1423,-1,0,0,neg
EXP,launder,0,6,12,0.9407579908354219,0.02652208407799896,812,-1,0,0,neg
EXP,launder,0,6,13,0.36162275795745447,0.4417442459391191,1198,-1,0,0,neg
EXP,launder,0,6,14,0.8497479288974229,0.07070988525566096,1203,-1,0,0,neg
EXP,launder,0,7,11,0.19650243788444358,0.7066320572315894,893,-1,0,0,neg
EXP,launder,0,7,12,0.6964727480191347,0.15709587222847216,830,-1,0,0,neg
EXP,launder,0,7,13,0.7820519627782359,0.10676438965356873,967,-1,0,0,neg
EXP,launder,0,7,14,0.26714821820679313,0.5732477180767639,854,-1,0,0,neg
EXP,launder,0,8,11,0.9641554962731622,0.01585291866202429,769,-1,0,0,neg
EXP,launder,0,8,12,0.22060692252887823,0.6563808637502151,793,-1,0,0,neg
EXP,launder,0,8,13,0.01718675374399042,1.7648061456636615,764,-1,0,0,neg
EXP,launder,0,8,14,0.43658505873148423,0.35993113125056925,902,-1,0,0,neg
EXP,launder,0,9,11,0.4140503707341118,0.3829468221612532,941,-1,0,0,neg
EXP,launder,0,9,12,0.17515907987697424,0.7565673448535267,951,-1,0,0,neg
EXP,launder,0,9,13,0.09465421154450136,1.0238600577715449,1037,-1,0,0,neg
EXP,launder,0,9,14,0.5884315879980344,0.23030402165997618,981,-1,0,0,neg
EXP,launder,0,10,11,0.9980169720565705,0.0008620731336298409,875,-1,0,0,neg
EXP,launder,0,10,12,0.05912236711702787,1.228248186161216,853,-1,0,0,neg
EXP,launder,0,10,13,0.21697054844953964,0.6635992132201771,965,-1,0,0,neg
EXP,launder,0,10,14,0.6956281268849439,0.15762286614033658,957,-1,0,0,neg
EXP,launder,0,11,11,0.491467576451296,0.3085051285597603,914,-1,0,0,neg
EXP,launder,0,11,12,0.15395018128156546,0.8126197953639842,885,-1,0,0,neg
EXP,launder,0,11,13,0.9667605563412425,0.014681077040549348,908,-1,0,0,neg
EXP,launder,0,11,14,0.6587660967111347,0.18126875982127305,843,-1,0,0,neg
EXP,launder,0,12,11,0.933545263113243,0.029864620356832964,888,-1,0,0,neg
EXP,launder,0,12,12,0.6506580389981118,0.18664720005756583,949,-1,0,0,neg
EXP,launder,0,12,13,0.5422619609017866,0.26579085979075423,853,-1,0,0,neg
EXP,launder,0,12,14,0.0009876415370925521,3.005400653297876,861,-1,0,0,neg
EXP,launder,0,13,11,0.14608843525369677,0.8353841626029809,819,-1,0,0,neg
EXP,launder,0,13,12,0.9821028115887905,0.007843045646366788,782,-1,0,0,neg
EXP,launder,0,13,13,0.7621582977402642,0.11795481777424205,805,-1,0,0,neg
EXP,launder,0,13,14,0.1822213382072987,0.7394007682901699,1004,-1,0,0,neg
EXP,launder,0,14,11,0.8688504230937588,0.06105498306377243,853,-1,0,0,neg
EXP,launder,0,14,12,0.9005276292911805,0.045502957953142076,973,-1,0,0,neg
EXP,launder,0,14,13,0.4568331499069925,0.34024238922078953,953,-1,0,0,neg
EXP,launder,0,14,14,0.3134142903254713,0.5038812054806814,942,-1,0,0,neg
EXP,launder,0,15,11,0.5844104734393787,0.23328200951363018,1018,-1,0,0,neg
EXP,launder,0,15,12,0.908943393060141,0.041463162814471266,1025,-1,0,0,neg
EXP,launder,0,15,13,0.9812920989809286,0.00820169792779878,998,-1,0,0,neg
EXP,launder,0,15,14,0.9065115784167288,0.04262664450793037,906,-1,0,0,neg
EXP,launder,0,16,11,0.16288895411647691,0.7881083652244047,980,-1,0,0,neg
EXP,launder,0,16,12,0.3596742073988383,0.44409070476138135,914,-1,0,0,neg
EXP,launder,0,16,13,0.10891453428436433,0.962914161214742,814,-1,0,0,neg
EXP,launder,0,16,14,0.11676474834239674,0.932688252353342,806,-1,0,0,neg
EXP,launder,0,17,11,0.804334525152563,0.0945632892964157,851,-1,0,0,neg
EXP,launder,0,17,12,0.6246538081665564,0.2043606080288212,804,-1,0,0,neg
EXP,launder,0,17,13,0.7518097978844975,0.12389201868679273,819,-1,0,0,neg
EXP,launder,0,17,14,0.33554984131016935,0.47424296223625734,836,-1,0,0,neg
EXP,launder,0,18,11,0.34443976109708296,0.46288672066688874,964,-1,0,0,neg
EXP,launder,0,18,12,0.8168094409728438,0.08787925116268118,976,-1,0,0,neg
EXP,launder,0,18,13,0.7207032843890409,0.14224349876921505,1012,-1,0,0,neg
EXP,launder,0,18,14,0.7982643415073615,0.09785327024350116,972,-1,0,0,neg
EXP,launder,0,19,11,0.031940967707722236,1.4956519302840297,865,-1,0,0,neg
EXP,launder,0,19,12,0.8014251780015147,0.09613701766154623,927,-1,0,0,neg
EXP,launder,0,19,13,0.31124977057091596,0.5068909600241491,797,-1,0,0,neg
EXP,launder,0,19,14,0.9147457126441655,0.03869961734760727,914,-1,0,0,neg
EXP,launder,0,20,11,0.389376669029451,0.4096300744269903,955,-1,0,0,neg
EXP,launder,0,20,12,0.03578563328926364,1.446291292782887,1133,-1,0,0,neg
EXP,launder,0,20,13,0.16926339467365134,0.7714369533508004,844,-1,0,0,neg
EXP,launder,0,20,14,0.7753410429672136,0.11050722588165468,967,-1,0,0,neg
EXP,launder,0,21,11,0.5471250596482564,0.26191339303150085,926,-1,0,0,neg
EXP,launder,0,21,12,0.8273009277167059,0.08233648866426019,962,-1,0,0,neg
EXP,launder,0,21,13,0.3303662742257346,0.48100429447895143,847,-1,0,0,neg
EXP,launder,0,21,14,0.5397233737597085,0.26782877356892887,855,-1,0,0,neg
EXP,launder,0,22,11,0.11023934976356074,0.9576633570740614,883,-1,0,0,neg
EXP,launder,0,22,12,0.24816812480682357,0.6052540008771482,1001,-1,0,0,neg
EXP,launder,0,22,13,0.09251770124692155,1.033775166521606,946,-1,0,0,neg
EXP,launder,0,22,14,0.5577326894657788,0.2535739001766341,994,-1,0,0,neg
EXP,launder,0,23,11,0.19132464407612934,0.718229085921765,868,-1,0,0,neg
EXP,launder,0,23,12,0.8881324499146291,0.051522261724098586,911,-1,0,0,neg
EXP,launder,0,23,13,0.6791707396047797,0.1680210328670439,952,-1,0,0,neg
EXP,launder,0,23,14,0.18042893806317023,0.7436938069644292,839,-1,0,0,neg
EXP,launder,1,0,11,0.0007661708810720467,3.115674357743231,900,-1,0,0,pos_EXP
EXP,launder,1,0,12,1.7492103468526607e-22,21.757157962399827,863,-1,0,0,pos_EXP
EXP,launder,1,0,13,9.073671703689498e-13,12.04221693808029,902,-1,0,0,pos_EXP
EXP,launder,1,0,14,4.496244855570126e-21,20.347150046076138,938,-1,0,0,pos_EXP
EXP,launder,1,1,11,9.727017193145096e-06,5.01202031647967,899,-1,0,0,pos_EXP
EXP,launder,1,1,12,2.0516678591504934e-06,5.687892945028771,899,-1,0,0,pos_EXP
EXP,launder,1,1,13,1.5330468510526913e-22,21.814444572580236,879,-1,0,0,pos_EXP
EXP,launder,1,1,14,1.5921595481582655e-26,25.798013414354102,906,-1,0,0,pos_EXP
EXP,launder,1,2,11,1.26721038629098e-32,31.897151276182,706,-1,0,0,pos_EXP
EXP,launder,1,2,12,6.337880968971468e-46,45.19805592150487,720,-1,0,0,pos_EXP
EXP,launder,1,2,13,1.479204746637344e-76,75.82997170823403,949,-1,0,0,pos_EXP
EXP,launder,1,2,14,2.9448988397718746e-40,39.53092961907159,692,-1,0,0,pos_EXP
EXP,launder,1,3,11,3.6588856944244185e-22,21.43665115789687,924,-1,0,0,pos_EXP
EXP,launder,1,3,12,5.755918773716569e-16,15.239885343362184,956,-1,0,0,pos_EXP
EXP,launder,1,3,13,1.3911557074703063e-28,27.856624258138364,968,-1,0,0,pos_EXP
EXP,launder,1,3,14,1.3659554302162786e-21,20.864563471025583,928,-1,0,0,pos_EXP
EXP,launder,1,4,11,8.212137184337742e-09,8.085543804320533,821,-1,0,0,pos_EXP
EXP,launder,1,4,12,9.064138195767573e-07,6.042673481652851,827,-1,0,0,pos_EXP
EXP,launder,1,4,13,8.477952935523891e-10,9.071708998701864,844,-1,0,0,pos_EXP
EXP,launder,1,4,14,1.818461444612644e-13,12.740295902511102,965,-1,0,0,pos_EXP
EXP,launder,1,5,11,1.837409576118575e-11,10.735794024520787,1032,-1,0,0,pos_EXP
EXP,launder,1,5,12,6.637508945588054e-21,20.177994880597193,860,-1,0,0,pos_EXP
EXP,launder,1,5,13,5.90924630266804e-17,16.22846790786086,765,-1,0,0,pos_EXP
EXP,launder,1,5,14,1.139905281350476e-19,18.943131234186186,859,-1,0,0,pos_EXP
EXP,launder,1,6,11,1.7857389717484397e-12,11.748182023282988,1015,-1,0,0,pos_EXP
EXP,launder,1,6,12,2.6013473220710306e-20,19.584801658573582,959,-1,0,0,pos_EXP
EXP,launder,1,6,13,2.0355878659889786e-20,19.69131014659307,954,-1,0,0,pos_EXP
EXP,launder,1,6,14,5.388268563976756e-13,12.26855076615128,982,-1,0,0,pos_EXP
EXP,launder,1,7,11,1.244660135201607e-86,85.90494922009965,895,-1,0,0,pos_EXP
EXP,launder,1,7,12,1.244660135201607e-86,85.90494922009965,895,-1,0,0,pos_EXP
EXP,launder,1,7,13,1.244660135201607e-86,85.90494922009965,895,-1,0,0,pos_EXP
EXP,launder,1,7,14,5.4298824443335205e-80,79.26520957268185,902,-1,0,0,pos_EXP
EXP,launder,1,8,11,1.0210094663706828e-11,10.990970231298503,985,-1,0,0,pos_EXP
EXP,launder,1,8,12,0.00044084095155627146,3.3557180688549435,898,-1,0,0,pos_EXP
EXP,launder,1,8,13,2.1510006730498945e-20,19.667359453721414,751,-1,0,0,pos_EXP
EXP,launder,1,8,14,0.0028752106628266347,2.541330329634732,884,-1,0,0,pos_EXP
EXP,launder,1,9,11,3.768768245465468e-14,13.42380056799218,906,-1,0,0,pos_EXP
EXP,launder,1,9,12,2.3818138061709825e-14,13.623092191683249,897,-1,0,0,pos_EXP
EXP,launder,1,9,13,1.3414202499580353e-11,10.8724351418759,896,-1,0,0,pos_EXP
EXP,launder,1,9,14,1.620238997729929e-14,13.790420918951437,914,-1,0,0,pos_EXP
EXP,launder,1,10,11,3.0469076097947863e-33,32.516140714521875,569,-1,0,0,pos_EXP
EXP,launder,1,10,12,6.725466862775073e-40,39.1722775627918,553,-1,0,0,pos_EXP
EXP,launder,1,10,13,2.5763439134019983e-28,27.588996163935143,563,-1,0,0,pos_EXP
EXP,launder,1,10,14,4.311210628646887e-20,19.36540075872243,559,-1,0,0,pos_EXP
EXP,launder,1,11,11,1.1627049008856336e-41,40.934530496947694,741,-1,0,0,pos_EXP
EXP,launder,1,11,12,3.810589564712282e-42,41.41900782618975,747,-1,0,0,pos_EXP
EXP,launder,1,11,13,3.810589564712282e-42,41.41900782618975,747,-1,0,0,pos_EXP
EXP,launder,1,11,14,3.810589564712282e-42,41.41900782618975,747,-1,0,0,pos_EXP
EXP,launder,1,12,11,3.549330299758653e-30,29.449853583439737,863,-1,0,0,pos_EXP
EXP,launder,1,12,12,2.1372922499509938e-23,22.67013608903712,833,-1,0,0,pos_EXP
EXP,launder,1,12,13,3.6441450730898303e-28,27.438404342130358,856,-1,0,0,pos_EXP
EXP,launder,1,12,14,5.020518596323628e-25,24.299251419928883,869,-1,0,0,pos_EXP
EXP,launder,1,13,11,1.6578020399966586e-07,6.780467330281491,753,-1,0,0,pos_EXP
EXP,launder,1,13,12,0.01189427304945229,1.924662095893133,800,-1,0,0,pos_EXP
EXP,launder,1,13,13,0.010342835595173091,1.9853603786009526,851,-1,0,0,pos_EXP
EXP,launder,1,13,14,2.2799301061446523e-17,16.64207846658769,826,-1,0,0,pos_EXP
EXP,launder,1,14,11,1.263607761789933e-36,35.898387715077604,905,-1,0,0,pos_EXP
EXP,launder,1,14,12,1.263607761789933e-36,35.898387715077604,905,-1,0,0,pos_EXP
EXP,launder,1,14,13,5.565420469476882e-32,31.254502018988678,916,-1,0,0,pos_EXP
EXP,launder,1,14,14,1.263607761789933e-36,35.898387715077604,905,-1,0,0,pos_EXP
EXP,launder,1,15,11,8.677393984466827e-15,14.061610683590553,974,-1,0,0,pos_EXP
EXP,launder,1,15,12,8.560254945703491e-14,13.067513300759364,967,-1,0,0,pos_EXP
EXP,launder,1,15,13,5.873256422874048e-09,8.231121037704945,972,-1,0,0,pos_EXP
EXP,launder,1,15,14,2.577245044001265e-05,4.58884428684368,937,-1,0,0,pos_EXP
EXP,launder,1,16,11,2.7146156429324138e-83,82.56629165262034,930,-1,0,0,pos_EXP
EXP,launder,1,16,12,1.8407856743100585e-63,62.734996774170085,928,-1,0,0,pos_EXP
EXP,launder,1,16,13,1.970932221254855e-46,45.70532831049536,935,-1,0,0,pos_EXP
EXP,launder,1,16,14,4.35674396231701e-69,68.36083796198763,930,-1,0,0,pos_EXP
EXP,launder,1,17,11,9.757216411312449e-13,12.01067406241842,1091,-1,0,0,pos_EXP
EXP,launder,1,17,12,5.979531879868048e-08,7.22333281433064,971,-1,0,0,pos_EXP
EXP,launder,1,17,13,0.24064516253900725,0.6186228641080914,750,-1,0,0,pos_EXP
EXP,launder,1,17,14,5.720571149975176e-08,7.242560608462317,1168,-1,0,0,pos_EXP
EXP,launder,1,18,11,1.2824871029978588e-17,16.891946993565096,979,-1,0,0,pos_EXP
EXP,launder,1,18,12,1.0922572863353346e-20,19.961675049475183,982,-1,0,0,pos_EXP
EXP,launder,1,18,13,2.087246129386962e-15,14.680426335634152,944,-1,0,0,pos_EXP
EXP,launder,1,18,14,2.2818253271551655e-15,14.641717603719767,891,-1,0,0,pos_EXP
EXP,launder,1,19,11,1.1447918888756791e-61,60.94127345631765,894,-1,0,0,pos_EXP
EXP,launder,1,19,12,1.1447918888756791e-61,60.94127345631765,894,-1,0,0,pos_EXP
EXP,launder,1,19,13,1.1447918888756791e-61,60.94127345631765,894,-1,0,0,pos_EXP
EXP,launder,1,19,14,1.3749868604616607e-35,34.86170145198373,878,-1,0,0,pos_EXP
EXP,launder,1,20,11,5.740972128311223e-25,24.24101456157168,849,-1,0,0,pos_EXP
EXP,launder,1,20,12,7.557264264495552e-24,23.12163539098779,847,-1,0,0,pos_EXP
EXP,launder,1,20,13,5.740972128311223e-25,24.24101456157168,849,-1,0,0,pos_EXP
EXP,launder,1,20,14,5.740972128311223e-25,24.24101456157168,849,-1,0,0,pos_EXP
EXP,launder,1,21,11,1.4022291946642315e-36,35.85318099504072,782,-1,0,0,pos_EXP
EXP,launder,1,21,12,3.482480113730494e-51,50.45811135488154,771,-1,0,0,pos_EXP
EXP,launder,1,21,13,5.977917474833691e-28,27.22345008469181,945,-1,0,0,pos_EXP
EXP,launder,1,21,14,2.9248391802828067e-44,43.53389800822654,827,-1,0,0,pos_EXP
EXP,launder,1,22,11,1.823149193637059e-19,18.739177790301635,914,-1,0,0,pos_EXP
EXP,launder,1,22,12,6.057363520645905e-10,9.217716362233478,894,-1,0,0,pos_EXP
EXP,launder,1,22,13,1.7462702609425838e-12,11.757888541986128,953,-1,0,0,pos_EXP
EXP,launder,1,22,14,4.986165882473456e-07,6.30223327724731,961,-1,0,0,pos_EXP
EXP,launder,1,23,11,4.99127496678669e-22,21.30178850441382,798,-1,0,0,pos_EXP
EXP,launder,1,23,12,4.630489616528196e-45,44.334373085328885,820,-1,0,0,pos_EXP
EXP,launder,1,23,13,1.1189474349271336e-35,34.9511903149527,812,-1,0,0,pos_EXP
EXP,launder,1,23,14,2.620160848311645e-29,28.581672047081035,820,-1,0,0,pos_EXP
EXP,launder_api,0,0,11,0.45399694055719353,0.3429470738028202,910,-1,0,0,neg
EXP,launder_api,0,0,12,0.5961162299806825,0.22466905382041713,951,-1,0,0,neg
EXP,launder_api,0,0,13,0.6839619714548412,0.1649680445466166,991,-1,0,0,neg
EXP,launder_api,0,0,14,0.7889172282514487,0.10296855978088447,865,-1,0,0,neg
EXP,launder_api,0,1,11,0.7516873618673959,0.1239627514931517,863,-1,0,0,neg
EXP,launder_api,0,1,12,0.6693952414694749,0.1743173792368231,963,-1,0,0,neg
EXP,launder_api,0,1,13,0.9222098088160477,0.03517026284527227,984,-1,0,0,neg
EXP,launder_api,0,1,14,0.40845606899703973,0.3888546466423182,858,-1,0,0,neg
EXP,launder_api,0,2,11,0.9755597040096168,0.010746146742574356,907,-1,0,0,neg
EXP,launder_api,0,2,12,0.907100960786395,0.04234437305870405,839,-1,0,0,neg
EXP,launder_api,0,2,13,0.5415969729255858,0.26632377165930105,989,-1,0,0,neg
EXP,launder_api,0,2,14,0.6632297344196396,0.17833601140094638,945,-1,0,0,neg
EXP,launder_api,0,3,11,0.4029714479453041,0.3947257241791996,945,-1,0,0,neg
EXP,launder_api,0,3,12,0.25474186369078067,0.5938996782170267,905,-1,0,0,neg
EXP,launder_api,0,3,13,0.9057346881286166,0.04299899918407821,923,-1,0,0,neg
EXP,launder_api,0,3,14,0.4406063489197288,0.3559492491713191,1011,-1,0,0,neg
EXP,launder_api,0,4,11,0.20226184664321412,0.6940860319846514,942,-1,0,0,neg
EXP,launder_api,0,4,12,0.7842021095778395,0.10557199374101157,922,-1,0,0,neg
EXP,launder_api,0,4,13,0.09372028875522914,1.0281663819977227,921,-1,0,0,neg
EXP,launder_api,0,4,14,0.003946875925118639,2.4037465259691366,882,-1,0,0,neg
EXP,launder_api,0,5,11,0.3588328892065267,0.4451077580853049,833,-1,0,0,neg
EXP,launder_api,0,5,12,0.5379021841921531,0.26929669222926533,913,-1,0,0,neg
EXP,launder_api,0,5,13,0.48689209778092457,0.31256727396096284,933,-1,0,0,neg
EXP,launder_api,0,5,14,0.05639916602915834,1.2487273178537572,884,-1,0,0,neg
EXP,launder_api,0,6,11,0.8457488488965546,0.07275858463453062,1409,-1,0,0,neg
EXP,launder_api,0,6,12,0.48419887385000465,0.31497622497544564,992,-1,0,0,neg
EXP,launder_api,0,6,13,0.42564808487457495,0.3709493162955154,1125,-1,0,0,neg
EXP,launder_api,0,6,14,0.774419877449623,0.11102350828760824,1150,-1,0,0,neg
EXP,launder_api,0,7,11,0.5782505818023805,0.23788392159506658,899,-1,0,0,neg
EXP,launder_api,0,7,12,0.0021891060524639283,2.659733198283962,893,-1,0,0,neg
EXP,launder_api,0,7,13,0.6956799776368379,0.15759049589054458,959,-1,0,0,neg
EXP,launder_api,0,7,14,0.17607740824688844,0.7542963629601532,907,-1,0,0,neg
EXP,launder_api,0,8,11,0.3600461541353266,0.4436418236730234,769,-1,0,0,neg
EXP,launder_api,0,8,12,0.26619680329470746,0.5747971641874322,812,-1,0,0,neg
EXP,launder_api,0,8,13,0.7260803843466018,0.13901529590373543,779,-1,0,0,neg
EXP,launder_api,0,8,14,0.6426186314669831,0.1920466870851541,943,-1,0,0,neg
EXP,launder_api,0,9,11,0.09936860495631555,1.0027508072315925,847,-1,0,0,neg
EXP,launder_api,0,9,12,0.1829462444861381,0.73767650126722,869,-1,0,0,neg
EXP,launder_api,0,9,13,0.8382855923499236,0.07660799801484444,1073,-1,0,0,neg
EXP,launder_api,0,9,14,0.16912938667752153,0.7717809260328422,928,-1,0,0,neg
EXP,launder_api,0,10,11,0.4107356817751591,0.3864375671124333,893,-1,0,0,neg
EXP,launder_api,0,10,12,0.001212073532731866,2.916471032074869,837,-1,0,0,neg
EXP,launder_api,0,10,13,0.1811627499023807,0.7419310957039973,963,-1,0,0,neg
EXP,launder_api,0,10,14,0.16498488254649393,0.7825558480734982,923,-1,0,0,neg
EXP,launder_api,0,11,11,0.7304611449085961,0.13640288034649867,904,-1,0,0,neg
EXP,launder_api,0,11,12,0.2417315402427808,0.6166666807477387,854,-1,0,0,neg
EXP,launder_api,0,11,13,0.6743846813903017,0.17109230324574093,909,-1,0,0,neg
EXP,launder_api,0,11,14,0.35669602035176357,0.447701736046873,840,-1,0,0,neg
EXP,launder_api,0,12,11,0.20827344069397738,0.6813661083310287,947,-1,0,0,neg
EXP,launder_api,0,12,12,0.27274883208743245,0.5642371003879043,966,-1,0,0,neg
EXP,launder_api,0,12,13,0.010352463916004024,1.984956274576625,850,-1,0,0,neg
EXP,launder_api,0,12,14,0.07233215409639476,1.1406686011513627,928,-1,0,0,neg
EXP,launder_api,0,13,11,0.5126794649919175,0.29015407756506306,831,-1,0,0,neg
EXP,launder_api,0,13,12,0.30835911892197065,0.5109432039137445,855,-1,0,0,neg
EXP,launder_api,0,13,13,0.13600006533773795,0.8664608829841043,890,-1,0,0,neg
EXP,launder_api,0,13,14,0.3584629953654152,0.44555567050688577,1037,-1,0,0,neg
EXP,launder_api,0,14,11,0.2522892820739275,0.5981011990861598,849,-1,0,0,neg
EXP,launder_api,0,14,12,0.07256876946177411,1.1392502411253238,934,-1,0,0,neg
EXP,launder_api,0,14,13,0.35769686124768785,0.4464848707226825,936,-1,0,0,neg
EXP,launder_api,0,14,14,0.11201447271380634,0.9507258611362809,908,-1,0,0,neg
EXP,launder_api,0,15,11,0.13135038080841052,0.881568663778165,1014,-1,0,0,neg
EXP,launder_api,0,15,12,0.28398519470550965,0.5467043008871328,1004,-1,0,0,neg
EXP,launder_api,0,15,13,0.7818847350174706,0.10685726565564804,964,-1,0,0,neg
EXP,launder_api,0,15,14,0.7888792750837275,0.10298945328810219,879,-1,0,0,neg
EXP,launder_api,0,16,11,0.6136805984563608,0.21205760674138255,975,-1,0,0,neg
EXP,launder_api,0,16,12,0.6199583419594761,0.2076374918968318,919,-1,0,0,neg
EXP,launder_api,0,16,13,0.43099531409392394,0.3655274515891858,791,-1,0,0,neg
EXP,launder_api,0,16,14,0.11432555183211358,0.9418566936685709,782,-1,0,0,neg
EXP,launder_api,0,17,11,0.5451221423970126,0.2635061769421571,827,-1,0,0,neg
EXP,launder_api,0,17,12,0.9199382826177285,0.0362413078910136,765,-1,0,0,neg
EXP,launder_api,0,17,13,0.2855032191651416,0.5443889905432631,784,-1,0,0,neg
EXP,launder_api,0,17,14,0.7652678728727297,0.11618651864097138,813,-1,0,0,neg
EXP,launder_api,0,18,11,0.4903609458348433,0.3094841259362641,932,-1,0,0,neg
EXP,launder_api,0,18,12,0.14613375332806816,0.8352494610604095,936,-1,0,0,neg
EXP,launder_api,0,18,13,0.2806339488966298,0.5518597925854878,990,-1,0,0,neg
EXP,launder_api,0,18,14,0.4210694406077535,0.3756462766443639,950,-1,0,0,neg
EXP,launder_api,0,19,11,0.18304344573671166,0.7374458173497302,880,-1,0,0,neg
EXP,launder_api,0,19,12,0.513326034661296,0.2896067088095477,1039,-1,0,0,neg
EXP,launder_api,0,19,13,0.5059048109597786,0.2959311905986477,853,-1,0,0,neg
EXP,launder_api,0,19,14,0.7519957898651174,0.12378459084913693,930,-1,0,0,neg
EXP,launder_api,0,20,11,0.3522150797582979,0.4531920540597715,926,-1,0,0,neg
EXP,launder_api,0,20,12,0.023340743004895408,1.6318853231925308,1090,-1,0,0,neg
EXP,launder_api,0,20,13,0.08673935885221001,1.0617837923322462,834,-1,0,0,neg
EXP,launder_api,0,20,14,0.24381837489166305,0.6129335677359121,931,-1,0,0,neg
EXP,launder_api,0,21,11,0.6709058444529218,0.173338424844062,911,-1,0,0,neg
EXP,launder_api,0,21,12,0.8137775755894103,0.08949428171296049,997,-1,0,0,neg
EXP,launder_api,0,21,13,0.8743403506249355,0.05831947854929619,914,-1,0,0,neg
EXP,launder_api,0,21,14,0.5711111560304761,0.243279356285667,855,-1,0,0,neg
EXP,launder_api,0,22,11,0.25381319519259127,0.5954858036346679,847,-1,0,0,neg
EXP,launder_api,0,22,12,0.16865691744707728,0.7729958415635138,939,-1,0,0,neg
EXP,launder_api,0,22,13,0.2520965176795446,0.5984331533834641,960,-1,0,0,neg
EXP,launder_api,0,22,14,0.007401726506060264,2.1306669661340765,1041,-1,0,0,neg
EXP,launder_api,0,23,11,0.8090811361367348,0.09200792435856381,862,-1,0,0,neg
EXP,launder_api,0,23,12,0.18321411505920507,0.7370410707545046,853,-1,0,0,neg
EXP,launder_api,0,23,13,0.5303054568320574,0.275473903977311,872,-1,0,0,neg
EXP,launder_api,0,23,14,0.40983535726869297,0.3873905769150655,849,-1,0,0,neg
EXP,launder_api,1,0,11,0.09897852779299397,1.0044590101746294,896,-1,0,0,pos_EXP
EXP,launder_api,1,0,12,0.6882175001143838,0.16227428825900167,1289,-1,0,0,pos_EXP
EXP,launder_api,1,0,13,0.5665418586004911,0.2467679970316055,936,-1,0,0,pos_EXP
EXP,launder_api,1,0,14,0.8360691554329752,0.07775779842129799,930,-1,0,0,pos_EXP
EXP,launder_api,1,1,11,0.21078798063157483,0.6761541567147271,950,-1,0,0,pos_EXP
EXP,launder_api,1,1,12,0.18433715261562858,0.7343871251724201,936,-1,0,0,pos_EXP
EXP,launder_api,1,1,13,0.6116735239885178,0.2134803173353464,946,-1,0,0,pos_EXP
EXP,launder_api,1,1,14,0.7642386156560605,0.1167710219438136,926,-1,0,0,pos_EXP
EXP,launder_api,1,2,11,0.039602937652207196,1.4022725979425679,965,-1,0,0,pos_EXP
EXP,launder_api,1,2,12,0.0023412016386872084,2.630561180580169,1000,-1,0,0,pos_EXP
EXP,launder_api,1,2,13,0.1334641125309939,0.8746354970335798,942,-1,0,0,pos_EXP
EXP,launder_api,1,2,14,0.0010933343254904508,2.961247016902954,975,-1,0,0,pos_EXP
EXP,launder_api,1,3,11,0.0012293120847684793,2.910337849019918,958,-1,0,0,pos_EXP
EXP,launder_api,1,3,12,0.05489575809818668,1.2604612130312376,917,-1,0,0,pos_EXP
EXP,launder_api,1,3,13,0.4396798821418373,0.3568634053711288,951,-1,0,0,pos_EXP
EXP,launder_api,1,3,14,0.12994683857497183,0.8862342818124185,919,-1,0,0,pos_EXP
EXP,launder_api,1,4,11,8.077558632698252e-10,9.092719880878887,923,-1,0,0,pos_EXP
EXP,launder_api,1,4,12,1.1938104734000298e-09,8.92306461532549,946,-1,0,0,pos_EXP
EXP,launder_api,1,4,13,1.0769455993796231e-05,4.967806234014877,913,-1,0,0,pos_EXP
EXP,launder_api,1,4,14,0.001037539150948363,2.983995506451984,859,-1,0,0,pos_EXP
EXP,launder_api,1,5,11,0.002859048701712991,2.543778446703898,930,-1,0,0,pos_EXP
EXP,launder_api,1,5,12,0.0014701801861730806,2.832629434595315,912,-1,0,0,pos_EXP
EXP,launder_api,1,5,13,0.00038426598382945406,3.41536805865045,926,-1,0,0,pos_EXP
EXP,launder_api,1,5,14,0.00069948004963928,3.1552246678128,921,-1,0,0,pos_EXP
EXP,launder_api,1,6,11,0.0034778573612125317,2.4586882338653995,963,-1,0,0,pos_EXP
EXP,launder_api,1,6,12,0.04952278706805073,1.3051949218592127,950,-1,0,0,pos_EXP
EXP,launder_api,1,6,13,0.002678858605685297,2.572050208523628,992,-1,0,0,pos_EXP
EXP,launder_api,1,6,14,0.001639591656285049,2.785264300430299,907,-1,0,0,pos_EXP
EXP,launder_api,1,7,11,0.5968052066716995,0.22416739662968324,915,-1,0,0,pos_EXP
EXP,launder_api,1,7,12,0.00018316736424646142,3.737151903977558,922,-1,0,0,pos_EXP
EXP,launder_api,1,7,13,0.013205831557810377,1.8792342465132592,934,-1,0,0,pos_EXP
EXP,launder_api,1,7,14,0.013051730586639226,1.884331899482962,916,-1,0,0,pos_EXP
EXP,launder_api,1,8,11,0.027576664800498703,1.5594582597818611,727,-1,0,0,pos_EXP
EXP,launder_api,1,8,12,0.08166506165927909,1.087963705694332,711,-1,0,0,pos_EXP
EXP,launder_api,1,8,13,0.3259032263893166,0.4869113400683298,739,-1,0,0,pos_EXP
EXP,launder_api,1,8,14,0.0774238102708388,1.111125459484634,732,-1,0,0,pos_EXP
EXP,launder_api,1,9,11,0.5447134619288542,0.26383189153580366,929,-1,0,0,pos_EXP
EXP,launder_api,1,9,12,0.4647082079846034,0.33281965665618707,895,-1,0,0,pos_EXP
EXP,launder_api,1,9,13,0.6037917623613049,0.2191128164295718,912,-1,0,0,pos_EXP
EXP,launder_api,1,9,14,0.11676183566772087,0.9326990858825929,945,-1,0,0,pos_EXP
EXP,launder_api,1,10,11,3.20234575499844e-28,27.494531779418182,967,-1,0,0,pos_EXP
EXP,launder_api,1,10,12,3.351713629352261e-27,26.47473309460769,936,-1,0,0,pos_EXP
EXP,launder_api,1,10,13,1.5135678333594e-24,23.81999811055576,957,-1,0,0,pos_EXP
EXP,launder_api,1,10,14,6.37592087615877e-29,28.195457081081965,949,-1,0,0,pos_EXP
EXP,launder_api,1,11,11,0.1635066755251336,0.786464511599741,767,-1,0,0,pos_EXP
EXP,launder_api,1,11,12,0.08258051944351888,1.083122389677054,756,-1,0,0,pos_EXP
EXP,launder_api,1,11,13,0.012274814085338889,1.910985076990972,753,-1,0,0,pos_EXP
EXP,launder_api,1,11,14,0.0042579489164956226,2.3707995531882426,765,-1,0,0,pos_EXP
EXP,launder_api,1,12,11,0.22535523560135434,0.6471323476601689,914,-1,0,0,pos_EXP
EXP,launder_api,1,12,12,0.1359223016225807,0.8667092800077348,876,-1,0,0,pos_EXP
EXP,launder_api,1,12,13,0.010487338880395524,1.9793346982865,925,-1,0,0,pos_EXP
EXP,launder_api,1,12,14,0.07956957392485092,1.0992529674709244,874,-1,0,0,pos_EXP
EXP,launder_api,1,13,11,0.4896015388315107,0.3101572258604866,974,-1,0,0,pos_EXP
EXP,launder_api,1,13,12,0.08588784161554028,1.066068311058236,994,-1,0,0,pos_EXP
EXP,launder_api,1,13,13,0.02519904284354645,1.5986159550780077,1005,-1,0,0,pos_EXP
EXP,launder_api,1,13,14,0.001919991388008351,2.7167007192906376,945,-1,0,0,pos_EXP
EXP,launder_api,1,14,11,0.032639619903512634,1.4862549073559281,1008,-1,0,0,pos_EXP
EXP,launder_api,1,14,12,0.15799174581039496,0.8013656019230332,965,-1,0,0,pos_EXP
EXP,launder_api,1,14,13,0.09423032226356053,1.025809323611253,948,-1,0,0,pos_EXP
EXP,launder_api,1,14,14,8.47549921490814e-06,5.071834712016359,949,-1,0,0,pos_EXP
EXP,launder_api,1,15,11,0.27082800354312114,0.5673064317318455,972,-1,0,0,pos_EXP
EXP,launder_api,1,15,12,0.24837220476441554,0.604897007500532,1010,-1,0,0,pos_EXP
EXP,launder_api,1,15,13,0.10929036279855431,0.9614181323589573,983,-1,0,0,pos_EXP
EXP,launder_api,1,15,14,0.21705557218273552,0.6634290606101161,930,-1,0,0,pos_EXP
EXP,launder_api,1,16,11,5.574542627355666e-18,17.25379075923299,972,-1,0,0,pos_EXP
EXP,launder_api,1,16,12,1.8438863653994297e-05,4.7342658470571415,989,-1,0,0,pos_EXP
EXP,launder_api,1,16,13,3.2024867259442746e-16,15.494512661696032,970,-1,0,0,pos_EXP
EXP,launder_api,1,16,14,2.3474781213803677e-09,8.629398446690416,998,-1,0,0,pos_EXP
EXP,launder_api,1,17,11,0.014160135213667262,1.84893259959334,817,-1,0,0,pos_EXP
EXP,launder_api,1,17,12,0.02594641618039992,1.5859226201107752,817,-1,0,0,pos_EXP
EXP,launder_api,1,17,13,0.005099392710762582,2.2924815411704387,826,-1,0,0,pos_EXP
EXP,launder_api,1,17,14,0.0016857167814978383,2.773215389714101,852,-1,0,0,pos_EXP
EXP,launder_api,1,18,11,0.4279554522941082,0.36860143619655206,965,-1,0,0,pos_EXP
EXP,launder_api,1,18,12,0.10561628526967695,0.9762691115611384,932,-1,0,0,pos_EXP
EXP,launder_api,1,18,13,0.1160845634693858,0.9352255274257956,905,-1,0,0,pos_EXP
EXP,launder_api,1,18,14,0.009197340366034198,2.0363377412790715,883,-1,0,0,pos_EXP
EXP,launder_api,1,19,11,4.165019436128398e-05,4.380382967610466,947,-1,0,0,pos_EXP
EXP,launder_api,1,19,12,0.017988183723256227,1.7450126853920152,976,-1,0,0,pos_EXP
EXP,launder_api,1,19,13,0.00045055213700415797,3.3462549460765554,973,-1,0,0,pos_EXP
EXP,launder_api,1,19,14,0.0019421588505820926,2.711715251714375,977,-1,0,0,pos_EXP
EXP,launder_api,1,20,11,0.44563362786893873,0.3510220443898153,823,-1,0,0,pos_EXP
EXP,launder_api,1,20,12,0.1313624800151446,0.8815286610260556,799,-1,0,0,pos_EXP
EXP,launder_api,1,20,13,0.11339336710136191,0.9454123485782672,793,-1,0,0,pos_EXP
EXP,launder_api,1,20,14,0.5315811503964921,0.2744304273228506,848,-1,0,0,pos_EXP
EXP,launder_api,1,21,11,0.010868503005764071,1.9638302701830652,899,-1,0,0,pos_EXP
EXP,launder_api,1,21,12,0.0011627645385136182,2.9345082216235703,916,-1,0,0,pos_EXP
EXP,launder_api,1,21,13,0.06501980441769581,1.1869543412139805,837,-1,0,0,pos_EXP
EXP,launder_api,1,21,14,0.2171128841029853,0.6633144034972099,957,-1,0,0,pos_EXP
EXP,launder_api,1,22,11,0.005404474707363757,2.267246511290629,942,-1,0,0,pos_EXP
EXP,launder_api,1,22,12,0.05526696248749289,1.2575344039033216,935,-1,0,0,pos_EXP
EXP,launder_api,1,22,13,0.00433354268855505,2.3631569209617616,931,-1,0,0,pos_EXP
EXP,launder_api,1,22,14,8.073357461977784e-05,4.092945817945476,931,-1,0,0,pos_EXP
EXP,launder_api,1,23,11,9.173467447430999e-12,11.037466475818965,913,-1,0,0,pos_EXP
EXP,launder_api,1,23,12,3.0316841011103934e-11,10.518316053795937,900,-1,0,0,pos_EXP
EXP,launder_api,1,23,13,1.8706520865281283e-14,13.728006977305458,887,-1,0,0,pos_EXP
EXP,launder_api,1,23,14,3.428241379601254e-12,11.46492860736194,901,-1,0,0,pos_EXP
SynthID,clean,0,0,11,0.497914005959983,0.497914005959983,951,0,0,0,neg
SynthID,clean,0,0,12,0.49951980792316925,0.49951980792316925,971,0,0,0,neg
SynthID,clean,0,0,13,0.49959250203748984,0.49959250203748984,1018,0,0,0,neg
SynthID,clean,0,0,14,0.5000423549343499,0.5000423549343499,928,0,0,0,neg
SynthID,clean,0,1,11,0.49945697577276527,0.49945697577276527,897,0,0,0,neg
SynthID,clean,0,1,12,0.5021310816244471,0.5021310816244471,918,0,0,0,neg
SynthID,clean,0,1,13,0.5013703703703704,0.5013703703703704,1009,0,0,0,neg
SynthID,clean,0,1,14,0.4994274028629857,0.4994274028629857,918,0,0,0,neg
SynthID,clean,0,2,11,0.5010980392156863,0.5010980392156863,933,0,0,0,neg
SynthID,clean,0,2,12,0.5060367454068242,0.5060367454068242,802,0,0,0,neg
SynthID,clean,0,2,13,0.49544312881234304,0.49544312881234304,1004,0,0,0,neg
SynthID,clean,0,2,14,0.5011944755505786,0.5011944755505786,953,0,0,0,neg
SynthID,clean,0,3,11,0.501986276634164,0.501986276634164,994,0,0,0,neg
SynthID,clean,0,3,12,0.5008888888888889,0.5008888888888889,903,0,0,0,neg
SynthID,clean,0,3,13,0.5052549019607843,0.5052549019607843,960,0,0,0,neg
SynthID,clean,0,3,14,0.5026297085998579,0.5026297085998579,1022,0,0,0,neg
SynthID,clean,0,4,11,0.4997795414462081,0.4997795414462081,1140,0,0,0,neg
SynthID,clean,0,4,12,0.4998805256869773,0.4998805256869773,1017,0,0,0,neg
SynthID,clean,0,4,13,0.5023560209424084,0.5023560209424084,965,0,0,0,neg
SynthID,clean,0,4,14,0.5033333333333333,0.5033333333333333,884,0,0,0,neg
SynthID,clean,0,5,11,0.5036510194404932,0.5036510194404932,816,0,0,0,neg
SynthID,clean,0,5,12,0.5055339386078685,0.5055339386078685,870,0,0,0,neg
SynthID,clean,0,5,13,0.5061568627450981,0.5061568627450981,939,0,0,0,neg
SynthID,clean,0,5,14,0.5010879025239339,0.5010879025239339,888,0,0,0,neg
SynthID,clean,0,6,11,0.5057774428535544,0.5057774428535544,1433,0,0,0,neg
SynthID,clean,0,6,12,0.4967236467236467,0.4967236467236467,1007,0,0,0,neg
SynthID,clean,0,6,13,0.4978513356562137,0.4978513356562137,1219,0,0,0,neg
SynthID,clean,0,6,14,0.5024145500156789,0.5024145500156789,1152,0,0,0,neg
SynthID,clean,0,7,11,0.5031431897555297,0.5031431897555297,907,0,0,0,neg
SynthID,clean,0,7,12,0.5030558906312826,0.5030558906312826,910,0,0,0,neg
SynthID,clean,0,7,13,0.5004127966976264,0.5004127966976264,1049,0,0,0,neg
SynthID,clean,0,7,14,0.5011396011396011,0.5011396011396011,918,0,0,0,neg
SynthID,clean,0,8,11,0.49593621399176957,0.49593621399176957,769,0,0,0,neg
SynthID,clean,0,8,12,0.5020435967302452,0.5020435967302452,793,0,0,0,neg
SynthID,clean,0,8,13,0.5057817998994469,0.5057817998994469,748,0,0,0,neg
SynthID,clean,0,8,14,0.5054112554112554,0.5054112554112554,902,0,0,0,neg
SynthID,clean,0,9,11,0.49828753484667465,0.49828753484667465,957,0,0,0,neg
SynthID,clean,0,9,12,0.5048602673147023,0.5048602673147023,969,0,0,0,neg
SynthID,clean,0,9,13,0.5018046709129512,0.5018046709129512,1084,0,0,0,neg
SynthID,clean,0,9,14,0.4993703266430539,0.4993703266430539,995,0,0,0,neg
SynthID,clean,0,10,11,0.4969887076537014,0.4969887076537014,889,0,0,0,neg
SynthID,clean,0,10,12,0.5065114273393704,0.5065114273393704,854,0,0,0,neg
SynthID,clean,0,10,13,0.4987022617723396,0.4987022617723396,977,0,0,0,neg
SynthID,clean,0,10,14,0.49877609791216704,0.49877609791216704,1011,0,0,0,neg
SynthID,clean,0,11,11,0.5009650180940892,0.5009650180940892,914,0,0,0,neg
SynthID,clean,0,11,12,0.5024249897246198,0.5024249897246198,902,0,0,0,neg
SynthID,clean,0,11,13,0.5030340814630091,0.5030340814630091,908,0,0,0,neg
SynthID,clean,0,11,14,0.5049382716049383,0.5049382716049383,843,0,0,0,neg
SynthID,clean,0,12,11,0.4977292202227935,0.4977292202227935,888,0,0,0,neg
SynthID,clean,0,12,12,0.49968102073365234,0.49968102073365234,946,0,0,0,neg
SynthID,clean,0,12,13,0.498607367475292,0.498607367475292,847,0,0,0,neg
SynthID,clean,0,12,14,0.49828092243186584,0.49828092243186584,924,0,0,0,neg
SynthID,clean,0,13,11,0.5028950542822678,0.5028950542822678,851,0,0,0,neg
SynthID,clean,0,13,12,0.501314673452078,0.501314673452078,807,0,0,0,neg
SynthID,clean,0,13,13,0.4985387045813586,0.4985387045813586,869,0,0,0,neg
SynthID,clean,0,13,14,0.49740437158469947,0.49740437158469947,1043,0,0,0,neg
SynthID,clean,0,14,11,0.4993781094527363,0.4993781094527363,877,0,0,0,neg
SynthID,clean,0,14,12,0.5018663680477791,0.5018663680477791,977,0,0,0,neg
SynthID,clean,0,14,13,0.5079328756674294,0.5079328756674294,950,0,0,0,neg
SynthID,clean,0,14,14,0.5056398288603656,0.5056398288603656,937,0,0,0,neg
SynthID,clean,0,15,11,0.5040778151889262,0.5040778151889262,1071,0,0,0,neg
SynthID,clean,0,15,12,0.500476758045292,0.500476758045292,1031,0,0,0,neg
SynthID,clean,0,15,13,0.4991060025542784,0.4991060025542784,1009,0,0,0,neg
SynthID,clean,0,15,14,0.5017982456140351,0.5017982456140351,937,0,0,0,neg
SynthID,clean,0,16,11,0.5014285714285714,0.5014285714285714,980,0,0,0,neg
SynthID,clean,0,16,12,0.4935251798561151,0.4935251798561151,914,0,0,0,neg
SynthID,clean,0,16,13,0.49681309216192937,0.49681309216192937,864,0,0,0,neg
SynthID,clean,0,16,14,0.49976156413924655,0.49976156413924655,819,0,0,0,neg
SynthID,clean,0,17,11,0.5,0.5,865,0,0,0,neg
SynthID,clean,0,17,12,0.5017333333333334,0.5017333333333334,831,0,0,0,neg
SynthID,clean,0,17,13,0.5017399267399267,0.5017399267399267,814,0,0,0,neg
SynthID,clean,0,17,14,0.4936031331592689,0.4936031331592689,843,0,0,0,neg
SynthID,clean,0,18,11,0.5036912751677852,0.5036912751677852,973,0,0,0,neg
SynthID,clean,0,18,12,0.5012519561815336,0.5012519561815336,976,0,0,0,neg
SynthID,clean,0,18,13,0.5018037518037518,0.5018037518037518,1035,0,0,0,neg
SynthID,clean,0,18,14,0.5024464831804282,0.5024464831804282,973,0,0,0,neg
SynthID,clean,0,19,11,0.5015873015873016,0.5015873015873016,856,0,0,0,neg
SynthID,clean,0,19,12,0.5047841306884481,0.5047841306884481,927,0,0,0,neg
SynthID,clean,0,19,13,0.503355119825708,0.503355119825708,843,0,0,0,neg
SynthID,clean,0,19,14,0.4956214689265537,0.4956214689265537,976,0,0,0,neg
SynthID,clean,0,20,11,0.4984126984126984,0.4984126984126984,955,0,0,0,neg
SynthID,clean,0,20,12,0.5047568710359408,0.5047568710359408,1214,0,0,0,neg
SynthID,clean,0,20,13,0.5015427769985975,0.5015427769985975,844,0,0,0,neg
SynthID,clean,0,20,14,0.5038560411311054,0.5038560411311054,967,0,0,0,neg
SynthID,clean,0,21,11,0.4994516255385821,0.4994516255385821,943,0,0,0,neg
SynthID,clean,0,21,12,0.5032036613272312,0.5032036613272312,981,0,0,0,neg
SynthID,clean,0,21,13,0.5004135649296939,0.5004135649296939,883,0,0,0,neg
SynthID,clean,0,21,14,0.5013801756587202,0.5013801756587202,893,0,0,0,neg
SynthID,clean,0,22,11,0.49803439803439803,0.49803439803439803,883,0,0,0,neg
SynthID,clean,0,22,12,0.4986842105263158,0.4986842105263158,1048,0,0,0,neg
SynthID,clean,0,22,13,0.502031193326079,0.502031193326079,1020,0,0,0,neg
SynthID,clean,0,22,14,0.5001839587932303,0.5001839587932303,1025,0,0,0,neg
SynthID,clean,0,23,11,0.4992744344857021,0.4992744344857021,885,0,0,0,neg
SynthID,clean,0,23,12,0.4970137207425343,0.4970137207425343,894,0,0,0,neg
SynthID,clean,0,23,13,0.49772629772629773,0.49772629772629773,952,0,0,0,neg
SynthID,clean,0,23,14,0.5042768959435626,0.5042768959435626,843,0,0,0,neg
SynthID,clean,1,0,11,0.5298360655737705,0.5298360655737705,1073,0,0,0,pos_SynthID
SynthID,clean,1,0,12,0.5255707762557078,0.5255707762557078,945,0,0,0,pos_SynthID
SynthID,clean,1,0,13,0.5294836956521739,0.5294836956521739,870,0,0,0,pos_SynthID
SynthID,clean,1,0,14,0.5265737220109844,0.5265737220109844,940,0,0,0,pos_SynthID
SynthID,clean,1,1,11,0.5306457633445315,0.5306457633445315,976,0,0,0,pos_SynthID
SynthID,clean,1,1,12,0.5290048543689321,0.5290048543689321,880,0,0,0,pos_SynthID
SynthID,clean,1,1,13,0.5259171597633137,0.5259171597633137,926,0,0,0,pos_SynthID
SynthID,clean,1,1,14,0.5315031152647975,0.5315031152647975,950,0,0,0,pos_SynthID
SynthID,clean,1,2,11,0.5436896807720861,0.5436896807720861,939,0,0,0,pos_SynthID
SynthID,clean,1,2,12,0.5596403178586365,0.5596403178586365,872,0,0,0,pos_SynthID
SynthID,clean,1,2,13,0.5525490196078431,0.5525490196078431,810,0,0,0,pos_SynthID
SynthID,clean,1,2,14,0.5471345029239766,0.5471345029239766,890,0,0,0,pos_SynthID
SynthID,clean,1,3,11,0.5286353467561521,0.5286353467561521,788,0,0,0,pos_SynthID
SynthID,clean,1,3,12,0.5269806498722162,0.5269806498722162,969,0,0,0,pos_SynthID
SynthID,clean,1,3,13,0.5271212121212121,0.5271212121212121,951,0,0,0,pos_SynthID
SynthID,clean,1,3,14,0.5237294917967187,0.5237294917967187,906,0,0,0,pos_SynthID
SynthID,clean,1,4,11,0.5421875,0.5421875,1800,0,0,0,pos_SynthID
SynthID,clean,1,4,12,0.537976346911958,0.537976346911958,955,0,0,0,pos_SynthID
SynthID,clean,1,4,13,0.5283394234673163,0.5283394234673163,985,0,0,0,pos_SynthID
SynthID,clean,1,4,14,0.5332469775474957,0.5332469775474957,977,0,0,0,pos_SynthID
SynthID,clean,1,5,11,0.5235867446393763,0.5235867446393763,793,0,0,0,pos_SynthID
SynthID,clean,1,5,12,0.5309662398137369,0.5309662398137369,952,0,0,0,pos_SynthID
SynthID,clean,1,5,13,0.5286585365853659,0.5286585365853659,913,0,0,0,pos_SynthID
SynthID,clean,1,5,14,0.5304703476482617,0.5304703476482617,936,0,0,0,pos_SynthID
SynthID,clean,1,6,11,0.5346207376478775,0.5346207376478775,1010,0,0,0,pos_SynthID
SynthID,clean,1,6,12,0.5348227584152517,0.5348227584152517,1196,0,0,0,pos_SynthID
SynthID,clean,1,6,13,0.5396337678460583,0.5396337678460583,1112,0,0,0,pos_SynthID
SynthID,clean,1,6,14,0.5404135338345865,0.5404135338345865,1136,0,0,0,pos_SynthID
SynthID,clean,1,7,11,0.5467956469165659,0.5467956469165659,873,0,0,0,pos_SynthID
SynthID,clean,1,7,12,0.5380952380952381,0.5380952380952381,1820,0,0,0,pos_SynthID
SynthID,clean,1,7,13,0.5467117624953025,0.5467117624953025,943,0,0,0,pos_SynthID
SynthID,clean,1,7,14,0.5466142910587355,0.5466142910587355,994,0,0,0,pos_SynthID
SynthID,clean,1,8,11,0.5256617317182594,0.5256617317182594,828,0,0,0,pos_SynthID
SynthID,clean,1,8,12,0.529648033126294,0.529648033126294,877,0,0,0,pos_SynthID
SynthID,clean,1,8,13,0.5268324607329843,0.5268324607329843,820,0,0,0,pos_SynthID
SynthID,clean,1,8,14,0.5196581196581197,0.5196581196581197,852,0,0,0,pos_SynthID
SynthID,clean,1,9,11,0.5302929180571004,0.5302929180571004,1039,0,0,0,pos_SynthID
SynthID,clean,1,9,12,0.5271947873799726,0.5271947873799726,1116,0,0,0,pos_SynthID
SynthID,clean,1,9,13,0.5260657734470159,0.5260657734470159,946,0,0,0,pos_SynthID
SynthID,clean,1,9,14,0.5277374784110536,0.5277374784110536,1115,0,0,0,pos_SynthID
SynthID,clean,1,10,11,0.5517089678510998,0.5517089678510998,1109,0,0,0,pos_SynthID
SynthID,clean,1,10,12,0.5399730820995963,0.5399730820995963,818,0,0,0,pos_SynthID
SynthID,clean,1,10,13,0.5401849516603615,0.5401849516603615,928,0,0,0,pos_SynthID
SynthID,clean,1,10,14,0.5444164567590261,0.5444164567590261,850,0,0,0,pos_SynthID
SynthID,clean,1,11,11,0.5331412103746398,0.5331412103746398,754,0,0,0,pos_SynthID
SynthID,clean,1,11,12,0.5292870905587669,0.5292870905587669,971,0,0,0,pos_SynthID
SynthID,clean,1,11,13,0.5292880258899676,0.5292880258899676,923,0,0,0,pos_SynthID
SynthID,clean,1,11,14,0.5301000769822941,0.5301000769822941,952,0,0,0,pos_SynthID
SynthID,clean,1,12,11,0.5286117836965295,0.5286117836965295,933,0,0,0,pos_SynthID
SynthID,clean,1,12,12,0.5288246628131021,0.5288246628131021,958,0,0,0,pos_SynthID
SynthID,clean,1,12,13,0.5342434584755403,0.5342434584755403,981,0,0,0,pos_SynthID
SynthID,clean,1,12,14,0.5334035827186512,0.5334035827186512,1037,0,0,0,pos_SynthID
SynthID,clean,1,13,11,0.5373397435897436,0.5373397435897436,1082,0,0,0,pos_SynthID
SynthID,clean,1,13,12,0.5412339103417665,0.5412339103417665,776,0,0,0,pos_SynthID
SynthID,clean,1,13,13,0.53733216579101,0.53733216579101,1179,0,0,0,pos_SynthID
SynthID,clean,1,13,14,0.5385896180215475,0.5385896180215475,1069,0,0,0,pos_SynthID
SynthID,clean,1,14,11,0.5276609305289993,0.5276609305289993,1144,0,0,0,pos_SynthID
SynthID,clean,1,14,12,0.528639455782313,0.528639455782313,1042,0,0,0,pos_SynthID
SynthID,clean,1,14,13,0.533692614770459,0.533692614770459,877,0,0,0,pos_SynthID
SynthID,clean,1,14,14,0.5287469287469287,0.5287469287469287,858,0,0,0,pos_SynthID
SynthID,clean,1,15,11,0.5257403189066059,0.5257403189066059,1025,0,0,0,pos_SynthID
SynthID,clean,1,15,12,0.525891829689298,0.525891829689298,997,0,0,0,pos_SynthID
SynthID,clean,1,15,13,0.527363184079602,0.527363184079602,1020,0,0,0,pos_SynthID
SynthID,clean,1,15,14,0.5267080745341615,0.5267080745341615,935,0,0,0,pos_SynthID
SynthID,clean,1,16,11,0.5499502487562189,0.5499502487562189,1050,0,0,0,pos_SynthID
SynthID,clean,1,16,12,0.547645327446652,0.547645327446652,977,0,0,0,pos_SynthID
SynthID,clean,1,16,13,0.5458157524613221,0.5458157524613221,996,0,0,0,pos_SynthID
SynthID,clean,1,16,14,0.5606318347509113,0.5606318347509113,890,0,0,0,pos_SynthID
SynthID,clean,1,17,11,0.5360569105691056,0.5360569105691056,895,0,0,0,pos_SynthID
SynthID,clean,1,17,12,0.5351213282247765,0.5351213282247765,893,0,0,0,pos_SynthID
SynthID,clean,1,17,13,0.5328985507246377,0.5328985507246377,1015,0,0,0,pos_SynthID
SynthID,clean,1,17,14,0.5321931589537223,0.5321931589537223,1073,0,0,0,pos_SynthID
SynthID,clean,1,18,11,0.5303648068669528,0.5303648068669528,1086,0,0,0,pos_SynthID
SynthID,clean,1,18,12,0.5340184994861253,0.5340184994861253,1112,0,0,0,pos_SynthID
SynthID,clean,1,18,13,0.5243351548269581,0.5243351548269581,1051,0,0,0,pos_SynthID
SynthID,clean,1,18,14,0.5255036107943748,0.5255036107943748,994,0,0,0,pos_SynthID
SynthID,clean,1,19,11,0.5488819007686933,0.5488819007686933,988,0,0,0,pos_SynthID
SynthID,clean,1,19,12,0.5466101694915254,0.5466101694915254,1216,0,0,0,pos_SynthID
SynthID,clean,1,19,13,0.534320987654321,0.534320987654321,843,0,0,0,pos_SynthID
SynthID,clean,1,19,14,0.5506898086337338,0.5506898086337338,768,0,0,0,pos_SynthID
SynthID,clean,1,20,11,0.5276388888888889,0.5276388888888889,863,0,0,0,pos_SynthID
SynthID,clean,1,20,12,0.5190659811482433,0.5190659811482433,1027,0,0,0,pos_SynthID
SynthID,clean,1,20,13,0.5242504409171076,0.5242504409171076,895,0,0,0,pos_SynthID
SynthID,clean,1,20,14,0.5273384353741497,0.5273384353741497,945,0,0,0,pos_SynthID
SynthID,clean,1,21,11,0.5323218997361477,0.5323218997361477,814,0,0,0,pos_SynthID
SynthID,clean,1,21,12,0.5400080418174508,0.5400080418174508,894,0,0,0,pos_SynthID
SynthID,clean,1,21,13,0.5337059620596206,0.5337059620596206,1075,0,0,0,pos_SynthID
SynthID,clean,1,21,14,0.5407801418439716,0.5407801418439716,899,0,0,0,pos_SynthID
SynthID,clean,1,22,11,0.5413919413919414,0.5413919413919414,972,0,0,0,pos_SynthID
SynthID,clean,1,22,12,0.5362394957983193,0.5362394957983193,1039,0,0,0,pos_SynthID
SynthID,clean,1,22,13,0.5328537170263788,0.5328537170263788,935,0,0,0,pos_SynthID
SynthID,clean,1,22,14,0.5478801169590644,0.5478801169590644,967,0,0,0,pos_SynthID
SynthID,clean,1,23,11,0.5409886264216973,0.5409886264216973,840,0,0,0,pos_SynthID
SynthID,clean,1,23,12,0.5455128205128205,0.5455128205128205,830,0,0,0,pos_SynthID
SynthID,clean,1,23,13,0.559465737514518,0.559465737514518,931,0,0,0,pos_SynthID
SynthID,clean,1,23,14,0.5452584452584452,0.5452584452584452,865,0,0,0,pos_SynthID
SynthID,dia100,0,0,11,0.5003903200624512,0.5003903200624512,1065,-1,0,0,neg
SynthID,dia100,0,0,12,0.5031101353823637,0.5031101353823637,1086,-1,0,0,neg
SynthID,dia100,0,0,13,0.4987725354813962,0.4987725354813962,1119,-1,0,0,neg
SynthID,dia100,0,0,14,0.5033685859772816,0.5033685859772816,1038,-1,0,0,neg
SynthID,dia100,0,1,11,0.5032879818594105,0.5032879818594105,1010,-1,0,0,neg
SynthID,dia100,0,1,12,0.5009097525473072,0.5009097525473072,1035,-1,0,0,neg
SynthID,dia100,0,1,13,0.49786024740889334,0.49786024740889334,1136,-1,0,0,neg
SynthID,dia100,0,1,14,0.4961809417871709,0.4961809417871709,1017,-1,0,0,neg
SynthID,dia100,0,2,11,0.5,0.5,963,-1,0,0,neg
SynthID,dia100,0,2,12,0.5056260575296109,0.5056260575296109,827,-1,0,0,neg
SynthID,dia100,0,2,13,0.5003061224489795,0.5003061224489795,1068,-1,0,0,neg
SynthID,dia100,0,2,14,0.4990343347639485,0.4990343347639485,1001,-1,0,0,neg
SynthID,dia100,0,3,11,0.5004277722935176,0.5004277722935176,1113,-1,0,0,neg
SynthID,dia100,0,3,12,0.5002624671916011,0.5002624671916011,997,-1,0,0,neg
SynthID,dia100,0,3,13,0.49711203897007655,0.49711203897007655,1109,-1,0,0,neg
SynthID,dia100,0,3,14,0.5031639501438159,0.5031639501438159,1179,-1,0,0,neg
SynthID,dia100,0,4,11,0.5058130081300813,0.5058130081300813,1301,-1,0,0,neg
SynthID,dia100,0,4,12,0.5016260162601626,0.5016260162601626,1115,-1,0,0,neg
SynthID,dia100,0,4,13,0.5026041666666666,0.5026041666666666,1089,-1,0,0,neg
SynthID,dia100,0,4,14,0.49673629242819844,0.49673629242819844,944,-1,0,0,neg
SynthID,dia100,0,5,11,0.5040564373897707,0.5040564373897707,870,-1,0,0,neg
SynthID,dia100,0,5,12,0.49762766385203056,0.49762766385203056,928,-1,0,0,neg
SynthID,dia100,0,5,13,0.4984403336960464,0.4984403336960464,996,-1,0,0,neg
SynthID,dia100,0,5,14,0.5015738498789346,0.5015738498789346,955,-1,0,0,neg
SynthID,dia100,0,6,11,0.5028955293027565,0.5028955293027565,1581,-1,0,0,neg
SynthID,dia100,0,6,12,0.5030097087378641,0.5030097087378641,1122,-1,0,0,neg
SynthID,dia100,0,6,13,0.499895914650013,0.499895914650013,1370,-1,0,0,neg
SynthID,dia100,0,6,14,0.5060810810810811,0.5060810810810811,1288,-1,0,0,neg
SynthID,dia100,0,7,11,0.500610920198549,0.500610920198549,925,-1,0,0,neg
SynthID,dia100,0,7,12,0.494956658786446,0.494956658786446,925,-1,0,0,neg
SynthID,dia100,0,7,13,0.49794405123019886,0.49794405123019886,1069,-1,0,0,neg
SynthID,dia100,0,7,14,0.5,0.5,936,-1,0,0,neg
SynthID,dia100,0,8,11,0.5051316984559492,0.5051316984559492,896,-1,0,0,neg
SynthID,dia100,0,8,12,0.49910240718074256,0.49910240718074256,889,-1,0,0,neg
SynthID,dia100,0,8,13,0.502014652014652,0.502014652014652,838,-1,0,0,neg
SynthID,dia100,0,8,14,0.5032128514056224,0.5032128514056224,1006,-1,0,0,neg
SynthID,dia100,0,9,11,0.5010716925351072,0.5010716925351072,1048,-1,0,0,neg
SynthID,dia100,0,9,12,0.5084828101644245,0.5084828101644245,1076,-1,0,0,neg
SynthID,dia100,0,9,13,0.50249343832021,0.50249343832021,1182,-1,0,0,neg
SynthID,dia100,0,9,14,0.504900860456416,0.504900860456416,1073,-1,0,0,neg
SynthID,dia100,0,10,11,0.49391025641025643,0.49391025641025643,923,-1,0,0,neg
SynthID,dia100,0,10,12,0.5070833333333333,0.5070833333333333,883,-1,0,0,neg
SynthID,dia100,0,10,13,0.4990133897110641,0.4990133897110641,1015,-1,0,0,neg
SynthID,dia100,0,10,14,0.501656314699793,0.501656314699793,1053,-1,0,0,neg
SynthID,dia100,0,11,11,0.5004857997010463,0.5004857997010463,993,-1,0,0,neg
SynthID,dia100,0,11,12,0.5034188034188034,0.5034188034188034,971,-1,0,0,neg
SynthID,dia100,0,11,13,0.505101246105919,0.505101246105919,988,-1,0,0,neg
SynthID,dia100,0,11,14,0.49831932773109244,0.49831932773109244,917,-1,0,0,neg
SynthID,dia100,0,12,11,0.4994560994560995,0.4994560994560995,989,-1,0,0,neg
SynthID,dia100,0,12,12,0.5042162162162163,0.5042162162162163,1062,-1,0,0,neg
SynthID,dia100,0,12,13,0.5023986765922249,0.5023986765922249,930,-1,0,0,neg
SynthID,dia100,0,12,14,0.4968308514700267,0.4968308514700267,1028,-1,0,0,neg
SynthID,dia100,0,13,11,0.5010989010989011,0.5010989010989011,946,-1,0,0,neg
SynthID,dia100,0,13,12,0.5004986574606828,0.5004986574606828,902,-1,0,0,neg
SynthID,dia100,0,13,13,0.5013934726806014,0.5013934726806014,947,-1,0,0,neg
SynthID,dia100,0,13,14,0.5006578947368421,0.5006578947368421,1174,-1,0,0,neg
SynthID,dia100,0,14,11,0.5020501138952164,0.5020501138952164,985,-1,0,0,neg
SynthID,dia100,0,14,12,0.5001019367991845,0.5001019367991845,1106,-1,0,0,neg
SynthID,dia100,0,14,13,0.5058078141499472,0.5058078141499472,1058,-1,0,0,neg
SynthID,dia100,0,14,14,0.4981779206859593,0.4981779206859593,1062,-1,0,0,neg
SynthID,dia100,0,15,11,0.503993399339934,0.503993399339934,1229,-1,0,0,neg
SynthID,dia100,0,15,12,0.5065359477124183,0.5065359477124183,1156,-1,0,0,neg
SynthID,dia100,0,15,13,0.49946788293424554,0.49946788293424554,1175,-1,0,0,neg
SynthID,dia100,0,15,14,0.5058303176517893,0.5058303176517893,1048,-1,0,0,neg
SynthID,dia100,0,16,11,0.4974466596712137,0.4974466596712137,1025,-1,0,0,neg
SynthID,dia100,0,16,12,0.4934949961508853,0.4934949961508853,951,-1,0,0,neg
SynthID,dia100,0,16,13,0.5055083029566626,0.5055083029566626,920,-1,0,0,neg
SynthID,dia100,0,16,14,0.5023908045977011,0.5023908045977011,858,-1,0,0,neg
SynthID,dia100,0,17,11,0.49996092223524813,0.49996092223524813,965,-1,0,0,neg
SynthID,dia100,0,17,12,0.4992691839220463,0.4992691839220463,914,-1,0,0,neg
SynthID,dia100,0,17,13,0.499957805907173,0.499957805907173,904,-1,0,0,neg
SynthID,dia100,0,17,14,0.5018297533810661,0.5018297533810661,929,-1,0,0,neg
SynthID,dia100,0,18,11,0.5057742782152231,0.5057742782152231,1129,-1,0,0,neg
SynthID,dia100,0,18,12,0.49722814498933904,0.49722814498933904,1100,-1,0,0,neg
SynthID,dia100,0,18,13,0.4961400065423618,0.4961400065423618,1170,-1,0,0,neg
SynthID,dia100,0,18,14,0.5006128702757916,0.5006128702757916,1104,-1,0,0,neg
SynthID,dia100,0,19,11,0.49827908716797603,0.49827908716797603,987,-1,0,0,neg
SynthID,dia100,0,19,12,0.5029432624113476,0.5029432624113476,1040,-1,0,0,neg
SynthID,dia100,0,19,13,0.5032104637336504,0.5032104637336504,968,-1,0,0,neg
SynthID,dia100,0,19,14,0.49687100893997443,0.49687100893997443,1088,-1,0,0,neg
SynthID,dia100,0,20,11,0.4931776047460141,0.4931776047460141,1049,-1,0,0,neg
SynthID,dia100,0,20,12,0.504074430542188,0.504074430542188,1329,-1,0,0,neg
SynthID,dia100,0,20,13,0.49909677419354836,0.49909677419354836,926,-1,0,0,neg
SynthID,dia100,0,20,14,0.49715976331360945,0.49715976331360945,1062,-1,0,0,neg
SynthID,dia100,0,21,11,0.5019783501306457,0.5019783501306457,999,-1,0,0,neg
SynthID,dia100,0,21,12,0.5004669540229885,0.5004669540229885,1060,-1,0,0,neg
SynthID,dia100,0,21,13,0.49803468208092483,0.49803468208092483,962,-1,0,0,neg
SynthID,dia100,0,21,14,0.5045597484276729,0.5045597484276729,962,-1,0,0,neg
SynthID,dia100,0,22,11,0.4972411186696901,0.4972411186696901,982,-1,0,0,neg
SynthID,dia100,0,22,12,0.5021319796954314,0.5021319796954314,1161,-1,0,0,neg
SynthID,dia100,0,22,13,0.5004394861392834,0.5004394861392834,1112,-1,0,0,neg
SynthID,dia100,0,22,14,0.5014028056112224,0.5014028056112224,1146,-1,0,0,neg
SynthID,dia100,0,23,11,0.49950062421972535,0.49950062421972535,893,-1,0,0,neg
SynthID,dia100,0,23,12,0.5030410742496051,0.5030410742496051,912,-1,0,0,neg
SynthID,dia100,0,23,13,0.4982256020278834,0.4982256020278834,942,-1,0,0,neg
SynthID,dia100,0,23,14,0.49651612903225806,0.49651612903225806,847,-1,0,0,neg
SynthID,dia100,1,0,11,0.5086771447282252,0.5086771447282252,1210,-1,0,0,pos_SynthID
SynthID,dia100,1,0,12,0.5001510003775009,0.5001510003775009,1058,-1,0,0,pos_SynthID
SynthID,dia100,1,0,13,0.5051091882983106,0.5051091882983106,977,-1,0,0,pos_SynthID
SynthID,dia100,1,0,14,0.5025968992248062,0.5025968992248062,1050,-1,0,0,pos_SynthID
SynthID,dia100,1,1,11,0.501574264202601,0.501574264202601,1081,-1,0,0,pos_SynthID
SynthID,dia100,1,1,12,0.5075907590759076,0.5075907590759076,988,-1,0,0,pos_SynthID
SynthID,dia100,1,1,13,0.5049356223175966,0.5049356223175966,1038,-1,0,0,pos_SynthID
SynthID,dia100,1,1,14,0.5145519713261649,0.5145519713261649,1044,-1,0,0,pos_SynthID
SynthID,dia100,1,2,11,0.51598857958601,0.51598857958601,978,-1,0,0,pos_SynthID
SynthID,dia100,1,2,12,0.5172427493047278,0.5172427493047278,912,-1,0,0,pos_SynthID
SynthID,dia100,1,2,13,0.513056255247691,0.513056255247691,838,-1,0,0,pos_SynthID
SynthID,dia100,1,2,14,0.5182759896411395,0.5182759896411395,944,-1,0,0,pos_SynthID
SynthID,dia100,1,3,11,0.5108564535585042,0.5108564535585042,884,-1,0,0,pos_SynthID
SynthID,dia100,1,3,12,0.5079333986287953,0.5079333986287953,1110,-1,0,0,pos_SynthID
SynthID,dia100,1,3,13,0.5078065630397237,0.5078065630397237,1085,-1,0,0,pos_SynthID
SynthID,dia100,1,3,14,0.5033910533910534,0.5033910533910534,1028,-1,0,0,pos_SynthID
SynthID,dia100,1,4,11,0.5123134328358209,0.5123134328358209,1816,-1,0,0,pos_SynthID
SynthID,dia100,1,4,12,0.5118844118844119,0.5118844118844119,1057,-1,0,0,pos_SynthID
SynthID,dia100,1,4,13,0.5062639821029082,0.5062639821029082,1091,-1,0,0,pos_SynthID
SynthID,dia100,1,4,14,0.5075702075702075,0.5075702075702075,1062,-1,0,0,pos_SynthID
SynthID,dia100,1,5,11,0.5093297101449276,0.5093297101449276,855,-1,0,0,pos_SynthID
SynthID,dia100,1,5,12,0.5079211469534051,0.5079211469534051,1021,-1,0,0,pos_SynthID
SynthID,dia100,1,5,13,0.5043790109475274,0.5043790109475274,977,-1,0,0,pos_SynthID
SynthID,dia100,1,5,14,0.5076951951951952,0.5076951951951952,1010,-1,0,0,pos_SynthID
SynthID,dia100,1,6,11,0.5056567593480346,0.5056567593480346,1118,-1,0,0,pos_SynthID
SynthID,dia100,1,6,12,0.5037947037947038,0.5037947037947038,1323,-1,0,0,pos_SynthID
SynthID,dia100,1,6,13,0.5167394468704513,0.5167394468704513,1194,-1,0,0,pos_SynthID
SynthID,dia100,1,6,14,0.5140472078295912,0.5140472078295912,1253,-1,0,0,pos_SynthID
SynthID,dia100,1,7,11,0.5155029585798817,0.5155029585798817,890,-1,0,0,pos_SynthID
SynthID,dia100,1,7,12,0.5120676968359088,0.5120676968359088,1881,-1,0,0,pos_SynthID
SynthID,dia100,1,7,13,0.5096726190476191,0.5096726190476191,956,-1,0,0,pos_SynthID
SynthID,dia100,1,7,14,0.5161572052401747,0.5161572052401747,1035,-1,0,0,pos_SynthID
SynthID,dia100,1,8,11,0.5068796068796069,0.5068796068796069,923,-1,0,0,pos_SynthID
SynthID,dia100,1,8,12,0.5061363636363636,0.5061363636363636,982,-1,0,0,pos_SynthID
SynthID,dia100,1,8,13,0.5114521841794569,0.5114521841794569,920,-1,0,0,pos_SynthID
SynthID,dia100,1,8,14,0.5032245532245532,0.5032245532245532,947,-1,0,0,pos_SynthID
SynthID,dia100,1,9,11,0.5112248379392699,0.5112248379392699,1161,-1,0,0,pos_SynthID
SynthID,dia100,1,9,12,0.5075555555555555,0.5075555555555555,1233,-1,0,0,pos_SynthID
SynthID,dia100,1,9,13,0.5056847545219638,0.5056847545219638,1064,-1,0,0,pos_SynthID
SynthID,dia100,1,9,14,0.5053658536585366,0.5053658536585366,1217,-1,0,0,pos_SynthID
SynthID,dia100,1,10,11,0.5183885640025991,0.5183885640025991,1178,-1,0,0,pos_SynthID
SynthID,dia100,1,10,12,0.511566367904396,0.511566367904396,841,-1,0,0,pos_SynthID
SynthID,dia100,1,10,13,0.5162297128589264,0.5162297128589264,922,-1,0,0,pos_SynthID
SynthID,dia100,1,10,14,0.5217569786535303,0.5217569786535303,856,-1,0,0,pos_SynthID
SynthID,dia100,1,11,11,0.505121412803532,0.505121412803532,821,-1,0,0,pos_SynthID
SynthID,dia100,1,11,12,0.5052294557097119,0.5052294557097119,1070,-1,0,0,pos_SynthID
SynthID,dia100,1,11,13,0.5089339339339339,0.5089339339339339,1007,-1,0,0,pos_SynthID
SynthID,dia100,1,11,14,0.5101990049751244,0.5101990049751244,1046,-1,0,0,pos_SynthID
SynthID,dia100,1,12,11,0.5075268817204301,0.5075268817204301,1032,-1,0,0,pos_SynthID
SynthID,dia100,1,12,12,0.505667018655403,0.505667018655403,1065,-1,0,0,pos_SynthID
SynthID,dia100,1,12,13,0.5023537556247837,0.5023537556247837,1096,-1,0,0,pos_SynthID
SynthID,dia100,1,12,14,0.5044336569579289,0.5044336569579289,1124,-1,0,0,pos_SynthID
SynthID,dia100,1,13,11,0.5091710758377425,0.5091710758377425,1199,-1,0,0,pos_SynthID
SynthID,dia100,1,13,12,0.5129559748427673,0.5129559748427673,830,-1,0,0,pos_SynthID
SynthID,dia100,1,13,13,0.5111556982343499,0.5111556982343499,1299,-1,0,0,pos_SynthID
SynthID,dia100,1,13,14,0.5121293800539084,0.5121293800539084,1172,-1,0,0,pos_SynthID
SynthID,dia100,1,14,11,0.5096969696969696,0.5096969696969696,1305,-1,0,0,pos_SynthID
SynthID,dia100,1,14,12,0.5098997493734336,0.5098997493734336,1185,-1,0,0,pos_SynthID
SynthID,dia100,1,14,13,0.5046622613803231,0.5046622613803231,991,-1,0,0,pos_SynthID
SynthID,dia100,1,14,14,0.5038490284005979,0.5038490284005979,980,-1,0,0,pos_SynthID
SynthID,dia100,1,15,11,0.501375988992088,0.501375988992088,1152,-1,0,0,pos_SynthID
SynthID,dia100,1,15,12,0.502713987473904,0.502713987473904,1124,-1,0,0,pos_SynthID
SynthID,dia100,1,15,13,0.5078390565383282,0.5078390565383282,1140,-1,0,0,pos_SynthID
SynthID,dia100,1,15,14,0.5083241252302025,0.5083241252302025,1067,-1,0,0,pos_SynthID
SynthID,dia100,1,16,11,0.5173677501593371,0.5173677501593371,1092,-1,0,0,pos_SynthID
SynthID,dia100,1,16,12,0.5120515499825845,0.5120515499825845,1041,-1,0,0,pos_SynthID
SynthID,dia100,1,16,13,0.5137608550434202,0.5137608550434202,1055,-1,0,0,pos_SynthID
SynthID,dia100,1,16,14,0.519298245614035,0.519298245614035,923,-1,0,0,pos_SynthID
SynthID,dia100,1,17,11,0.5093942691331157,0.5093942691331157,1005,-1,0,0,pos_SynthID
SynthID,dia100,1,17,12,0.5156607495069033,0.5156607495069033,982,-1,0,0,pos_SynthID
SynthID,dia100,1,17,13,0.5168008048289738,0.5168008048289738,1101,-1,0,0,pos_SynthID
SynthID,dia100,1,17,14,0.5073556797020484,0.5073556797020484,1162,-1,0,0,pos_SynthID
SynthID,dia100,1,18,11,0.5074784276126558,0.5074784276126558,1234,-1,0,0,pos_SynthID
SynthID,dia100,1,18,12,0.5046321525885559,0.5046321525885559,1278,-1,0,0,pos_SynthID
SynthID,dia100,1,18,13,0.5047759241086032,0.5047759241086032,1200,-1,0,0,pos_SynthID
SynthID,dia100,1,18,14,0.5106044905008635,0.5106044905008635,1131,-1,0,0,pos_SynthID
SynthID,dia100,1,19,11,0.5100972091564754,0.5100972091564754,1111,-1,0,0,pos_SynthID
SynthID,dia100,1,19,12,0.5139616055846422,0.5139616055846422,1325,-1,0,0,pos_SynthID
SynthID,dia100,1,19,13,0.500111234705228,0.500111234705228,952,-1,0,0,pos_SynthID
SynthID,dia100,1,19,14,0.5103838383838384,0.5103838383838384,848,-1,0,0,pos_SynthID
SynthID,dia100,1,20,11,0.5039264828738513,0.5039264828738513,958,-1,0,0,pos_SynthID
SynthID,dia100,1,20,12,0.5091441969519344,0.5091441969519344,1109,-1,0,0,pos_SynthID
SynthID,dia100,1,20,13,0.5054958183990442,0.5054958183990442,1008,-1,0,0,pos_SynthID
SynthID,dia100,1,20,14,0.4979961464354528,0.4979961464354528,1034,-1,0,0,pos_SynthID
SynthID,dia100,1,21,11,0.5111111111111111,0.5111111111111111,886,-1,0,0,pos_SynthID
SynthID,dia100,1,21,12,0.5067691181851446,0.5067691181851446,1010,-1,0,0,pos_SynthID
SynthID,dia100,1,21,13,0.5086847860043736,0.5086847860043736,1185,-1,0,0,pos_SynthID
SynthID,dia100,1,21,14,0.5086200517943026,0.5086200517943026,975,-1,0,0,pos_SynthID
SynthID,dia100,1,22,11,0.5081144781144781,0.5081144781144781,1072,-1,0,0,pos_SynthID
SynthID,dia100,1,22,12,0.5057605177993527,0.5057605177993527,1139,-1,0,0,pos_SynthID
SynthID,dia100,1,22,13,0.5030269472129937,0.5030269472129937,1038,-1,0,0,pos_SynthID
SynthID,dia100,1,22,14,0.5204827831025914,0.5204827831025914,1003,-1,0,0,pos_SynthID
SynthID,dia100,1,23,11,0.5096380471380472,0.5096380471380472,861,-1,0,0,pos_SynthID
SynthID,dia100,1,23,12,0.50755500207555,0.50755500207555,852,-1,0,0,pos_SynthID
SynthID,dia100,1,23,13,0.5119180633147113,0.5119180633147113,953,-1,0,0,pos_SynthID
SynthID,dia100,1,23,14,0.5109141055949566,0.5109141055949566,885,-1,0,0,pos_SynthID
SynthID,dia50,0,0,11,0.4974387527839644,0.4974387527839644,1028,-1,0,0,neg
SynthID,dia50,0,0,12,0.500140350877193,0.500140350877193,1055,-1,0,0,neg
SynthID,dia50,0,0,13,0.5024478041756659,0.5024478041756659,1087,-1,0,0,neg
SynthID,dia50,0,0,14,0.49988826815642456,0.49988826815642456,1011,-1,0,0,neg
SynthID,dia50,0,1,11,0.49962839093273875,0.49962839093273875,989,-1,0,0,neg
SynthID,dia50,0,1,12,0.5026928675400291,0.5026928675400291,1002,-1,0,0,neg
SynthID,dia50,0,1,13,0.49806473139806473,0.49806473139806473,1102,-1,0,0,neg
SynthID,dia50,0,1,14,0.5031411677753141,0.5031411677753141,986,-1,0,0,neg
SynthID,dia50,0,2,11,0.4975084937712344,0.4975084937712344,951,-1,0,0,neg
SynthID,dia50,0,2,12,0.5041928721174004,0.5041928721174004,827,-1,0,0,neg
SynthID,dia50,0,2,13,0.4940162271805274,0.4940162271805274,1054,-1,0,0,neg
SynthID,dia50,0,2,14,0.4966235632183908,0.4966235632183908,983,-1,0,0,neg
SynthID,dia50,0,3,11,0.5037181996086105,0.5037181996086105,1083,-1,0,0,neg
SynthID,dia50,0,3,12,0.4940104166666667,0.4940104166666667,971,-1,0,0,neg
SynthID,dia50,0,3,13,0.4993684210526316,0.4993684210526316,1040,-1,0,0,neg
SynthID,dia50,0,3,14,0.5044571792422795,0.5044571792422795,1126,-1,0,0,neg
SynthID,dia50,0,4,11,0.49978094194961664,0.49978094194961664,1242,-1,0,0,neg
SynthID,dia50,0,4,12,0.5015412186379928,0.5015412186379928,1090,-1,0,0,neg
SynthID,dia50,0,4,13,0.5001107419712071,0.5001107419712071,1058,-1,0,0,neg
SynthID,dia50,0,4,14,0.5030341340075853,0.5030341340075853,931,-1,0,0,neg
SynthID,dia50,0,5,11,0.5084224598930481,0.5084224598930481,845,-1,0,0,neg
SynthID,dia50,0,5,12,0.5003550295857988,0.5003550295857988,908,-1,0,0,neg
SynthID,dia50,0,5,13,0.5002155172413794,0.5002155172413794,984,-1,0,0,neg
SynthID,dia50,0,5,14,0.5034843205574913,0.5034843205574913,939,-1,0,0,neg
SynthID,dia50,0,6,11,0.5063393268787459,0.5063393268787459,1529,-1,0,0,neg
SynthID,dia50,0,6,12,0.4992248062015504,0.4992248062015504,1083,-1,0,0,neg
SynthID,dia50,0,6,13,0.4971219256933543,0.4971219256933543,1317,-1,0,0,neg
SynthID,dia50,0,6,14,0.5000283929585463,0.5000283929585463,1236,-1,0,0,neg
SynthID,dia50,0,7,11,0.49796149490373726,0.49796149490373726,930,-1,0,0,neg
SynthID,dia50,0,7,12,0.5003894080996885,0.5003894080996885,913,-1,0,0,neg
SynthID,dia50,0,7,13,0.5031446540880503,0.5031446540880503,1079,-1,0,0,neg
SynthID,dia50,0,7,14,0.5016513056835638,0.5016513056835638,936,-1,0,0,neg
SynthID,dia50,0,8,11,0.5,0.5,850,-1,0,0,neg
SynthID,dia50,0,8,12,0.5006188118811881,0.5006188118811881,869,-1,0,0,neg
SynthID,dia50,0,8,13,0.4991935483870968,0.4991935483870968,830,-1,0,0,neg
SynthID,dia50,0,8,14,0.4991944764096663,0.4991944764096663,984,-1,0,0,neg
SynthID,dia50,0,9,11,0.5026099925428784,0.5026099925428784,995,-1,0,0,neg
SynthID,dia50,0,9,12,0.5044781509570242,0.5044781509570242,1035,-1,0,0,neg
SynthID,dia50,0,9,13,0.49919328815747016,0.49919328815747016,1131,-1,0,0,neg
SynthID,dia50,0,9,14,0.5016339869281046,0.5016339869281046,1049,-1,0,0,neg
SynthID,dia50,0,10,11,0.4960093896713615,0.4960093896713615,922,-1,0,0,neg
SynthID,dia50,0,10,12,0.5065773447015834,0.5065773447015834,876,-1,0,0,neg
SynthID,dia50,0,10,13,0.5007454739084132,0.5007454739084132,1001,-1,0,0,neg
SynthID,dia50,0,10,14,0.4985685071574642,0.4985685071574642,1048,-1,0,0,neg
SynthID,dia50,0,11,11,0.4966120218579235,0.4966120218579235,976,-1,0,0,neg
SynthID,dia50,0,11,12,0.5045977011494253,0.5045977011494253,968,-1,0,0,neg
SynthID,dia50,0,11,13,0.5050873196659074,0.5050873196659074,965,-1,0,0,neg
SynthID,dia50,0,11,14,0.502495126705653,0.502495126705653,903,-1,0,0,neg
SynthID,dia50,0,12,11,0.49788542868127644,0.49788542868127644,963,-1,0,0,neg
SynthID,dia50,0,12,12,0.5020430107526882,0.5020430107526882,1018,-1,0,0,neg
SynthID,dia50,0,12,13,0.4974888618874038,0.4974888618874038,906,-1,0,0,neg
SynthID,dia50,0,12,14,0.4962377727614748,0.4962377727614748,997,-1,0,0,neg
SynthID,dia50,0,13,11,0.498989898989899,0.498989898989899,913,-1,0,0,neg
SynthID,dia50,0,13,12,0.5023726176584986,0.5023726176584986,876,-1,0,0,neg
SynthID,dia50,0,13,13,0.49885693215339233,0.49885693215339233,930,-1,0,0,neg
SynthID,dia50,0,13,14,0.49659300184162064,0.49659300184162064,1140,-1,0,0,neg
SynthID,dia50,0,14,11,0.49900221729490024,0.49900221729490024,950,-1,0,0,neg
SynthID,dia50,0,14,12,0.5018242122719735,0.5018242122719735,1076,-1,0,0,neg
SynthID,dia50,0,14,13,0.5061664953751285,0.5061664953751285,1038,-1,0,0,neg
SynthID,dia50,0,14,14,0.4987324426173347,0.4987324426173347,1032,-1,0,0,neg
SynthID,dia50,0,15,11,0.5065709728867623,0.5065709728867623,1187,-1,0,0,neg
SynthID,dia50,0,15,12,0.5009752699407872,0.5009752699407872,1128,-1,0,0,neg
SynthID,dia50,0,15,13,0.4960926694329184,0.4960926694329184,1124,-1,0,0,neg
SynthID,dia50,0,15,14,0.5021348314606742,0.5021348314606742,1011,-1,0,0,neg
SynthID,dia50,0,16,11,0.501115760111576,0.501115760111576,1008,-1,0,0,neg
SynthID,dia50,0,16,12,0.4980886850152905,0.4980886850152905,939,-1,0,0,neg
SynthID,dia50,0,16,13,0.5004884004884005,0.5004884004884005,898,-1,0,0,neg
SynthID,dia50,0,16,14,0.5012444444444445,0.5012444444444445,855,-1,0,0,neg
SynthID,dia50,0,17,11,0.49848130841121496,0.49848130841121496,931,-1,0,0,neg
SynthID,dia50,0,17,12,0.5007290400972053,0.5007290400972053,891,-1,0,0,neg
SynthID,dia50,0,17,13,0.4964108910891089,0.4964108910891089,881,-1,0,0,neg
SynthID,dia50,0,17,14,0.49988023952095806,0.49988023952095806,901,-1,0,0,neg
SynthID,dia50,0,18,11,0.5040364583333333,0.5040364583333333,1093,-1,0,0,neg
SynthID,dia50,0,18,12,0.5007376185458378,0.5007376185458378,1058,-1,0,0,neg
SynthID,dia50,0,18,13,0.49642857142857144,0.49642857142857144,1123,-1,0,0,neg
SynthID,dia50,0,18,14,0.503722854188211,0.503722854188211,1049,-1,0,0,neg
SynthID,dia50,0,19,11,0.498974358974359,0.498974358974359,969,-1,0,0,neg
SynthID,dia50,0,19,12,0.505098452883263,0.505098452883263,1000,-1,0,0,neg
SynthID,dia50,0,19,13,0.5056128293241695,0.5056128293241695,945,-1,0,0,neg
SynthID,dia50,0,19,14,0.497283477149249,0.497283477149249,1069,-1,0,0,neg
SynthID,dia50,0,20,11,0.4963245997088792,0.4963245997088792,1012,-1,0,0,neg
SynthID,dia50,0,20,12,0.5033212560386473,0.5033212560386473,1290,-1,0,0,neg
SynthID,dia50,0,20,13,0.5034260378879484,0.5034260378879484,925,-1,0,0,neg
SynthID,dia50,0,20,14,0.5011376564277589,0.5011376564277589,1022,-1,0,0,neg
SynthID,dia50,0,21,11,0.5017563117453347,0.5017563117453347,984,-1,0,0,neg
SynthID,dia50,0,21,12,0.5007505970658478,0.5007505970658478,1054,-1,0,0,neg
SynthID,dia50,0,21,13,0.5003405221339388,0.5003405221339388,937,-1,0,0,neg
SynthID,dia50,0,21,14,0.50220700152207,0.50220700152207,945,-1,0,0,neg
SynthID,dia50,0,22,11,0.49937106918238994,0.49937106918238994,962,-1,0,0,neg
SynthID,dia50,0,22,12,0.5038345105953582,0.5038345105953582,1109,-1,0,0,neg
SynthID,dia50,0,22,13,0.49817258883248733,0.49817258883248733,1087,-1,0,0,neg
SynthID,dia50,0,22,14,0.5033532536520584,0.5033532536520584,1112,-1,0,0,neg
SynthID,dia50,0,23,11,0.4988193624557261,0.4988193624557261,902,-1,0,0,neg
SynthID,dia50,0,23,12,0.5010215664018162,0.5010215664018162,917,-1,0,0,neg
SynthID,dia50,0,23,13,0.5000765403750478,0.5000765403750478,959,-1,0,0,neg
SynthID,dia50,0,23,14,0.5057119543043656,0.5057119543043656,859,-1,0,0,neg
SynthID,dia50,1,0,11,0.5146310432569975,0.5146310432569975,1165,-1,0,0,pos_SynthID
SynthID,dia50,1,0,12,0.5120350109409191,0.5120350109409191,1024,-1,0,0,pos_SynthID
SynthID,dia50,1,0,13,0.5117460317460317,0.5117460317460317,947,-1,0,0,pos_SynthID
SynthID,dia50,1,0,14,0.5116201117318436,0.5116201117318436,1009,-1,0,0,pos_SynthID
SynthID,dia50,1,1,11,0.5150353178607467,0.5150353178607467,1069,-1,0,0,pos_SynthID
SynthID,dia50,1,1,12,0.5140870837907062,0.5140870837907062,969,-1,0,0,pos_SynthID
SynthID,dia50,1,1,13,0.5131616595135908,0.5131616595135908,1008,-1,0,0,pos_SynthID
SynthID,dia50,1,1,14,0.5181398651047213,0.5181398651047213,1016,-1,0,0,pos_SynthID
SynthID,dia50,1,2,11,0.5236638537271449,0.5236638537271449,979,-1,0,0,pos_SynthID
SynthID,dia50,1,2,12,0.5323763955342903,0.5323763955342903,905,-1,0,0,pos_SynthID
SynthID,dia50,1,2,13,0.523202614379085,0.523202614379085,842,-1,0,0,pos_SynthID
SynthID,dia50,1,2,14,0.5248600223964166,0.5248600223964166,921,-1,0,0,pos_SynthID
SynthID,dia50,1,3,11,0.5202020202020202,0.5202020202020202,856,-1,0,0,pos_SynthID
SynthID,dia50,1,3,12,0.5129776021080369,0.5129776021080369,1063,-1,0,0,pos_SynthID
SynthID,dia50,1,3,13,0.5118033921772239,0.5118033921772239,1025,-1,0,0,pos_SynthID
SynthID,dia50,1,3,14,0.5063806380638064,0.5063806380638064,966,-1,0,0,pos_SynthID
SynthID,dia50,1,4,11,0.5161800486618005,0.5161800486618005,1813,-1,0,0,pos_SynthID
SynthID,dia50,1,4,12,0.5187739463601533,0.5187739463601533,1028,-1,0,0,pos_SynthID
SynthID,dia50,1,4,13,0.5114818801578759,0.5114818801578759,1059,-1,0,0,pos_SynthID
SynthID,dia50,1,4,14,0.512485549132948,0.512485549132948,1046,-1,0,0,pos_SynthID
SynthID,dia50,1,5,11,0.5130873956960913,0.5130873956960913,834,-1,0,0,pos_SynthID
SynthID,dia50,1,5,12,0.5173773987206823,0.5173773987206823,1004,-1,0,0,pos_SynthID
SynthID,dia50,1,5,13,0.5143930853062758,0.5143930853062758,963,-1,0,0,pos_SynthID
SynthID,dia50,1,5,14,0.5176688938381588,0.5176688938381588,996,-1,0,0,pos_SynthID
SynthID,dia50,1,6,11,0.5139102564102564,0.5139102564102564,1080,-1,0,0,pos_SynthID
SynthID,dia50,1,6,12,0.5132894014277869,0.5132894014277869,1271,-1,0,0,pos_SynthID
SynthID,dia50,1,6,13,0.524702121476315,0.524702121476315,1173,-1,0,0,pos_SynthID
SynthID,dia50,1,6,14,0.5214821222606689,0.5214821222606689,1207,-1,0,0,pos_SynthID
SynthID,dia50,1,7,11,0.5283353010625738,0.5283353010625738,878,-1,0,0,pos_SynthID
SynthID,dia50,1,7,12,0.5162650602409639,0.5162650602409639,1873,-1,0,0,pos_SynthID
SynthID,dia50,1,7,13,0.5205072463768116,0.5205072463768116,958,-1,0,0,pos_SynthID
SynthID,dia50,1,7,14,0.5234490010515247,0.5234490010515247,1023,-1,0,0,pos_SynthID
SynthID,dia50,1,8,11,0.5064087061668682,0.5064087061668682,908,-1,0,0,pos_SynthID
SynthID,dia50,1,8,12,0.509280303030303,0.509280303030303,946,-1,0,0,pos_SynthID
SynthID,dia50,1,8,13,0.5138230647709321,0.5138230647709321,891,-1,0,0,pos_SynthID
SynthID,dia50,1,8,14,0.5092272202998847,0.5092272202998847,934,-1,0,0,pos_SynthID
SynthID,dia50,1,9,11,0.5101621979476995,0.5101621979476995,1116,-1,0,0,pos_SynthID
SynthID,dia50,1,9,12,0.5155242566510172,0.5155242566510172,1176,-1,0,0,pos_SynthID
SynthID,dia50,1,9,13,0.5128654970760234,0.5128654970760234,1029,-1,0,0,pos_SynthID
SynthID,dia50,1,9,14,0.514182389937107,0.514182389937107,1172,-1,0,0,pos_SynthID
SynthID,dia50,1,10,11,0.5279174725983237,0.5279174725983237,1146,-1,0,0,pos_SynthID
SynthID,dia50,1,10,12,0.5257250945775536,0.5257250945775536,839,-1,0,0,pos_SynthID
SynthID,dia50,1,10,13,0.5201421800947867,0.5201421800947867,938,-1,0,0,pos_SynthID
SynthID,dia50,1,10,14,0.5293544457978075,0.5293544457978075,857,-1,0,0,pos_SynthID
SynthID,dia50,1,11,11,0.5132524707996406,0.5132524707996406,793,-1,0,0,pos_SynthID
SynthID,dia50,1,11,12,0.5087002096436058,0.5087002096436058,1044,-1,0,0,pos_SynthID
SynthID,dia50,1,11,13,0.5117668893838159,0.5117668893838159,988,-1,0,0,pos_SynthID
SynthID,dia50,1,11,14,0.5169323414806943,0.5169323414806943,1012,-1,0,0,pos_SynthID
SynthID,dia50,1,12,11,0.5141359363702097,0.5141359363702097,992,-1,0,0,pos_SynthID
SynthID,dia50,1,12,12,0.5116612845353427,0.5116612845353427,1015,-1,0,0,pos_SynthID
SynthID,dia50,1,12,13,0.5120603015075377,0.5120603015075377,1078,-1,0,0,pos_SynthID
SynthID,dia50,1,12,14,0.5135396518375241,0.5135396518375241,1099,-1,0,0,pos_SynthID
SynthID,dia50,1,13,11,0.5180730101735488,0.5180730101735488,1165,-1,0,0,pos_SynthID
SynthID,dia50,1,13,12,0.5225369458128079,0.5225369458128079,828,-1,0,0,pos_SynthID
SynthID,dia50,1,13,13,0.5212591986917416,0.5212591986917416,1258,-1,0,0,pos_SynthID
SynthID,dia50,1,13,14,0.5168313866427074,0.5168313866427074,1147,-1,0,0,pos_SynthID
SynthID,dia50,1,14,11,0.5162636729994243,0.5162636729994243,1241,-1,0,0,pos_SynthID
SynthID,dia50,1,14,12,0.5114974077462641,0.5114974077462641,1144,-1,0,0,pos_SynthID
SynthID,dia50,1,14,13,0.5107939992682035,0.5107939992682035,945,-1,0,0,pos_SynthID
SynthID,dia50,1,14,14,0.5079207920792079,0.5079207920792079,948,-1,0,0,pos_SynthID
SynthID,dia50,1,15,11,0.50748031496063,0.50748031496063,1120,-1,0,0,pos_SynthID
SynthID,dia50,1,15,12,0.5123405722164771,0.5123405722164771,1079,-1,0,0,pos_SynthID
SynthID,dia50,1,15,13,0.508218729535036,0.508218729535036,1115,-1,0,0,pos_SynthID
SynthID,dia50,1,15,14,0.5051057622173596,0.5051057622173596,1023,-1,0,0,pos_SynthID
SynthID,dia50,1,16,11,0.5250160565189467,0.5250160565189467,1075,-1,0,0,pos_SynthID
SynthID,dia50,1,16,12,0.5259608665269042,0.5259608665269042,1016,-1,0,0,pos_SynthID
SynthID,dia50,1,16,13,0.5261497146693521,0.5261497146693521,1033,-1,0,0,pos_SynthID
SynthID,dia50,1,16,14,0.5354789272030651,0.5354789272030651,921,-1,0,0,pos_SynthID
SynthID,dia50,1,17,11,0.5174370537391958,0.5174370537391958,956,-1,0,0,pos_SynthID
SynthID,dia50,1,17,12,0.5204225352112676,0.5204225352112676,950,-1,0,0,pos_SynthID
SynthID,dia50,1,17,13,0.5180234505862646,0.5180234505862646,1088,-1,0,0,pos_SynthID
SynthID,dia50,1,17,14,0.5140087554721701,0.5140087554721701,1132,-1,0,0,pos_SynthID
SynthID,dia50,1,18,11,0.5129511677282378,0.5129511677282378,1189,-1,0,0,pos_SynthID
SynthID,dia50,1,18,12,0.5190561529271207,0.5190561529271207,1213,-1,0,0,pos_SynthID
SynthID,dia50,1,18,13,0.5054597701149425,0.5054597701149425,1146,-1,0,0,pos_SynthID
SynthID,dia50,1,18,14,0.5120538720538721,0.5120538720538721,1093,-1,0,0,pos_SynthID
SynthID,dia50,1,19,11,0.5156219864995178,0.5156219864995178,1065,-1,0,0,pos_SynthID
SynthID,dia50,1,19,12,0.5208477508650519,0.5208477508650519,1295,-1,0,0,pos_SynthID
SynthID,dia50,1,19,13,0.5045045045045045,0.5045045045045045,918,-1,0,0,pos_SynthID
SynthID,dia50,1,19,14,0.522636815920398,0.522636815920398,817,-1,0,0,pos_SynthID
SynthID,dia50,1,20,11,0.5137159137159137,0.5137159137159137,902,-1,0,0,pos_SynthID
SynthID,dia50,1,20,12,0.508798831690398,0.508798831690398,1082,-1,0,0,pos_SynthID
SynthID,dia50,1,20,13,0.5076365024818633,0.5076365024818633,968,-1,0,0,pos_SynthID
SynthID,dia50,1,20,14,0.5069977426636569,0.5069977426636569,994,-1,0,0,pos_SynthID
SynthID,dia50,1,21,11,0.5180521597392013,0.5180521597392013,864,-1,0,0,pos_SynthID
SynthID,dia50,1,21,12,0.5178021978021978,0.5178021978021978,964,-1,0,0,pos_SynthID
SynthID,dia50,1,21,13,0.5183085501858736,0.5183085501858736,1141,-1,0,0,pos_SynthID
SynthID,dia50,1,21,14,0.5180352455943007,0.5180352455943007,940,-1,0,0,pos_SynthID
SynthID,dia50,1,22,11,0.5174442190669372,0.5174442190669372,1046,-1,0,0,pos_SynthID
SynthID,dia50,1,22,12,0.5207321023647554,0.5207321023647554,1101,-1,0,0,pos_SynthID
SynthID,dia50,1,22,13,0.5138980564723139,0.5138980564723139,1008,-1,0,0,pos_SynthID
SynthID,dia50,1,22,14,0.5301200564971752,0.5301200564971752,999,-1,0,0,pos_SynthID
SynthID,dia50,1,23,11,0.5192854242793341,0.5192854242793341,856,-1,0,0,pos_SynthID
SynthID,dia50,1,23,12,0.5205811138014528,0.5205811138014528,849,-1,0,0,pos_SynthID
SynthID,dia50,1,23,13,0.517577706323687,0.517577706323687,963,-1,0,0,pos_SynthID
SynthID,dia50,1,23,14,0.5198936977980259,0.5198936977980259,899,-1,0,0,pos_SynthID
SynthID,morph,0,0,11,0.4982142857142857,0.4982142857142857,952,1,0,0,neg
SynthID,morph,0,0,12,0.49951980792316925,0.49951980792316925,971,0,0,0,neg
SynthID,morph,0,0,13,0.49959250203748984,0.49959250203748984,1018,0,0,0,neg
SynthID,morph,0,0,14,0.5001269035532995,0.5001269035532995,929,1,0,0,neg
SynthID,morph,0,1,11,0.49916666666666665,0.49916666666666665,899,1,0,0,neg
SynthID,morph,0,1,12,0.5021310816244471,0.5021310816244471,918,0,0,0,neg
SynthID,morph,0,1,13,0.5012977382276603,0.5012977382276603,1008,2,1,0,neg
SynthID,morph,0,1,14,0.4994274028629857,0.4994274028629857,918,0,0,0,neg
SynthID,morph,0,2,11,0.5010980392156863,0.5010980392156863,933,0,1,0,neg
SynthID,morph,0,2,12,0.5060367454068242,0.5060367454068242,802,0,0,0,neg
SynthID,morph,0,2,13,0.49520229144289296,0.49520229144289296,1006,2,1,0,neg
SynthID,morph,0,2,14,0.49988839285714287,0.49988839285714287,956,2,0,0,neg
SynthID,morph,0,3,11,0.501986276634164,0.501986276634164,994,0,0,0,neg
SynthID,morph,0,3,12,0.5008888888888889,0.5008888888888889,903,0,0,0,neg
SynthID,morph,0,3,13,0.5052878965922444,0.5052878965922444,961,1,0,0,neg
SynthID,morph,0,3,14,0.5026297085998579,0.5026297085998579,1022,0,0,0,neg
SynthID,morph,0,4,11,0.4997795414462081,0.4997795414462081,1140,0,1,0,neg
SynthID,morph,0,4,12,0.4998805256869773,0.4998805256869773,1017,0,0,0,neg
SynthID,morph,0,4,13,0.5023560209424084,0.5023560209424084,965,0,0,0,neg
SynthID,morph,0,4,14,0.5033333333333333,0.5033333333333333,884,0,0,0,neg
SynthID,morph,0,5,11,0.5036510194404932,0.5036510194404932,816,0,0,0,neg
SynthID,morph,0,5,12,0.5055339386078685,0.5055339386078685,870,0,0,0,neg
SynthID,morph,0,5,13,0.5054832347140039,0.5054832347140039,937,4,1,0,neg
SynthID,morph,0,5,14,0.5010879025239339,0.5010879025239339,888,0,0,0,neg
SynthID,morph,0,6,11,0.5057774428535544,0.5057774428535544,1433,0,0,0,neg
SynthID,morph,0,6,12,0.4967236467236467,0.4967236467236467,1007,0,0,0,neg
SynthID,morph,0,6,13,0.4978513356562137,0.4978513356562137,1219,0,0,0,neg
SynthID,morph,0,6,14,0.5024145500156789,0.5024145500156789,1152,0,1,0,neg
SynthID,morph,0,7,11,0.5031431897555297,0.5031431897555297,907,0,1,0,neg
SynthID,morph,0,7,12,0.5036858974358974,0.5036858974358974,913,1,1,0,neg
SynthID,morph,0,7,13,0.4999657064471879,0.4999657064471879,1054,2,2,0,neg
SynthID,morph,0,7,14,0.5011396011396011,0.5011396011396011,918,0,0,0,neg
SynthID,morph,0,8,11,0.49593621399176957,0.49593621399176957,769,0,0,0,neg
SynthID,morph,0,8,12,0.5020435967302452,0.5020435967302452,793,0,0,0,neg
SynthID,morph,0,8,13,0.5057817998994469,0.5057817998994469,748,0,0,0,neg
SynthID,morph,0,8,14,0.5054112554112554,0.5054112554112554,902,0,0,0,neg
SynthID,morph,0,9,11,0.49828753484667465,0.49828753484667465,957,0,0,0,neg
SynthID,morph,0,9,12,0.5048602673147023,0.5048602673147023,969,0,0,0,neg
SynthID,morph,0,9,13,0.5018046709129512,0.5018046709129512,1084,0,0,0,neg
SynthID,morph,0,9,14,0.4993703266430539,0.4993703266430539,995,0,0,0,neg
SynthID,morph,0,10,11,0.4969887076537014,0.4969887076537014,889,0,0,0,neg
SynthID,morph,0,10,12,0.50671834625323,0.50671834625323,855,1,0,0,neg
SynthID,morph,0,10,13,0.497858988556663,0.497858988556663,982,3,0,0,neg
SynthID,morph,0,10,14,0.49877609791216704,0.49877609791216704,1011,0,1,0,neg
SynthID,morph,0,11,11,0.5009650180940892,0.5009650180940892,914,0,0,0,neg
SynthID,morph,0,11,12,0.5024249897246198,0.5024249897246198,902,0,0,0,neg
SynthID,morph,0,11,13,0.5030340814630091,0.5030340814630091,908,0,0,0,neg
SynthID,morph,0,11,14,0.5049382716049383,0.5049382716049383,843,0,0,0,neg
SynthID,morph,0,12,11,0.4979539641943734,0.4979539641943734,897,4,1,0,neg
SynthID,morph,0,12,12,0.49968102073365234,0.49968102073365234,946,0,0,0,neg
SynthID,morph,0,12,13,0.498607367475292,0.498607367475292,847,0,0,0,neg
SynthID,morph,0,12,14,0.49828092243186584,0.49828092243186584,924,0,0,0,neg
SynthID,morph,0,13,11,0.5028950542822678,0.5028950542822678,851,0,0,0,neg
SynthID,morph,0,13,12,0.5010152284263959,0.5010152284263959,809,1,0,0,neg
SynthID,morph,0,13,13,0.49846153846153846,0.49846153846153846,870,1,1,0,neg
SynthID,morph,0,13,14,0.49740437158469947,0.49740437158469947,1043,0,1,0,neg
SynthID,morph,0,14,11,0.4993781094527363,0.4993781094527363,877,0,0,0,neg
SynthID,morph,0,14,12,0.5018663680477791,0.5018663680477791,977,0,0,0,neg
SynthID,morph,0,14,13,0.5079328756674294,0.5079328756674294,950,0,0,0,neg
SynthID,morph,0,14,14,0.5056398288603656,0.5056398288603656,937,0,0,0,neg
SynthID,morph,0,15,11,0.5040778151889262,0.5040778151889262,1071,0,0,0,neg
SynthID,morph,0,15,12,0.500476758045292,0.500476758045292,1031,0,0,0,neg
SynthID,morph,0,15,13,0.4991060025542784,0.4991060025542784,1009,0,0,0,neg
SynthID,morph,0,15,14,0.5017982456140351,0.5017982456140351,937,0,0,0,neg
SynthID,morph,0,16,11,0.5014254385964912,0.5014254385964912,982,1,0,0,neg
SynthID,morph,0,16,12,0.4943186332936035,0.4943186332936035,919,3,0,0,neg
SynthID,morph,0,16,13,0.49681309216192937,0.49681309216192937,864,0,0,0,neg
SynthID,morph,0,16,14,0.49976156413924655,0.49976156413924655,819,0,0,0,neg
SynthID,morph,0,17,11,0.500943800943801,0.500943800943801,867,2,0,0,neg
SynthID,morph,0,17,12,0.5017333333333334,0.5017333333333334,831,0,0,0,neg
SynthID,morph,0,17,13,0.5010516689529035,0.5010516689529035,815,3,0,0,neg
SynthID,morph,0,17,14,0.4936031331592689,0.4936031331592689,843,0,0,0,neg
SynthID,morph,0,18,11,0.5036912751677852,0.5036912751677852,973,0,1,0,neg
SynthID,morph,0,18,12,0.5012519561815336,0.5012519561815336,976,0,0,0,neg
SynthID,morph,0,18,13,0.5022294138798993,0.5022294138798993,1039,3,2,0,neg
SynthID,morph,0,18,14,0.5024464831804282,0.5024464831804282,973,0,0,0,neg
SynthID,morph,0,19,11,0.5015873015873016,0.5015873015873016,856,0,0,0,neg
SynthID,morph,0,19,12,0.5047841306884481,0.5047841306884481,927,0,0,0,neg
SynthID,morph,0,19,13,0.503355119825708,0.503355119825708,843,0,0,0,neg
SynthID,morph,0,19,14,0.4960267229254571,0.4960267229254571,980,2,0,0,neg
SynthID,morph,0,20,11,0.4984126984126984,0.4984126984126984,955,0,0,0,neg
SynthID,morph,0,20,12,0.5047568710359408,0.5047568710359408,1214,0,0,0,neg
SynthID,morph,0,20,13,0.5015427769985975,0.5015427769985975,844,0,0,0,neg
SynthID,morph,0,20,14,0.5038560411311054,0.5038560411311054,967,0,0,0,neg
SynthID,morph,0,21,11,0.4994516255385821,0.4994516255385821,943,0,0,0,neg
SynthID,morph,0,21,12,0.5032036613272312,0.5032036613272312,981,0,0,0,neg
SynthID,morph,0,21,13,0.5004135649296939,0.5004135649296939,883,0,0,0,neg
SynthID,morph,0,21,14,0.5013801756587202,0.5013801756587202,893,0,0,0,neg
SynthID,morph,0,22,11,0.49803439803439803,0.49803439803439803,883,0,0,0,neg
SynthID,morph,0,22,12,0.4986842105263158,0.4986842105263158,1048,0,3,0,neg
SynthID,morph,0,22,13,0.502031193326079,0.502031193326079,1020,0,0,0,neg
SynthID,morph,0,22,14,0.5001839587932303,0.5001839587932303,1025,0,0,0,neg
SynthID,morph,0,23,11,0.4992744344857021,0.4992744344857021,885,0,0,0,neg
SynthID,morph,0,23,12,0.4975677830940989,0.4975677830940989,911,19,6,0,neg
SynthID,morph,0,23,13,0.49787955894826125,0.49787955894826125,981,20,6,0,neg
SynthID,morph,0,23,14,0.5057204301075269,0.5057204301075269,872,14,8,0,neg
SynthID,morph,1,0,11,0.5298360655737705,0.5298360655737705,1073,0,0,0,pos_SynthID
SynthID,morph,1,0,12,0.5255707762557078,0.5255707762557078,945,0,0,0,pos_SynthID
SynthID,morph,1,0,13,0.5294836956521739,0.5294836956521739,870,0,0,0,pos_SynthID
SynthID,morph,1,0,14,0.5265737220109844,0.5265737220109844,940,0,0,0,pos_SynthID
SynthID,morph,1,1,11,0.5306457633445315,0.5306457633445315,976,0,0,0,pos_SynthID
SynthID,morph,1,1,12,0.5289802498992342,0.5289802498992342,883,3,0,0,pos_SynthID
SynthID,morph,1,1,13,0.5259346713892168,0.5259346713892168,928,1,0,0,pos_SynthID
SynthID,morph,1,1,14,0.5303243454474404,0.5303243454474404,955,6,0,0,pos_SynthID
SynthID,morph,1,2,11,0.5436896807720861,0.5436896807720861,939,0,0,0,pos_SynthID
SynthID,morph,1,2,12,0.557368202573682,0.557368202573682,879,2,0,0,pos_SynthID
SynthID,morph,1,2,13,0.5525490196078431,0.5525490196078431,810,0,1,0,pos_SynthID
SynthID,morph,1,2,14,0.5451025938830817,0.5451025938830817,897,4,0,0,pos_SynthID
SynthID,morph,1,3,11,0.5274509803921569,0.5274509803921569,792,2,1,0,pos_SynthID
SynthID,morph,1,3,12,0.5269806498722162,0.5269806498722162,969,0,0,0,pos_SynthID
SynthID,morph,1,3,13,0.5258503401360545,0.5258503401360545,955,2,0,0,pos_SynthID
SynthID,morph,1,3,14,0.5237294917967187,0.5237294917967187,906,0,0,0,pos_SynthID
SynthID,morph,1,4,11,0.5421875,0.5421875,1800,0,0,0,pos_SynthID
SynthID,morph,1,4,12,0.537976346911958,0.537976346911958,955,0,0,0,pos_SynthID
SynthID,morph,1,4,13,0.5283394234673163,0.5283394234673163,985,0,0,0,pos_SynthID
SynthID,morph,1,4,14,0.5332469775474957,0.5332469775474957,977,0,0,0,pos_SynthID
SynthID,morph,1,5,11,0.5235867446393763,0.5235867446393763,793,0,0,0,pos_SynthID
SynthID,morph,1,5,12,0.5303592120509849,0.5303592120509849,957,3,0,0,pos_SynthID
SynthID,morph,1,5,13,0.5283049472830494,0.5283049472830494,916,2,0,0,pos_SynthID
SynthID,morph,1,5,14,0.5304703476482617,0.5304703476482617,936,0,0,0,pos_SynthID
SynthID,morph,1,6,11,0.5346207376478775,0.5346207376478775,1010,0,0,0,pos_SynthID
SynthID,morph,1,6,12,0.5348227584152517,0.5348227584152517,1196,0,1,0,pos_SynthID
SynthID,morph,1,6,13,0.5393432465923172,0.5393432465923172,1114,1,0,0,pos_SynthID
SynthID,morph,1,6,14,0.5404135338345865,0.5404135338345865,1136,0,0,0,pos_SynthID
SynthID,morph,1,7,11,0.5458937198067633,0.5458937198067633,874,2,1,0,pos_SynthID
SynthID,morph,1,7,12,0.53710407239819,0.53710407239819,1821,1,0,0,pos_SynthID
SynthID,morph,1,7,13,0.5467117624953025,0.5467117624953025,943,0,0,0,pos_SynthID
SynthID,morph,1,7,14,0.5466142910587355,0.5466142910587355,994,0,1,0,pos_SynthID
SynthID,morph,1,8,11,0.5256617317182594,0.5256617317182594,828,0,0,0,pos_SynthID
SynthID,morph,1,8,12,0.529648033126294,0.529648033126294,877,0,0,0,pos_SynthID
SynthID,morph,1,8,13,0.5268324607329843,0.5268324607329843,820,0,0,0,pos_SynthID
SynthID,morph,1,8,14,0.5196581196581197,0.5196581196581197,852,0,0,0,pos_SynthID
SynthID,morph,1,9,11,0.5302929180571004,0.5302929180571004,1039,0,0,0,pos_SynthID
SynthID,morph,1,9,12,0.5271947873799726,0.5271947873799726,1116,0,0,0,pos_SynthID
SynthID,morph,1,9,13,0.5260657734470159,0.5260657734470159,946,0,0,0,pos_SynthID
SynthID,morph,1,9,14,0.5277374784110536,0.5277374784110536,1115,0,0,0,pos_SynthID
SynthID,morph,1,10,11,0.5517089678510998,0.5517089678510998,1109,0,0,0,pos_SynthID
SynthID,morph,1,10,12,0.5399730820995963,0.5399730820995963,818,0,0,0,pos_SynthID
SynthID,morph,1,10,13,0.5401849516603615,0.5401849516603615,928,0,0,0,pos_SynthID
SynthID,morph,1,10,14,0.5440954773869346,0.5440954773869346,852,1,0,0,pos_SynthID
SynthID,morph,1,11,11,0.5331412103746398,0.5331412103746398,754,0,0,0,pos_SynthID
SynthID,morph,1,11,12,0.5292870905587669,0.5292870905587669,971,0,0,0,pos_SynthID
SynthID,morph,1,11,13,0.5292880258899676,0.5292880258899676,923,0,0,0,pos_SynthID
SynthID,morph,1,11,14,0.5301000769822941,0.5301000769822941,952,0,0,0,pos_SynthID
SynthID,morph,1,12,11,0.5286117836965295,0.5286117836965295,933,0,0,0,pos_SynthID
SynthID,morph,1,12,12,0.5288246628131021,0.5288246628131021,958,0,0,0,pos_SynthID
SynthID,morph,1,12,13,0.5335981838819523,0.5335981838819523,983,1,0,0,pos_SynthID
SynthID,morph,1,12,14,0.5308070175438596,0.5308070175438596,1042,4,1,0,pos_SynthID
SynthID,morph,1,13,11,0.5373397435897436,0.5373397435897436,1082,0,0,0,pos_SynthID
SynthID,morph,1,13,12,0.5412339103417665,0.5412339103417665,776,0,0,0,pos_SynthID
SynthID,morph,1,13,13,0.5373543123543123,0.5373543123543123,1181,1,0,0,pos_SynthID
SynthID,morph,1,13,14,0.538514173998045,0.538514173998045,1071,1,0,0,pos_SynthID
SynthID,morph,1,14,11,0.5276609305289993,0.5276609305289993,1144,0,0,0,pos_SynthID
SynthID,morph,1,14,12,0.528639455782313,0.528639455782313,1042,0,0,0,pos_SynthID
SynthID,morph,1,14,13,0.533692614770459,0.533692614770459,877,0,0,0,pos_SynthID
SynthID,morph,1,14,14,0.5287469287469287,0.5287469287469287,858,0,0,0,pos_SynthID
SynthID,morph,1,15,11,0.5257403189066059,0.5257403189066059,1025,0,0,0,pos_SynthID
SynthID,morph,1,15,12,0.525891829689298,0.525891829689298,997,0,0,0,pos_SynthID
SynthID,morph,1,15,13,0.527363184079602,0.527363184079602,1020,0,0,0,pos_SynthID
SynthID,morph,1,15,14,0.5267080745341615,0.5267080745341615,935,0,0,0,pos_SynthID
SynthID,morph,1,16,11,0.5499502487562189,0.5499502487562189,1050,0,0,0,pos_SynthID
SynthID,morph,1,16,12,0.547645327446652,0.547645327446652,977,0,0,0,pos_SynthID
SynthID,morph,1,16,13,0.5451352300667369,0.5451352300667369,997,1,0,0,pos_SynthID
SynthID,morph,1,16,14,0.5606318347509113,0.5606318347509113,890,0,0,0,pos_SynthID
SynthID,morph,1,17,11,0.5360569105691056,0.5360569105691056,895,0,0,0,pos_SynthID
SynthID,morph,1,17,12,0.5351213282247765,0.5351213282247765,893,0,0,0,pos_SynthID
SynthID,morph,1,17,13,0.5328985507246377,0.5328985507246377,1015,0,0,0,pos_SynthID
SynthID,morph,1,17,14,0.5321931589537223,0.5321931589537223,1073,0,0,0,pos_SynthID
SynthID,morph,1,18,11,0.5303648068669528,0.5303648068669528,1086,0,0,0,pos_SynthID
SynthID,morph,1,18,12,0.5338466803559206,0.5338466803559206,1113,1,0,0,pos_SynthID
SynthID,morph,1,18,13,0.5244274809160305,0.5244274809160305,1054,1,0,0,pos_SynthID
SynthID,morph,1,18,14,0.5248291571753987,0.5248291571753987,995,1,0,0,pos_SynthID
SynthID,morph,1,19,11,0.5483735571878279,0.5483735571878279,987,1,0,0,pos_SynthID
SynthID,morph,1,19,12,0.5470125786163522,0.5470125786163522,1217,1,0,0,pos_SynthID
SynthID,morph,1,19,13,0.534320987654321,0.534320987654321,843,0,0,0,pos_SynthID
SynthID,morph,1,19,14,0.5506898086337338,0.5506898086337338,768,0,0,0,pos_SynthID
SynthID,morph,1,20,11,0.5276388888888889,0.5276388888888889,863,0,0,0,pos_SynthID
SynthID,morph,1,20,12,0.5190659811482433,0.5190659811482433,1027,0,0,0,pos_SynthID
SynthID,morph,1,20,13,0.5242504409171076,0.5242504409171076,895,0,0,0,pos_SynthID
SynthID,morph,1,20,14,0.5273384353741497,0.5273384353741497,945,0,0,0,pos_SynthID
SynthID,morph,1,21,11,0.5323218997361477,0.5323218997361477,814,0,0,0,pos_SynthID
SynthID,morph,1,21,12,0.5394484412470024,0.5394484412470024,898,1,0,0,pos_SynthID
SynthID,morph,1,21,13,0.533570219966159,0.533570219966159,1076,1,0,0,pos_SynthID
SynthID,morph,1,21,14,0.5407801418439716,0.5407801418439716,899,0,0,0,pos_SynthID
SynthID,morph,1,22,11,0.5393740902474526,0.5393740902474526,978,5,1,0,pos_SynthID
SynthID,morph,1,22,12,0.5362394957983193,0.5362394957983193,1039,0,0,0,pos_SynthID
SynthID,morph,1,22,13,0.5328537170263788,0.5328537170263788,935,0,0,0,pos_SynthID
SynthID,morph,1,22,14,0.546477850399419,0.546477850399419,973,2,0,0,pos_SynthID
SynthID,morph,1,23,11,0.5356679636835279,0.5356679636835279,855,9,5,0,pos_SynthID
SynthID,morph,1,23,12,0.5370277078085642,0.5370277078085642,869,18,2,0,pos_SynthID
SynthID,morph,1,23,13,0.5573518090839107,0.5573518090839107,937,3,0,0,pos_SynthID
SynthID,morph,1,23,14,0.5452584452584452,0.5452584452584452,865,0,0,0,pos_SynthID
SynthID,morph+dia,0,0,11,0.5006635441061671,0.5006635441061671,1065,1,0,0,neg
SynthID,morph+dia,0,0,12,0.5031101353823637,0.5031101353823637,1086,0,0,0,neg
SynthID,morph+dia,0,0,13,0.4987725354813962,0.4987725354813962,1119,0,0,0,neg
SynthID,morph+dia,0,0,14,0.5036427732079906,0.5036427732079906,1038,1,0,0,neg
SynthID,morph+dia,0,1,11,0.5030165912518854,0.5030165912518854,1012,1,0,0,neg
SynthID,morph+dia,0,1,12,0.5009097525473072,0.5009097525473072,1035,0,0,0,neg
SynthID,morph+dia,0,1,13,0.4983935742971888,0.4983935742971888,1135,2,1,0,neg
SynthID,morph+dia,0,1,14,0.4961809417871709,0.4961809417871709,1017,0,0,0,neg
SynthID,morph+dia,0,2,11,0.5,0.5,963,0,1,0,neg
SynthID,morph+dia,0,2,12,0.5056260575296109,0.5056260575296109,827,0,0,0,neg
SynthID,morph+dia,0,2,13,0.49979633401221996,0.49979633401221996,1070,2,1,0,neg
SynthID,morph+dia,0,2,14,0.49839400428265523,0.49839400428265523,1003,2,0,0,neg
SynthID,morph+dia,0,3,11,0.5004277722935176,0.5004277722935176,1113,0,0,0,neg
SynthID,morph+dia,0,3,12,0.5002624671916011,0.5002624671916011,997,0,0,0,neg
SynthID,morph+dia,0,3,13,0.4974225008707767,0.4974225008707767,1108,1,0,0,neg
SynthID,morph+dia,0,3,14,0.5031639501438159,0.5031639501438159,1179,0,0,0,neg
SynthID,morph+dia,0,4,11,0.5058130081300813,0.5058130081300813,1301,0,1,0,neg
SynthID,morph+dia,0,4,12,0.5016260162601626,0.5016260162601626,1115,0,0,0,neg
SynthID,morph+dia,0,4,13,0.5026041666666666,0.5026041666666666,1089,0,0,0,neg
SynthID,morph+dia,0,4,14,0.49673629242819844,0.49673629242819844,944,0,0,0,neg
SynthID,morph+dia,0,5,11,0.5040564373897707,0.5040564373897707,870,0,0,0,neg
SynthID,morph+dia,0,5,12,0.49762766385203056,0.49762766385203056,928,0,0,0,neg
SynthID,morph+dia,0,5,13,0.49843863471314453,0.49843863471314453,997,4,1,0,neg
SynthID,morph+dia,0,5,14,0.5015738498789346,0.5015738498789346,955,0,0,0,neg
SynthID,morph+dia,0,6,11,0.5028955293027565,0.5028955293027565,1581,0,0,0,neg
SynthID,morph+dia,0,6,12,0.5030097087378641,0.5030097087378641,1122,0,0,0,neg
SynthID,morph+dia,0,6,13,0.499895914650013,0.499895914650013,1370,0,0,0,neg
SynthID,morph+dia,0,6,14,0.5060810810810811,0.5060810810810811,1288,0,1,0,neg
SynthID,morph+dia,0,7,11,0.500610920198549,0.500610920198549,925,0,1,0,neg
SynthID,morph+dia,0,7,12,0.49496261314443135,0.49496261314443135,926,1,1,0,neg
SynthID,morph+dia,0,7,13,0.49818365287588295,0.49818365287588295,1072,2,2,0,neg
SynthID,morph+dia,0,7,14,0.5,0.5,936,0,0,0,neg
SynthID,morph+dia,0,8,11,0.5051316984559492,0.5051316984559492,896,0,0,0,neg
SynthID,morph+dia,0,8,12,0.49910240718074256,0.49910240718074256,889,0,0,0,neg
SynthID,morph+dia,0,8,13,0.502014652014652,0.502014652014652,838,0,0,0,neg
SynthID,morph+dia,0,8,14,0.5032128514056224,0.5032128514056224,1006,0,0,0,neg
SynthID,morph+dia,0,9,11,0.5010716925351072,0.5010716925351072,1048,0,0,0,neg
SynthID,morph+dia,0,9,12,0.5084828101644245,0.5084828101644245,1076,0,0,0,neg
SynthID,morph+dia,0,9,13,0.50249343832021,0.50249343832021,1182,0,0,0,neg
SynthID,morph+dia,0,9,14,0.504900860456416,0.504900860456416,1073,0,0,0,neg
SynthID,morph+dia,0,10,11,0.49391025641025643,0.49391025641025643,923,0,0,0,neg
SynthID,morph+dia,0,10,12,0.5072083333333334,0.5072083333333334,883,1,0,0,neg
SynthID,morph+dia,0,10,13,0.4995776135163675,0.4995776135163675,1017,3,0,0,neg
SynthID,morph+dia,0,10,14,0.501656314699793,0.501656314699793,1053,0,1,0,neg
SynthID,morph+dia,0,11,11,0.5004857997010463,0.5004857997010463,993,0,0,0,neg
SynthID,morph+dia,0,11,12,0.5034188034188034,0.5034188034188034,971,0,0,0,neg
SynthID,morph+dia,0,11,13,0.505101246105919,0.505101246105919,988,0,0,0,neg
SynthID,morph+dia,0,11,14,0.49831932773109244,0.49831932773109244,917,0,0,0,neg
SynthID,morph+dia,0,12,11,0.4983739837398374,0.4983739837398374,993,4,1,0,neg
SynthID,morph+dia,0,12,12,0.5042162162162163,0.5042162162162163,1062,0,0,0,neg
SynthID,morph+dia,0,12,13,0.5023986765922249,0.5023986765922249,930,0,0,0,neg
SynthID,morph+dia,0,12,14,0.4968308514700267,0.4968308514700267,1028,0,0,0,neg
SynthID,morph+dia,0,13,11,0.5010989010989011,0.5010989010989011,946,0,0,0,neg
SynthID,morph+dia,0,13,12,0.49980842911877393,0.49980842911877393,903,1,0,0,neg
SynthID,morph+dia,0,13,13,0.5013186813186813,0.5013186813186813,948,1,1,0,neg
SynthID,morph+dia,0,13,14,0.5006578947368421,0.5006578947368421,1174,0,1,0,neg
SynthID,morph+dia,0,14,11,0.5020501138952164,0.5020501138952164,985,0,0,0,neg
SynthID,morph+dia,0,14,12,0.5001019367991845,0.5001019367991845,1106,0,0,0,neg
SynthID,morph+dia,0,14,13,0.5058078141499472,0.5058078141499472,1058,0,0,0,neg
SynthID,morph+dia,0,14,14,0.4981779206859593,0.4981779206859593,1062,0,0,0,neg
SynthID,morph+dia,0,15,11,0.503993399339934,0.503993399339934,1229,0,0,0,neg
SynthID,morph+dia,0,15,12,0.5065359477124183,0.5065359477124183,1156,0,0,0,neg
SynthID,morph+dia,0,15,13,0.49946788293424554,0.49946788293424554,1175,0,0,0,neg
SynthID,morph+dia,0,15,14,0.5058303176517893,0.5058303176517893,1048,0,0,0,neg
SynthID,morph+dia,0,16,11,0.49780104712041884,0.49780104712041884,1027,1,0,0,neg
SynthID,morph+dia,0,16,12,0.49401611047180666,0.49401611047180666,954,3,0,0,neg
SynthID,morph+dia,0,16,13,0.5055083029566626,0.5055083029566626,920,0,0,0,neg
SynthID,morph+dia,0,16,14,0.5023908045977011,0.5023908045977011,858,0,0,0,neg
SynthID,morph+dia,0,17,11,0.499766081871345,0.499766081871345,969,2,0,0,neg
SynthID,morph+dia,0,17,12,0.4992691839220463,0.4992691839220463,914,0,0,0,neg
SynthID,morph+dia,0,17,13,0.4997471554993679,0.4997471554993679,906,3,0,0,neg
SynthID,morph+dia,0,17,14,0.5018297533810661,0.5018297533810661,929,0,0,0,neg
SynthID,morph+dia,0,18,11,0.5057742782152231,0.5057742782152231,1129,0,1,0,neg
SynthID,morph+dia,0,18,12,0.49722814498933904,0.49722814498933904,1100,0,0,0,neg
SynthID,morph+dia,0,18,13,0.49709150326797386,0.49709150326797386,1173,3,2,0,neg
SynthID,morph+dia,0,18,14,0.5006128702757916,0.5006128702757916,1104,0,0,0,neg
SynthID,morph+dia,0,19,11,0.49827908716797603,0.49827908716797603,987,0,0,0,neg
SynthID,morph+dia,0,19,12,0.5029432624113476,0.5029432624113476,1040,0,0,0,neg
SynthID,morph+dia,0,19,13,0.5032104637336504,0.5032104637336504,968,0,0,0,neg
SynthID,morph+dia,0,19,14,0.4962715105162524,0.4962715105162524,1090,2,0,0,neg
SynthID,morph+dia,0,20,11,0.4931776047460141,0.4931776047460141,1049,0,0,0,neg
SynthID,morph+dia,0,20,12,0.504074430542188,0.504074430542188,1329,0,0,0,neg
SynthID,morph+dia,0,20,13,0.49909677419354836,0.49909677419354836,926,0,0,0,neg
SynthID,morph+dia,0,20,14,0.49715976331360945,0.49715976331360945,1062,0,0,0,neg
SynthID,morph+dia,0,21,11,0.5019783501306457,0.5019783501306457,999,0,0,0,neg
SynthID,morph+dia,0,21,12,0.5004669540229885,0.5004669540229885,1060,0,0,0,neg
SynthID,morph+dia,0,21,13,0.49803468208092483,0.49803468208092483,962,0,0,0,neg
SynthID,morph+dia,0,21,14,0.5045597484276729,0.5045597484276729,962,0,0,0,neg
SynthID,morph+dia,0,22,11,0.4972411186696901,0.4972411186696901,982,0,0,0,neg
SynthID,morph+dia,0,22,12,0.5021319796954314,0.5021319796954314,1161,0,3,0,neg
SynthID,morph+dia,0,22,13,0.5004394861392834,0.5004394861392834,1112,0,0,0,neg
SynthID,morph+dia,0,22,14,0.5014028056112224,0.5014028056112224,1146,0,0,0,neg
SynthID,morph+dia,0,23,11,0.49950062421972535,0.49950062421972535,893,0,0,0,neg
SynthID,morph+dia,0,23,12,0.503461688059121,0.503461688059121,926,19,6,0,neg
SynthID,morph+dia,0,23,13,0.500587002096436,0.500587002096436,971,20,6,0,neg
SynthID,morph+dia,0,23,14,0.4966708807416772,0.4966708807416772,866,14,8,0,neg
SynthID,morph+dia,1,0,11,0.5086771447282252,0.5086771447282252,1210,0,0,0,pos_SynthID
SynthID,morph+dia,1,0,12,0.5001510003775009,0.5001510003775009,1058,0,0,0,pos_SynthID
SynthID,morph+dia,1,0,13,0.5051091882983106,0.5051091882983106,977,0,0,0,pos_SynthID
SynthID,morph+dia,1,0,14,0.5025968992248062,0.5025968992248062,1050,0,0,0,pos_SynthID
SynthID,morph+dia,1,1,11,0.501574264202601,0.501574264202601,1081,0,0,0,pos_SynthID
SynthID,morph+dia,1,1,12,0.5068940227356069,0.5068940227356069,989,3,0,0,pos_SynthID
SynthID,morph+dia,1,1,13,0.5049964311206281,0.5049964311206281,1040,1,0,0,pos_SynthID
SynthID,morph+dia,1,1,14,0.5153347732181426,0.5153347732181426,1045,6,0,0,pos_SynthID
SynthID,morph+dia,1,2,11,0.51598857958601,0.51598857958601,978,0,0,0,pos_SynthID
SynthID,morph+dia,1,2,12,0.5186682520808561,0.5186682520808561,914,2,0,0,pos_SynthID
SynthID,morph+dia,1,2,13,0.513056255247691,0.513056255247691,838,0,1,0,pos_SynthID
SynthID,morph+dia,1,2,14,0.5174953959484346,0.5174953959484346,949,4,0,0,pos_SynthID
SynthID,morph+dia,1,3,11,0.5097590361445783,0.5097590361445783,887,2,1,0,pos_SynthID
SynthID,morph+dia,1,3,12,0.5079333986287953,0.5079333986287953,1110,0,0,0,pos_SynthID
SynthID,morph+dia,1,3,13,0.5074380165289256,0.5074380165289256,1089,2,0,0,pos_SynthID
SynthID,morph+dia,1,3,14,0.5033910533910534,0.5033910533910534,1028,0,0,0,pos_SynthID
SynthID,morph+dia,1,4,11,0.5123134328358209,0.5123134328358209,1816,0,0,0,pos_SynthID
SynthID,morph+dia,1,4,12,0.5118844118844119,0.5118844118844119,1057,0,0,0,pos_SynthID
SynthID,morph+dia,1,4,13,0.5062639821029082,0.5062639821029082,1091,0,0,0,pos_SynthID
SynthID,morph+dia,1,4,14,0.5075702075702075,0.5075702075702075,1062,0,0,0,pos_SynthID
SynthID,morph+dia,1,5,11,0.5093297101449276,0.5093297101449276,855,0,0,0,pos_SynthID
SynthID,morph+dia,1,5,12,0.5075107296137339,0.5075107296137339,1023,3,0,0,pos_SynthID
SynthID,morph+dia,1,5,13,0.504105461393597,0.504105461393597,979,2,0,0,pos_SynthID
SynthID,morph+dia,1,5,14,0.5076951951951952,0.5076951951951952,1010,0,0,0,pos_SynthID
SynthID,morph+dia,1,6,11,0.5056567593480346,0.5056567593480346,1118,0,0,0,pos_SynthID
SynthID,morph+dia,1,6,12,0.5037947037947038,0.5037947037947038,1323,0,1,0,pos_SynthID
SynthID,morph+dia,1,6,13,0.5163905841325196,0.5163905841325196,1196,1,0,0,pos_SynthID
SynthID,morph+dia,1,6,14,0.5140472078295912,0.5140472078295912,1253,0,0,0,pos_SynthID
SynthID,morph+dia,1,7,11,0.5162524654832347,0.5162524654832347,890,2,1,0,pos_SynthID
SynthID,morph+dia,1,7,12,0.5111600587371512,0.5111600587371512,1882,1,0,0,pos_SynthID
SynthID,morph+dia,1,7,13,0.5096726190476191,0.5096726190476191,956,0,0,0,pos_SynthID
SynthID,morph+dia,1,7,14,0.5161572052401747,0.5161572052401747,1035,0,1,0,pos_SynthID
SynthID,morph+dia,1,8,11,0.5068796068796069,0.5068796068796069,923,0,0,0,pos_SynthID
SynthID,morph+dia,1,8,12,0.5061363636363636,0.5061363636363636,982,0,0,0,pos_SynthID
SynthID,morph+dia,1,8,13,0.5114521841794569,0.5114521841794569,920,0,0,0,pos_SynthID
SynthID,morph+dia,1,8,14,0.5032245532245532,0.5032245532245532,947,0,0,0,pos_SynthID
SynthID,morph+dia,1,9,11,0.5112248379392699,0.5112248379392699,1161,0,0,0,pos_SynthID
SynthID,morph+dia,1,9,12,0.5075555555555555,0.5075555555555555,1233,0,0,0,pos_SynthID
SynthID,morph+dia,1,9,13,0.5056847545219638,0.5056847545219638,1064,0,0,0,pos_SynthID
SynthID,morph+dia,1,9,14,0.5053658536585366,0.5053658536585366,1217,0,0,0,pos_SynthID
SynthID,morph+dia,1,10,11,0.5183885640025991,0.5183885640025991,1178,0,0,0,pos_SynthID
SynthID,morph+dia,1,10,12,0.511566367904396,0.511566367904396,841,0,0,0,pos_SynthID
SynthID,morph+dia,1,10,13,0.5162297128589264,0.5162297128589264,922,0,0,0,pos_SynthID
SynthID,morph+dia,1,10,14,0.5214987714987716,0.5214987714987716,858,1,0,0,pos_SynthID
SynthID,morph+dia,1,11,11,0.505121412803532,0.505121412803532,821,0,0,0,pos_SynthID
SynthID,morph+dia,1,11,12,0.5052294557097119,0.5052294557097119,1070,0,0,0,pos_SynthID
SynthID,morph+dia,1,11,13,0.5089339339339339,0.5089339339339339,1007,0,0,0,pos_SynthID
SynthID,morph+dia,1,11,14,0.5101990049751244,0.5101990049751244,1046,0,0,0,pos_SynthID
SynthID,morph+dia,1,12,11,0.5075268817204301,0.5075268817204301,1032,0,0,0,pos_SynthID
SynthID,morph+dia,1,12,12,0.505667018655403,0.505667018655403,1065,0,0,0,pos_SynthID
SynthID,morph+dia,1,12,13,0.5017289073305671,0.5017289073305671,1097,1,0,0,pos_SynthID
SynthID,morph+dia,1,12,14,0.5041140265630062,0.5041140265630062,1125,4,1,0,pos_SynthID
SynthID,morph+dia,1,13,11,0.5091710758377425,0.5091710758377425,1199,0,0,0,pos_SynthID
SynthID,morph+dia,1,13,12,0.5129559748427673,0.5129559748427673,830,0,0,0,pos_SynthID
SynthID,morph+dia,1,13,13,0.5111645299145299,0.5111645299145299,1301,1,0,0,pos_SynthID
SynthID,morph+dia,1,13,14,0.5121375186846039,0.5121375186846039,1174,1,0,0,pos_SynthID
SynthID,morph+dia,1,14,11,0.5096969696969696,0.5096969696969696,1305,0,0,0,pos_SynthID
SynthID,morph+dia,1,14,12,0.5098997493734336,0.5098997493734336,1185,0,0,0,pos_SynthID
SynthID,morph+dia,1,14,13,0.5046622613803231,0.5046622613803231,991,0,0,0,pos_SynthID
SynthID,morph+dia,1,14,14,0.5038490284005979,0.5038490284005979,980,0,0,0,pos_SynthID
SynthID,morph+dia,1,15,11,0.501375988992088,0.501375988992088,1152,0,0,0,pos_SynthID
SynthID,morph+dia,1,15,12,0.502713987473904,0.502713987473904,1124,0,0,0,pos_SynthID
SynthID,morph+dia,1,15,13,0.5078390565383282,0.5078390565383282,1140,0,0,0,pos_SynthID
SynthID,morph+dia,1,15,14,0.5083241252302025,0.5083241252302025,1067,0,0,0,pos_SynthID
SynthID,morph+dia,1,16,11,0.5173677501593371,0.5173677501593371,1092,0,0,0,pos_SynthID
SynthID,morph+dia,1,16,12,0.5120515499825845,0.5120515499825845,1041,0,0,0,pos_SynthID
SynthID,morph+dia,1,16,13,0.513560454241817,0.513560454241817,1055,1,0,0,pos_SynthID
SynthID,morph+dia,1,16,14,0.519298245614035,0.519298245614035,923,0,0,0,pos_SynthID
SynthID,morph+dia,1,17,11,0.5093942691331157,0.5093942691331157,1005,0,0,0,pos_SynthID
SynthID,morph+dia,1,17,12,0.5156607495069033,0.5156607495069033,982,0,0,0,pos_SynthID
SynthID,morph+dia,1,17,13,0.5168008048289738,0.5168008048289738,1101,0,0,0,pos_SynthID
SynthID,morph+dia,1,17,14,0.5073556797020484,0.5073556797020484,1162,0,0,0,pos_SynthID
SynthID,morph+dia,1,18,11,0.5074784276126558,0.5074784276126558,1234,0,0,0,pos_SynthID
SynthID,morph+dia,1,18,12,0.505207387223736,0.505207387223736,1278,1,0,0,pos_SynthID
SynthID,morph+dia,1,18,13,0.5044488060189728,0.5044488060189728,1202,1,0,0,pos_SynthID
SynthID,morph+dia,1,18,14,0.5106390328151986,0.5106390328151986,1131,1,0,0,pos_SynthID
SynthID,morph+dia,1,19,11,0.509909062402007,0.509909062402007,1111,1,0,0,pos_SynthID
SynthID,morph+dia,1,19,12,0.5138111888111888,0.5138111888111888,1326,1,0,0,pos_SynthID
SynthID,morph+dia,1,19,13,0.500111234705228,0.500111234705228,952,0,0,0,pos_SynthID
SynthID,morph+dia,1,19,14,0.5103838383838384,0.5103838383838384,848,0,0,0,pos_SynthID
SynthID,morph+dia,1,20,11,0.5039264828738513,0.5039264828738513,958,0,0,0,pos_SynthID
SynthID,morph+dia,1,20,12,0.5091441969519344,0.5091441969519344,1109,0,0,0,pos_SynthID
SynthID,morph+dia,1,20,13,0.5054958183990442,0.5054958183990442,1008,0,0,0,pos_SynthID
SynthID,morph+dia,1,20,14,0.4979961464354528,0.4979961464354528,1034,0,0,0,pos_SynthID
SynthID,morph+dia,1,21,11,0.5111111111111111,0.5111111111111111,886,0,0,0,pos_SynthID
SynthID,morph+dia,1,21,12,0.5072210065645514,0.5072210065645514,1011,1,0,0,pos_SynthID
SynthID,morph+dia,1,21,13,0.5088097469540769,0.5088097469540769,1185,1,0,0,pos_SynthID
SynthID,morph+dia,1,21,14,0.5086200517943026,0.5086200517943026,975,0,0,0,pos_SynthID
SynthID,morph+dia,1,22,11,0.5070757880617035,0.5070757880617035,1075,5,1,0,pos_SynthID
SynthID,morph+dia,1,22,12,0.5057605177993527,0.5057605177993527,1139,0,0,0,pos_SynthID
SynthID,morph+dia,1,22,13,0.5030269472129937,0.5030269472129937,1038,0,0,0,pos_SynthID
SynthID,morph+dia,1,22,14,0.5200283085633404,0.5200283085633404,1006,2,0,0,pos_SynthID
SynthID,morph+dia,1,23,11,0.5047559449311639,0.5047559449311639,871,9,5,0,pos_SynthID
SynthID,morph+dia,1,23,12,0.5054873054873055,0.5054873054873055,881,18,2,0,pos_SynthID
SynthID,morph+dia,1,23,13,0.5124350408314774,0.5124350408314774,958,3,0,0,pos_SynthID
SynthID,morph+dia,1,23,14,0.5109141055949566,0.5109141055949566,885,0,0,0,pos_SynthID
SynthID,morph_v1,0,0,11,0.4984188034188034,0.4984188034188034,946,7,0,0,neg
SynthID,morph_v1,0,0,12,0.49919289749798224,0.49919289749798224,963,6,3,0,neg
SynthID,morph_v1,0,0,13,0.5004901960784314,0.5004901960784314,1015,2,2,0,neg
SynthID,morph_v1,0,0,14,0.4997031382527566,0.4997031382527566,927,4,1,0,neg
SynthID,morph_v1,0,1,11,0.4982083333333333,0.4982083333333333,899,4,1,0,neg
SynthID,morph_v1,0,1,12,0.5019464720194647,0.5019464720194647,910,9,1,0,neg
SynthID,morph_v1,0,1,13,0.5017113095238095,0.5017113095238095,1005,4,4,0,neg
SynthID,morph_v1,0,1,14,0.4985649856498565,0.4985649856498565,915,3,0,0,neg
SynthID,morph_v1,0,2,11,0.5010980392156863,0.5010980392156863,933,0,3,0,neg
SynthID,morph_v1,0,2,12,0.5060367454068242,0.5060367454068242,802,0,0,0,neg
SynthID,morph_v1,0,2,13,0.49520229144289296,0.49520229144289296,1006,2,2,0,neg
SynthID,morph_v1,0,2,14,0.49988839285714287,0.49988839285714287,956,2,0,0,neg
SynthID,morph_v1,0,3,11,0.5029540481400437,0.5029540481400437,984,9,2,0,neg
SynthID,morph_v1,0,3,12,0.5009815950920246,0.5009815950920246,889,9,0,0,neg
SynthID,morph_v1,0,3,13,0.505,0.505,946,10,4,0,neg
SynthID,morph_v1,0,3,14,0.5022988505747127,0.5022988505747127,1011,8,1,0,neg
SynthID,morph_v1,0,4,11,0.5017801513128616,0.5017801513128616,1121,13,1,0,neg
SynthID,morph_v1,0,4,12,0.5004830917874397,0.5004830917874397,1004,11,0,0,neg
SynthID,morph_v1,0,4,13,0.5016688625384278,0.5016688625384278,959,9,4,0,neg
SynthID,morph_v1,0,4,14,0.5044475655430711,0.5044475655430711,871,11,3,0,neg
SynthID,morph_v1,0,5,11,0.5025751072961373,0.5025751072961373,812,3,1,0,neg
SynthID,morph_v1,0,5,12,0.504786771105309,0.504786771105309,865,6,5,0,neg
SynthID,morph_v1,0,5,13,0.5051464766429137,0.5051464766429137,923,14,3,0,neg
SynthID,morph_v1,0,5,14,0.4988641328090869,0.4988641328090869,884,10,0,0,neg
SynthID,morph_v1,0,6,11,0.5059633027522936,0.5059633027522936,1414,15,4,0,neg
SynthID,morph_v1,0,6,12,0.4952996053103696,0.4952996053103696,997,8,2,0,neg
SynthID,morph_v1,0,6,13,0.4970253718285214,0.4970253718285214,1213,5,2,0,neg
SynthID,morph_v1,0,6,14,0.5032797224850205,0.5032797224850205,1146,9,2,0,neg
SynthID,morph_v1,0,7,11,0.5029949436017114,0.5029949436017114,905,1,1,0,neg
SynthID,morph_v1,0,7,12,0.5036858974358974,0.5036858974358974,913,1,2,0,neg
SynthID,morph_v1,0,7,13,0.5003099173553719,0.5003099173553719,1050,5,8,0,neg
SynthID,morph_v1,0,7,14,0.5011396011396011,0.5011396011396011,918,0,0,0,neg
SynthID,morph_v1,0,8,11,0.49592363261093914,0.49592363261093914,765,4,1,0,neg
SynthID,morph_v1,0,8,12,0.5009182736455464,0.5009182736455464,784,6,2,0,neg
SynthID,morph_v1,0,8,13,0.5049924357034796,0.5049924357034796,743,3,1,0,neg
SynthID,morph_v1,0,8,14,0.5049978270317254,0.5049978270317254,898,5,1,0,neg
SynthID,morph_v1,0,9,11,0.49872102318145484,0.49872102318145484,954,5,3,0,neg
SynthID,morph_v1,0,9,12,0.5051094890510949,0.5051094890510949,960,12,1,0,neg
SynthID,morph_v1,0,9,13,0.5009239516702203,0.5009239516702203,1079,7,2,0,neg
SynthID,morph_v1,0,9,14,0.498692033293698,0.498692033293698,989,6,2,0,neg
SynthID,morph_v1,0,10,11,0.4969887076537014,0.4969887076537014,889,0,0,0,neg
SynthID,morph_v1,0,10,12,0.5070288917636913,0.5070288917636913,854,2,2,0,neg
SynthID,morph_v1,0,10,13,0.4979328165374677,0.4979328165374677,982,5,6,0,neg
SynthID,morph_v1,0,10,14,0.49877609791216704,0.49877609791216704,1011,0,3,0,neg
SynthID,morph_v1,0,11,11,0.5024736415247364,0.5024736415247364,906,11,1,0,neg
SynthID,morph_v1,0,11,12,0.5021478727798431,0.5021478727798431,894,6,0,0,neg
SynthID,morph_v1,0,11,13,0.5021150592216582,0.5021150592216582,894,10,3,0,neg
SynthID,morph_v1,0,11,14,0.5044130248500428,0.5044130248500428,838,8,3,0,neg
SynthID,morph_v1,0,12,11,0.4982839982839983,0.4982839982839983,892,12,3,0,neg
SynthID,morph_v1,0,12,12,0.4996779388083736,0.4996779388083736,938,7,4,0,neg
SynthID,morph_v1,0,12,13,0.49733152419719584,0.49733152419719584,839,9,3,0,neg
SynthID,morph_v1,0,12,14,0.500210970464135,0.500210970464135,922,10,4,0,neg
SynthID,morph_v1,0,13,11,0.5033494753833737,0.5033494753833737,848,2,1,0,neg
SynthID,morph_v1,0,13,12,0.5004240882103478,0.5004240882103478,807,6,0,0,neg
SynthID,morph_v1,0,13,13,0.49846153846153846,0.49846153846153846,870,1,1,0,neg
SynthID,morph_v1,0,13,14,0.4973963686193902,0.4973963686193902,1040,2,1,0,neg
SynthID,morph_v1,0,14,11,0.498625,0.498625,873,4,3,0,neg
SynthID,morph_v1,0,14,12,0.5017682468021069,0.5017682468021069,970,7,4,0,neg
SynthID,morph_v1,0,14,13,0.5076540375047838,0.5076540375047838,947,3,6,0,neg
SynthID,morph_v1,0,14,14,0.5066041422430637,0.5066041422430637,932,4,2,0,neg
SynthID,morph_v1,0,15,11,0.5043641835966892,0.5043641835966892,1065,6,4,0,neg
SynthID,morph_v1,0,15,12,0.5004001600640257,0.5004001600640257,1023,8,5,0,neg
SynthID,morph_v1,0,15,13,0.499057412167952,0.499057412167952,1003,5,2,0,neg
SynthID,morph_v1,0,15,14,0.5012820512820513,0.5012820512820513,930,6,2,0,neg
SynthID,morph_v1,0,16,11,0.5011708744968899,0.5011708744968899,981,2,1,0,neg
SynthID,morph_v1,0,16,12,0.4937250199840128,0.4937250199840128,913,8,3,0,neg
SynthID,morph_v1,0,16,13,0.4966796032772747,0.4966796032772747,863,1,0,0,neg
SynthID,morph_v1,0,16,14,0.49976156413924655,0.49976156413924655,819,0,0,0,neg
SynthID,morph_v1,0,17,11,0.5001293661060802,0.5001293661060802,863,6,1,0,neg
SynthID,morph_v1,0,17,12,0.4999101527403414,0.4999101527403414,824,7,2,0,neg
SynthID,morph_v1,0,17,13,0.5019742883379247,0.5019742883379247,813,6,0,0,neg
SynthID,morph_v1,0,17,14,0.4948109058927001,0.4948109058927001,835,6,2,0,neg
SynthID,morph_v1,0,18,11,0.504729474082482,0.504729474082482,958,19,1,0,neg
SynthID,morph_v1,0,18,12,0.5020857929948839,0.5020857929948839,967,11,2,0,neg
SynthID,morph_v1,0,18,13,0.5003658982802781,0.5003658982802781,1021,18,5,0,neg
SynthID,morph_v1,0,18,14,0.5029672447013488,0.5029672447013488,964,11,3,0,neg
SynthID,morph_v1,0,19,11,0.5011784511784512,0.5011784511784512,850,5,0,0,neg
SynthID,morph_v1,0,19,12,0.5047841306884481,0.5047841306884481,927,0,1,0,neg
SynthID,morph_v1,0,19,13,0.5028144239226033,0.5028144239226033,835,6,2,0,neg
SynthID,morph_v1,0,19,14,0.49618239660657476,0.49618239660657476,975,5,3,0,neg
SynthID,morph_v1,0,20,11,0.4980440097799511,0.4980440097799511,954,1,3,0,neg
SynthID,morph_v1,0,20,12,0.5043124779073878,0.5043124779073878,1211,2,4,0,neg
SynthID,morph_v1,0,20,13,0.5015984955336155,0.5015984955336155,838,4,2,0,neg
SynthID,morph_v1,0,20,14,0.5040702656383891,0.5040702656383891,965,3,4,0,neg
SynthID,morph_v1,0,21,11,0.49865399841646874,0.49865399841646874,935,4,9,0,neg
SynthID,morph_v1,0,21,12,0.5017726396917148,0.5017726396917148,972,9,9,0,neg
SynthID,morph_v1,0,21,13,0.5000414078674948,0.5000414078674948,882,1,7,0,neg
SynthID,morph_v1,0,21,14,0.5015267175572519,0.5015267175572519,884,8,11,0,neg
SynthID,morph_v1,0,22,11,0.4979760429574556,0.4979760429574556,876,8,2,0,neg
SynthID,morph_v1,0,22,12,0.49846153846153846,0.49846153846153846,1046,3,10,0,neg
SynthID,morph_v1,0,22,13,0.5010964912280702,0.5010964912280702,1015,8,3,0,neg
SynthID,morph_v1,0,22,14,0.5008157211716723,0.5008157211716723,1016,9,9,0,neg
SynthID,morph_v1,0,23,11,0.49883870967741933,0.49883870967741933,877,6,6,0,neg
SynthID,morph_v1,0,23,12,0.4975677830940989,0.4975677830940989,911,19,7,0,neg
SynthID,morph_v1,0,23,13,0.49787955894826125,0.49787955894826125,981,20,6,0,neg
SynthID,morph_v1,0,23,14,0.5057204301075269,0.5057204301075269,872,14,8,0,neg
SynthID,morph_v1,1,0,11,0.5298091042584435,0.5298091042584435,1064,8,0,0,pos_SynthID
SynthID,morph_v1,1,0,12,0.5246141009595328,0.5246141009595328,941,4,0,0,pos_SynthID
SynthID,morph_v1,1,0,13,0.5282648401826484,0.5282648401826484,864,5,0,0,pos_SynthID
SynthID,morph_v1,1,0,14,0.526072186836518,0.526072186836518,935,3,2,0,pos_SynthID
SynthID,morph_v1,1,1,11,0.527834274952919,0.527834274952919,961,12,2,0,pos_SynthID
SynthID,morph_v1,1,1,12,0.529368932038835,0.529368932038835,880,5,1,0,pos_SynthID
SynthID,morph_v1,1,1,13,0.5259346713892168,0.5259346713892168,928,1,2,0,pos_SynthID
SynthID,morph_v1,1,1,14,0.5291323125245386,0.5291323125245386,951,10,1,0,pos_SynthID
SynthID,morph_v1,1,2,11,0.5436896807720861,0.5436896807720861,939,0,2,0,pos_SynthID
SynthID,morph_v1,1,2,12,0.557368202573682,0.557368202573682,879,2,0,0,pos_SynthID
SynthID,morph_v1,1,2,13,0.5525490196078431,0.5525490196078431,810,0,2,0,pos_SynthID
SynthID,morph_v1,1,2,14,0.5455568490492821,0.5455568490492821,895,5,1,0,pos_SynthID
SynthID,morph_v1,1,3,11,0.5262065854758683,0.5262065854758683,781,11,1,0,pos_SynthID
SynthID,morph_v1,1,3,12,0.5265051395007342,0.5265051395007342,962,5,1,0,pos_SynthID
SynthID,morph_v1,1,3,13,0.5255214258627228,0.5255214258627228,951,7,1,0,pos_SynthID
SynthID,morph_v1,1,3,14,0.5211205159209996,0.5211205159209996,900,8,1,0,pos_SynthID
SynthID,morph_v1,1,4,11,0.5413071895424837,0.5413071895424837,1799,1,0,0,pos_SynthID
SynthID,morph_v1,1,4,12,0.5374338624338625,0.5374338624338625,942,12,1,0,pos_SynthID
SynthID,morph_v1,1,4,13,0.527470274702747,0.527470274702747,976,13,0,0,pos_SynthID
SynthID,morph_v1,1,4,14,0.5312121212121212,0.5312121212121212,970,6,1,0,pos_SynthID
SynthID,morph_v1,1,5,11,0.5231372549019608,0.5231372549019608,788,9,0,0,pos_SynthID
SynthID,morph_v1,1,5,12,0.5296037296037296,0.5296037296037296,953,10,1,0,pos_SynthID
SynthID,morph_v1,1,5,13,0.5279411764705882,0.5279411764705882,908,9,1,0,pos_SynthID
SynthID,morph_v1,1,5,14,0.527460711331679,0.527460711331679,925,15,3,0,pos_SynthID
SynthID,morph_v1,1,6,11,0.5330168776371308,0.5330168776371308,1000,10,3,0,pos_SynthID
SynthID,morph_v1,1,6,12,0.5338406445837064,0.5338406445837064,1192,6,6,0,pos_SynthID
SynthID,morph_v1,1,6,13,0.538380062305296,0.538380062305296,1108,6,3,0,pos_SynthID
SynthID,morph_v1,1,6,14,0.540719696969697,0.540719696969697,1126,9,3,0,pos_SynthID
SynthID,morph_v1,1,7,11,0.5458937198067633,0.5458937198067633,874,2,1,0,pos_SynthID
SynthID,morph_v1,1,7,12,0.53710407239819,0.53710407239819,1821,1,0,0,pos_SynthID
SynthID,morph_v1,1,7,13,0.5456120527306968,0.5456120527306968,941,1,0,0,pos_SynthID
SynthID,morph_v1,1,7,14,0.5466142910587355,0.5466142910587355,994,0,1,0,pos_SynthID
SynthID,morph_v1,1,8,11,0.5264227642276422,0.5264227642276422,821,6,5,0,pos_SynthID
SynthID,morph_v1,1,8,12,0.5293333333333333,0.5293333333333333,872,3,2,0,pos_SynthID
SynthID,morph_v1,1,8,13,0.5266666666666666,0.5266666666666666,815,4,4,0,pos_SynthID
SynthID,morph_v1,1,8,14,0.5180412371134021,0.5180412371134021,847,6,6,0,pos_SynthID
SynthID,morph_v1,1,9,11,0.5300631735414344,0.5300631735414344,1037,5,1,0,pos_SynthID
SynthID,morph_v1,1,9,12,0.5267980636237898,0.5267980636237898,1103,12,3,0,pos_SynthID
SynthID,morph_v1,1,9,13,0.5257668711656441,0.5257668711656441,940,3,1,0,pos_SynthID
SynthID,morph_v1,1,9,14,0.5273388773388773,0.5273388773388773,1110,9,3,0,pos_SynthID
SynthID,morph_v1,1,10,11,0.5517089678510998,0.5517089678510998,1109,0,3,0,pos_SynthID
SynthID,morph_v1,1,10,12,0.5395693135935397,0.5395693135935397,818,1,0,0,pos_SynthID
SynthID,morph_v1,1,10,13,0.5401849516603615,0.5401849516603615,928,0,0,0,pos_SynthID
SynthID,morph_v1,1,10,14,0.5433123689727464,0.5433123689727464,851,2,1,0,pos_SynthID
SynthID,morph_v1,1,11,11,0.5341617933723197,0.5341617933723197,744,7,1,0,pos_SynthID
SynthID,morph_v1,1,11,12,0.5288966049382716,0.5288966049382716,966,5,2,0,pos_SynthID
SynthID,morph_v1,1,11,13,0.5280940594059406,0.5280940594059406,906,12,2,0,pos_SynthID
SynthID,morph_v1,1,11,14,0.5293130366900859,0.5293130366900859,939,11,2,0,pos_SynthID
SynthID,morph_v1,1,12,11,0.5261010101010101,0.5261010101010101,926,13,1,0,pos_SynthID
SynthID,morph_v1,1,12,12,0.5247563352826511,0.5247563352826511,947,12,0,0,pos_SynthID
SynthID,morph_v1,1,12,13,0.5303272450532724,0.5303272450532724,973,17,0,0,pos_SynthID
SynthID,morph_v1,1,12,14,0.5300563777307964,0.5300563777307964,1035,14,2,0,pos_SynthID
SynthID,morph_v1,1,13,11,0.5368370298939248,0.5368370298939248,1079,2,2,0,pos_SynthID
SynthID,morph_v1,1,13,12,0.5402237136465324,0.5402237136465324,770,4,2,0,pos_SynthID
SynthID,morph_v1,1,13,13,0.5375619714202391,0.5375619714202391,1180,2,0,0,pos_SynthID
SynthID,morph_v1,1,13,14,0.5381651975187725,0.5381651975187725,1069,3,1,0,pos_SynthID
SynthID,morph_v1,1,14,11,0.527330779054917,0.527330779054917,1141,4,5,0,pos_SynthID
SynthID,morph_v1,1,14,12,0.5288297509382464,0.5288297509382464,1039,3,2,0,pos_SynthID
SynthID,morph_v1,1,14,13,0.5335745878568556,0.5335745878568556,871,5,3,0,pos_SynthID
SynthID,morph_v1,1,14,14,0.5288943690916564,0.5288943690916564,855,7,2,0,pos_SynthID
SynthID,morph_v1,1,15,11,0.5252952380952381,0.5252952380952381,1020,5,0,0,pos_SynthID
SynthID,morph_v1,1,15,12,0.5245063879210221,0.5245063879210221,986,9,0,0,pos_SynthID
SynthID,morph_v1,1,15,13,0.526658950617284,0.526658950617284,1013,11,3,0,pos_SynthID
SynthID,morph_v1,1,15,14,0.5255541614387286,0.5255541614387286,928,6,4,0,pos_SynthID
SynthID,morph_v1,1,16,11,0.5499502487562189,0.5499502487562189,1050,0,0,0,pos_SynthID
SynthID,morph_v1,1,16,12,0.547160766961652,0.547160766961652,975,1,1,0,pos_SynthID
SynthID,morph_v1,1,16,13,0.5451352300667369,0.5451352300667369,997,1,0,0,pos_SynthID
SynthID,morph_v1,1,16,14,0.5606318347509113,0.5606318347509113,890,0,2,0,pos_SynthID
SynthID,morph_v1,1,17,11,0.5347648261758691,0.5347648261758691,891,5,1,0,pos_SynthID
SynthID,morph_v1,1,17,12,0.5324277705907718,0.5324277705907718,883,11,0,0,pos_SynthID
SynthID,morph_v1,1,17,13,0.5318032786885246,0.5318032786885246,1010,7,4,0,pos_SynthID
SynthID,morph_v1,1,17,14,0.5311269517990496,0.5311269517990496,1062,7,1,0,pos_SynthID
SynthID,morph_v1,1,18,11,0.5284229390681003,0.5284229390681003,1077,17,1,0,pos_SynthID
SynthID,morph_v1,1,18,12,0.5302809573361082,0.5302809573361082,1095,21,1,0,pos_SynthID
SynthID,morph_v1,1,18,13,0.5224408014571948,0.5224408014571948,1049,18,1,0,pos_SynthID
SynthID,morph_v1,1,18,14,0.5231034482758621,0.5231034482758621,984,19,1,0,pos_SynthID
SynthID,morph_v1,1,19,11,0.5478794251664915,0.5478794251664915,986,2,0,0,pos_SynthID
SynthID,morph_v1,1,19,12,0.5465086887835703,0.5465086887835703,1206,11,2,0,pos_SynthID
SynthID,morph_v1,1,19,13,0.5329615861214374,0.5329615861214374,840,4,0,0,pos_SynthID
SynthID,morph_v1,1,19,14,0.5506898086337338,0.5506898086337338,768,0,0,0,pos_SynthID
SynthID,morph_v1,1,20,11,0.527862772369031,0.527862772369031,861,3,1,0,pos_SynthID
SynthID,morph_v1,1,20,12,0.5188012074169901,0.5188012074169901,1022,2,1,0,pos_SynthID
SynthID,morph_v1,1,20,13,0.5244355909694555,0.5244355909694555,892,3,2,0,pos_SynthID
SynthID,morph_v1,1,20,14,0.5263406263406264,0.5263406263406264,938,7,4,0,pos_SynthID
SynthID,morph_v1,1,21,11,0.5309301290609701,0.5309301290609701,805,4,8,0,pos_SynthID
SynthID,morph_v1,1,21,12,0.5376916868442292,0.5376916868442292,890,7,10,0,pos_SynthID
SynthID,morph_v1,1,21,13,0.5318228630278063,0.5318228630278063,1063,11,11,0,pos_SynthID
SynthID,morph_v1,1,21,14,0.5345352564102565,0.5345352564102565,883,15,9,0,pos_SynthID
SynthID,morph_v1,1,22,11,0.5392349726775957,0.5392349726775957,977,6,4,0,pos_SynthID
SynthID,morph_v1,1,22,12,0.535731922398589,0.535731922398589,1032,7,8,0,pos_SynthID
SynthID,morph_v1,1,22,13,0.5324869004433697,0.5324869004433697,928,6,7,0,pos_SynthID
SynthID,morph_v1,1,22,14,0.546477850399419,0.546477850399419,973,2,4,0,pos_SynthID
SynthID,morph_v1,1,23,11,0.5358441558441558,0.5358441558441558,853,11,7,0,pos_SynthID
SynthID,morph_v1,1,23,12,0.5357744107744108,0.5357744107744108,867,20,4,0,pos_SynthID
SynthID,morph_v1,1,23,13,0.5567129629629629,0.5567129629629629,935,9,2,0,pos_SynthID
SynthID,morph_v1,1,23,14,0.5452527743526511,0.5452527743526511,855,6,4,0,pos_SynthID
SynthID,morph_v1+dia,0,0,11,0.5011372549019608,0.5011372549019608,1058,7,0,0,neg
SynthID,morph_v1+dia,0,0,12,0.5032412523020258,0.5032412523020258,1079,6,3,0,neg
SynthID,morph_v1+dia,0,0,13,0.499347158218126,0.499347158218126,1116,2,2,0,neg
SynthID,morph_v1+dia,0,0,14,0.503812893081761,0.503812893081761,1036,4,1,0,neg
SynthID,morph_v1+dia,0,1,11,0.5035984848484848,0.5035984848484848,1008,4,1,0,neg
SynthID,morph_v1+dia,0,1,12,0.5010976948408342,0.5010976948408342,1025,9,1,0,neg
SynthID,morph_v1+dia,0,1,13,0.49808853118712276,0.49808853118712276,1133,4,4,0,neg
SynthID,morph_v1+dia,0,1,14,0.4958751393534002,0.4958751393534002,1014,3,0,0,neg
SynthID,morph_v1+dia,0,2,11,0.5,0.5,963,0,3,0,neg
SynthID,morph_v1+dia,0,2,12,0.5056260575296109,0.5056260575296109,827,0,0,0,neg
SynthID,morph_v1+dia,0,2,13,0.49979633401221996,0.49979633401221996,1070,2,2,0,neg
SynthID,morph_v1+dia,0,2,14,0.49839400428265523,0.49839400428265523,1003,2,0,0,neg
SynthID,morph_v1+dia,0,3,11,0.501557322730285,0.501557322730285,1103,9,2,0,neg
SynthID,morph_v1+dia,0,3,12,0.5009458948164964,0.5009458948164964,986,9,0,0,neg
SynthID,morph_v1+dia,0,3,13,0.4975763962065332,0.4975763962065332,1096,10,4,0,neg
SynthID,morph_v1+dia,0,3,14,0.5044250645994832,0.5044250645994832,1166,8,1,0,neg
SynthID,morph_v1+dia,0,4,11,0.5066912972085386,0.5066912972085386,1283,13,1,0,neg
SynthID,morph_v1+dia,0,4,12,0.5018994413407821,0.5018994413407821,1101,11,0,0,neg
SynthID,morph_v1+dia,0,4,13,0.5019012944983818,0.5019012944983818,1077,9,4,0,neg
SynthID,morph_v1+dia,0,4,14,0.4965879265091864,0.4965879265091864,931,11,3,0,neg
SynthID,morph_v1+dia,0,5,11,0.5048694112439133,0.5048694112439133,867,3,1,0,neg
SynthID,morph_v1+dia,0,5,12,0.496800324017821,0.496800324017821,922,6,5,0,neg
SynthID,morph_v1+dia,0,5,13,0.5007317965605562,0.5007317965605562,981,14,3,0,neg
SynthID,morph_v1+dia,0,5,14,0.5004498977505113,0.5004498977505113,945,10,0,0,neg
SynthID,morph_v1+dia,0,6,11,0.501492885467693,0.501492885467693,1564,15,4,0,neg
SynthID,morph_v1+dia,0,6,12,0.5021138211382113,0.5021138211382113,1114,8,2,0,neg
SynthID,morph_v1+dia,0,6,13,0.500313725490196,0.500313725490196,1365,5,2,0,neg
SynthID,morph_v1+dia,0,6,14,0.5066609977324263,0.5066609977324263,1279,9,2,0,neg
SynthID,morph_v1+dia,0,7,11,0.5009174311926605,0.5009174311926605,924,1,1,0,neg
SynthID,morph_v1+dia,0,7,12,0.49496261314443135,0.49496261314443135,926,1,2,0,neg
SynthID,morph_v1+dia,0,7,13,0.49793988517392773,0.49793988517392773,1068,5,8,0,neg
SynthID,morph_v1+dia,0,7,14,0.5,0.5,936,0,0,0,neg
SynthID,morph_v1+dia,0,8,11,0.5058663028649386,0.5058663028649386,891,4,1,0,neg
SynthID,morph_v1+dia,0,8,12,0.4988463123197363,0.4988463123197363,880,6,2,0,neg
SynthID,morph_v1+dia,0,8,13,0.5022008253094911,0.5022008253094911,833,3,1,0,neg
SynthID,morph_v1+dia,0,8,14,0.5025796049979847,0.5025796049979847,999,5,1,0,neg
SynthID,morph_v1+dia,0,9,11,0.5005202526941658,0.5005202526941658,1043,5,3,0,neg
SynthID,morph_v1+dia,0,9,12,0.5077153558052434,0.5077153558052434,1068,12,1,0,neg
SynthID,morph_v1+dia,0,9,13,0.5022068511198946,0.5022068511198946,1177,7,2,0,neg
SynthID,morph_v1+dia,0,9,14,0.5055555555555555,0.5055555555555555,1069,6,2,0,neg
SynthID,morph_v1+dia,0,10,11,0.49391025641025643,0.49391025641025643,923,0,0,0,neg
SynthID,morph_v1+dia,0,10,12,0.5075093867334167,0.5075093867334167,882,2,2,0,neg
SynthID,morph_v1+dia,0,10,13,0.4991534391534391,0.4991534391534391,1015,5,6,0,neg
SynthID,morph_v1+dia,0,10,14,0.501656314699793,0.501656314699793,1053,0,3,0,neg
SynthID,morph_v1+dia,0,11,11,0.5014361300075586,0.5014361300075586,980,11,1,0,neg
SynthID,morph_v1+dia,0,11,12,0.5023391812865498,0.5023391812865498,966,6,0,0,neg
SynthID,morph_v1+dia,0,11,13,0.5052009456264775,0.5052009456264775,975,10,3,0,neg
SynthID,morph_v1+dia,0,11,14,0.49734299516908215,0.49734299516908215,909,8,3,0,neg
SynthID,morph_v1+dia,0,12,11,0.49918032786885247,0.49918032786885247,984,12,3,0,neg
SynthID,morph_v1+dia,0,12,12,0.5054525627044711,0.5054525627044711,1053,7,4,0,neg
SynthID,morph_v1+dia,0,12,13,0.5021303258145363,0.5021303258145363,920,9,3,0,neg
SynthID,morph_v1+dia,0,12,14,0.4967630057803468,0.4967630057803468,1019,10,4,0,neg
SynthID,morph_v1+dia,0,13,11,0.5010279001468428,0.5010279001468428,944,2,1,0,neg
SynthID,morph_v1+dia,0,13,12,0.5007313317936875,0.5007313317936875,898,6,0,0,neg
SynthID,morph_v1+dia,0,13,13,0.5013186813186813,0.5013186813186813,948,1,1,0,neg
SynthID,morph_v1+dia,0,13,14,0.5002513352183475,0.5002513352183475,1171,2,1,0,neg
SynthID,morph_v1+dia,0,14,11,0.502176403207331,0.502176403207331,980,4,3,0,neg
SynthID,morph_v1+dia,0,14,12,0.499657416923604,0.499657416923604,1097,7,4,0,neg
SynthID,morph_v1+dia,0,14,13,0.5062986553432414,0.5062986553432414,1053,3,6,0,neg
SynthID,morph_v1+dia,0,14,14,0.4994246673858324,0.4994246673858324,1055,4,2,0,neg
SynthID,morph_v1+dia,0,15,11,0.5041456016177958,0.5041456016177958,1222,6,4,0,neg
SynthID,morph_v1+dia,0,15,12,0.5073545554335894,0.5073545554335894,1147,8,5,0,neg
SynthID,morph_v1+dia,0,15,13,0.4988952380952381,0.4988952380952381,1170,5,2,0,neg
SynthID,morph_v1+dia,0,15,14,0.5076674737691687,0.5076674737691687,1042,6,2,0,neg
SynthID,morph_v1+dia,0,16,11,0.49730957372466805,0.49730957372466805,1026,2,1,0,neg
SynthID,morph_v1+dia,0,16,12,0.49309413580246914,0.49309413580246914,948,8,3,0,neg
SynthID,morph_v1+dia,0,16,13,0.506156338598623,0.506156338598623,920,1,0,0,neg
SynthID,morph_v1+dia,0,16,14,0.5023908045977011,0.5023908045977011,858,0,0,0,neg
SynthID,morph_v1+dia,0,17,11,0.5009400705052879,0.5009400705052879,965,6,1,0,neg
SynthID,morph_v1+dia,0,17,12,0.4989749897498975,0.4989749897498975,906,7,2,0,neg
SynthID,morph_v1+dia,0,17,13,0.5001700680272109,0.5001700680272109,901,6,0,0,neg
SynthID,morph_v1+dia,0,17,14,0.5012048192771085,0.5012048192771085,921,6,2,0,neg
SynthID,morph_v1+dia,0,18,11,0.5050232867598137,0.5050232867598137,1107,19,1,0,neg
SynthID,morph_v1+dia,0,18,12,0.49685264663805434,0.49685264663805434,1090,11,2,0,neg
SynthID,morph_v1+dia,0,18,13,0.4973214285714286,0.4973214285714286,1156,18,5,0,neg
SynthID,morph_v1+dia,0,18,14,0.5009975920192639,0.5009975920192639,1091,11,3,0,neg
SynthID,morph_v1+dia,0,19,11,0.4968738229755179,0.4968738229755179,981,5,0,0,neg
SynthID,morph_v1+dia,0,19,12,0.5029432624113476,0.5029432624113476,1040,0,1,0,neg
SynthID,morph_v1+dia,0,19,13,0.5023043305522448,0.5023043305522448,963,6,2,0,neg
SynthID,morph_v1+dia,0,19,14,0.4955896452540748,0.4955896452540748,1087,5,3,0,neg
SynthID,morph_v1+dia,0,20,11,0.4931776047460141,0.4931776047460141,1048,1,3,0,neg
SynthID,morph_v1+dia,0,20,12,0.5032175032175032,0.5032175032175032,1326,2,4,0,neg
SynthID,morph_v1+dia,0,20,13,0.49917748917748916,0.49917748917748916,920,4,2,0,neg
SynthID,morph_v1+dia,0,20,14,0.4977093206951027,0.4977093206951027,1059,3,4,0,neg
SynthID,morph_v1+dia,0,21,11,0.5018393393393393,0.5018393393393393,993,4,9,0,neg
SynthID,morph_v1+dia,0,21,12,0.5006528835690969,0.5006528835690969,1051,9,9,0,neg
SynthID,morph_v1+dia,0,21,13,0.4984163769795288,0.4984163769795288,961,1,7,0,neg
SynthID,morph_v1+dia,0,21,14,0.5046594982078854,0.5046594982078854,955,8,11,0,neg
SynthID,morph_v1+dia,0,22,11,0.49736540664375717,0.49736540664375717,973,8,2,0,neg
SynthID,morph_v1+dia,0,22,12,0.5023785253143052,0.5023785253143052,1156,3,10,0,neg
SynthID,morph_v1+dia,0,22,13,0.5002380952380953,0.5002380952380953,1103,8,3,0,neg
SynthID,morph_v1+dia,0,22,14,0.5019114688128773,0.5019114688128773,1134,9,9,0,neg
SynthID,morph_v1+dia,0,23,11,0.5000837520938023,0.5000837520938023,885,6,6,0,neg
SynthID,morph_v1+dia,0,23,12,0.503461688059121,0.503461688059121,926,19,7,0,neg
SynthID,morph_v1+dia,0,23,13,0.500587002096436,0.500587002096436,971,20,6,0,neg
SynthID,morph_v1+dia,0,23,14,0.4966708807416772,0.4966708807416772,866,14,8,0,neg
SynthID,morph_v1+dia,1,0,11,0.5086212569924318,0.5086212569924318,1202,8,0,0,pos_SynthID
SynthID,morph_v1+dia,1,0,12,0.4994684889901291,0.4994684889901291,1053,4,0,0,pos_SynthID
SynthID,morph_v1+dia,1,0,13,0.5049813200498132,0.5049813200498132,971,5,0,0,pos_SynthID
SynthID,morph_v1+dia,1,0,14,0.5031152647975078,0.5031152647975078,1045,3,2,0,pos_SynthID
SynthID,morph_v1+dia,1,1,11,0.5010319917440661,0.5010319917440661,1067,12,2,0,pos_SynthID
SynthID,morph_v1+dia,1,1,12,0.5070929805218669,0.5070929805218669,987,5,1,0,pos_SynthID
SynthID,morph_v1+dia,1,1,13,0.5049964311206281,0.5049964311206281,1040,1,2,0,pos_SynthID
SynthID,morph_v1+dia,1,1,14,0.5149313087490962,0.5149313087490962,1041,10,1,0,pos_SynthID
SynthID,morph_v1+dia,1,2,11,0.51598857958601,0.51598857958601,978,0,2,0,pos_SynthID
SynthID,morph_v1+dia,1,2,12,0.5186682520808561,0.5186682520808561,914,2,0,0,pos_SynthID
SynthID,morph_v1+dia,1,2,13,0.513056255247691,0.513056255247691,838,0,2,0,pos_SynthID
SynthID,morph_v1+dia,1,2,14,0.5176818014027317,0.5176818014027317,947,5,1,0,pos_SynthID
SynthID,morph_v1+dia,1,3,11,0.5092862935928629,0.5092862935928629,876,11,1,0,pos_SynthID
SynthID,morph_v1+dia,1,3,12,0.5077351687971157,0.5077351687971157,1104,5,1,0,pos_SynthID
SynthID,morph_v1+dia,1,3,13,0.5075302245250431,0.5075302245250431,1083,7,1,0,pos_SynthID
SynthID,morph_v1+dia,1,3,14,0.5041349292709467,0.5041349292709467,1021,8,1,0,pos_SynthID
SynthID,morph_v1+dia,1,4,11,0.5113607990012484,0.5113607990012484,1815,1,0,0,pos_SynthID
SynthID,morph_v1+dia,1,4,12,0.5109471094710947,0.5109471094710947,1043,12,1,0,pos_SynthID
SynthID,morph_v1+dia,1,4,13,0.5054866591506952,0.5054866591506952,1075,13,0,0,pos_SynthID
SynthID,morph_v1+dia,1,4,14,0.5060866013071895,0.5060866013071895,1054,6,1,0,pos_SynthID
SynthID,morph_v1+dia,1,5,11,0.5095564700502972,0.5095564700502972,847,9,0,0,pos_SynthID
SynthID,morph_v1+dia,1,5,12,0.5067821067821068,0.5067821067821068,1013,10,1,0,pos_SynthID
SynthID,morph_v1+dia,1,5,13,0.5039393939393939,0.5039393939393939,970,9,1,0,pos_SynthID
SynthID,morph_v1+dia,1,5,14,0.5073820395738204,0.5073820395738204,991,15,3,0,pos_SynthID
SynthID,morph_v1+dia,1,6,11,0.5067703271784905,0.5067703271784905,1104,10,3,0,pos_SynthID
SynthID,morph_v1+dia,1,6,12,0.5048245614035087,0.5048245614035087,1317,6,6,0,pos_SynthID
SynthID,morph_v1+dia,1,6,13,0.5164623467600701,0.5164623467600701,1189,6,3,0,pos_SynthID
SynthID,morph_v1+dia,1,6,14,0.5142732811140122,0.5142732811140122,1243,9,3,0,pos_SynthID
SynthID,morph_v1+dia,1,7,11,0.5162524654832347,0.5162524654832347,890,2,1,0,pos_SynthID
SynthID,morph_v1+dia,1,7,12,0.5111600587371512,0.5111600587371512,1882,1,0,0,pos_SynthID
SynthID,morph_v1+dia,1,7,13,0.5088739746457868,0.5088739746457868,954,1,0,0,pos_SynthID
SynthID,morph_v1+dia,1,7,14,0.5161572052401747,0.5161572052401747,1035,0,1,0,pos_SynthID
SynthID,morph_v1+dia,1,8,11,0.5071253071253071,0.5071253071253071,917,6,5,0,pos_SynthID
SynthID,morph_v1+dia,1,8,12,0.505447619047619,0.505447619047619,977,3,2,0,pos_SynthID
SynthID,morph_v1+dia,1,8,13,0.5104536489151874,0.5104536489151874,915,4,4,0,pos_SynthID
SynthID,morph_v1+dia,1,8,14,0.5017174082747853,0.5017174082747853,942,6,6,0,pos_SynthID
SynthID,morph_v1+dia,1,9,11,0.5115674195756331,0.5115674195756331,1157,5,1,0,pos_SynthID
SynthID,morph_v1+dia,1,9,12,0.5086052463211772,0.5086052463211772,1224,12,3,0,pos_SynthID
SynthID,morph_v1+dia,1,9,13,0.504985119047619,0.504985119047619,1059,3,1,0,pos_SynthID
SynthID,morph_v1+dia,1,9,14,0.5050830889540567,0.5050830889540567,1212,9,3,0,pos_SynthID
SynthID,morph_v1+dia,1,10,11,0.5183885640025991,0.5183885640025991,1178,0,3,0,pos_SynthID
SynthID,morph_v1+dia,1,10,12,0.5119658119658119,0.5119658119658119,840,1,0,0,pos_SynthID
SynthID,morph_v1+dia,1,10,13,0.5162297128589264,0.5162297128589264,922,0,0,0,pos_SynthID
SynthID,morph_v1+dia,1,10,14,0.5212940212940212,0.5212940212940212,858,2,1,0,pos_SynthID
SynthID,morph_v1+dia,1,11,11,0.5040268456375839,0.5040268456375839,811,7,1,0,pos_SynthID
SynthID,morph_v1+dia,1,11,12,0.5056207755247243,0.5056207755247243,1066,5,2,0,pos_SynthID
SynthID,morph_v1+dia,1,11,13,0.5079147640791476,0.5079147640791476,992,12,2,0,pos_SynthID
SynthID,morph_v1+dia,1,11,14,0.5098313598851812,0.5098313598851812,1032,11,2,0,pos_SynthID
SynthID,morph_v1+dia,1,12,11,0.5078125,0.5078125,1022,13,1,0,pos_SynthID
SynthID,morph_v1+dia,1,12,12,0.5066452304394427,0.5066452304394427,1049,12,0,0,pos_SynthID
SynthID,morph_v1+dia,1,12,13,0.5022640195053988,0.5022640195053988,1083,17,0,0,pos_SynthID
SynthID,morph_v1+dia,1,12,14,0.5047572499185402,0.5047572499185402,1115,14,2,0,pos_SynthID
SynthID,morph_v1+dia,1,13,11,0.5095195991747716,0.5095195991747716,1196,2,2,0,pos_SynthID
SynthID,morph_v1+dia,1,13,12,0.5113645965356992,0.5113645965356992,824,4,2,0,pos_SynthID
SynthID,morph_v1+dia,1,13,13,0.5112804063084737,0.5112804063084737,1300,2,0,0,pos_SynthID
SynthID,morph_v1+dia,1,13,14,0.5121892782270141,0.5121892782270141,1172,3,1,0,pos_SynthID
SynthID,morph_v1+dia,1,14,11,0.5096559699335068,0.5096559699335068,1301,4,5,0,pos_SynthID
SynthID,morph_v1+dia,1,14,12,0.5099497802887634,0.5099497802887634,1183,3,2,0,pos_SynthID
SynthID,morph_v1+dia,1,14,13,0.5049204587495375,0.5049204587495375,984,5,3,0,pos_SynthID
SynthID,morph_v1+dia,1,14,14,0.5035822021116139,0.5035822021116139,971,7,2,0,pos_SynthID
SynthID,morph_v1+dia,1,15,11,0.5018633540372671,0.5018633540372671,1147,5,0,0,pos_SynthID
SynthID,morph_v1+dia,1,15,12,0.5017913593256059,0.5017913593256059,1110,9,0,0,pos_SynthID
SynthID,morph_v1+dia,1,15,13,0.5085704250087811,0.5085704250087811,1129,11,3,0,pos_SynthID
SynthID,morph_v1+dia,1,15,14,0.507312546399406,0.507312546399406,1060,6,4,0,pos_SynthID
SynthID,morph_v1+dia,1,16,11,0.5173677501593371,0.5173677501593371,1092,0,0,0,pos_SynthID
SynthID,morph_v1+dia,1,16,12,0.5115183246073298,0.5115183246073298,1039,1,1,0,pos_SynthID
SynthID,morph_v1+dia,1,16,13,0.513560454241817,0.513560454241817,1055,1,0,0,pos_SynthID
SynthID,morph_v1+dia,1,16,14,0.519298245614035,0.519298245614035,923,0,2,0,pos_SynthID
SynthID,morph_v1+dia,1,17,11,0.5093624772313297,0.5093624772313297,1002,5,1,0,pos_SynthID
SynthID,morph_v1+dia,1,17,12,0.5131410256410256,0.5131410256410256,968,11,0,0,pos_SynthID
SynthID,morph_v1+dia,1,17,13,0.5170550489699426,0.5170550489699426,1094,7,4,0,pos_SynthID
SynthID,morph_v1+dia,1,17,14,0.5056338028169014,0.5056338028169014,1153,7,1,0,pos_SynthID
SynthID,morph_v1+dia,1,18,11,0.5078280397818415,0.5078280397818415,1223,17,1,0,pos_SynthID
SynthID,morph_v1+dia,1,18,12,0.5046304814474087,0.5046304814474087,1257,21,1,0,pos_SynthID
SynthID,morph_v1+dia,1,18,13,0.5037841395195788,0.5037841395195788,1188,18,1,0,pos_SynthID
SynthID,morph_v1+dia,1,18,14,0.508289611752361,0.508289611752361,1115,19,1,0,pos_SynthID
SynthID,morph_v1+dia,1,19,11,0.5100314465408805,0.5100314465408805,1111,2,0,0,pos_SynthID
SynthID,morph_v1+dia,1,19,12,0.5139277389277389,0.5139277389277389,1319,11,2,0,pos_SynthID
SynthID,morph_v1+dia,1,19,13,0.5004101416853095,0.5004101416853095,947,4,0,0,pos_SynthID
SynthID,morph_v1+dia,1,19,14,0.5103838383838384,0.5103838383838384,848,0,0,0,pos_SynthID
SynthID,morph_v1+dia,1,20,11,0.5041981528127624,0.5041981528127624,953,3,1,0,pos_SynthID
SynthID,morph_v1+dia,1,20,12,0.5090588235294118,0.5090588235294118,1106,2,1,0,pos_SynthID
SynthID,morph_v1+dia,1,20,13,0.5059152677857713,0.5059152677857713,1004,3,2,0,pos_SynthID
SynthID,morph_v1+dia,1,20,14,0.4984441851419681,0.4984441851419681,1025,7,4,0,pos_SynthID
SynthID,morph_v1+dia,1,21,11,0.5091840918409184,0.5091840918409184,879,4,8,0,pos_SynthID
SynthID,morph_v1+dia,1,21,12,0.5067547723935389,0.5067547723935389,1003,7,10,0,pos_SynthID
SynthID,morph_v1+dia,1,21,13,0.5076704545454546,0.5076704545454546,1171,11,11,0,pos_SynthID
SynthID,morph_v1+dia,1,21,14,0.507913400522583,0.507913400522583,962,15,9,0,pos_SynthID
SynthID,morph_v1+dia,1,22,11,0.506814367237328,0.506814367237328,1074,6,4,0,pos_SynthID
SynthID,morph_v1+dia,1,22,12,0.5055338541666666,0.5055338541666666,1133,7,8,0,pos_SynthID
SynthID,morph_v1+dia,1,22,13,0.5038318452380952,0.5038318452380952,1030,6,7,0,pos_SynthID
SynthID,morph_v1+dia,1,22,14,0.5200283085633404,0.5200283085633404,1006,2,4,0,pos_SynthID
SynthID,morph_v1+dia,1,23,11,0.5053049289891395,0.5053049289891395,869,11,7,0,pos_SynthID
SynthID,morph_v1+dia,1,23,12,0.5048440065681445,0.5048440065681445,879,20,4,0,pos_SynthID
SynthID,morph_v1+dia,1,23,13,0.5112107623318386,0.5112107623318386,949,9,2,0,pos_SynthID
SynthID,morph_v1+dia,1,23,14,0.511362733412793,0.511362733412793,874,6,4,0,pos_SynthID
SynthID,rtt,0,0,11,0.5026281208935611,0.5026281208935611,864,-1,0,0,neg
SynthID,rtt,0,0,12,0.5002979991485739,0.5002979991485739,899,-1,0,0,neg
SynthID,rtt,0,0,13,0.5005416666666667,0.5005416666666667,953,-1,0,0,neg
SynthID,rtt,0,0,14,0.49727272727272726,0.49727272727272726,867,-1,0,0,neg
SynthID,rtt,0,1,11,0.5017593913456966,0.5017593913456966,754,-1,0,0,neg
SynthID,rtt,0,1,12,0.5027629233511587,0.5027629233511587,800,-1,0,0,neg
SynthID,rtt,0,1,13,0.4980514096185738,0.4980514096185738,871,-1,0,0,neg
SynthID,rtt,0,1,14,0.49919436052366567,0.49919436052366567,722,-1,0,0,neg
SynthID,rtt,0,2,11,0.5013027852650495,0.5013027852650495,797,-1,0,0,neg
SynthID,rtt,0,2,12,0.49792870905587666,0.49792870905587666,720,-1,0,0,neg
SynthID,rtt,0,2,13,0.4956195244055069,0.4956195244055069,841,-1,0,0,neg
SynthID,rtt,0,2,14,0.49952565761103923,0.49952565761103923,802,-1,0,0,neg
SynthID,rtt,0,3,11,0.5027808676307007,0.5027808676307007,944,-1,0,0,neg
SynthID,rtt,0,3,12,0.4992854140395124,0.4992854140395124,848,-1,0,0,neg
SynthID,rtt,0,3,13,0.5035284350352843,0.5035284350352843,899,-1,0,0,neg
SynthID,rtt,0,3,14,0.5087638729429774,0.5087638729429774,951,-1,0,0,neg
SynthID,rtt,0,4,11,0.5,0.5,1041,-1,0,0,neg
SynthID,rtt,0,4,12,0.501986183074266,0.501986183074266,886,-1,0,0,neg
SynthID,rtt,0,4,13,0.4980164489598452,0.4980164489598452,843,-1,0,0,neg
SynthID,rtt,0,4,14,0.5033333333333333,0.5033333333333333,769,-1,0,0,neg
SynthID,rtt,0,5,11,0.5004046535154274,0.5004046535154274,718,-1,0,0,neg
SynthID,rtt,0,5,12,0.49733152419719584,0.49733152419719584,801,-1,0,0,neg
SynthID,rtt,0,5,13,0.4988126649076517,0.4988126649076517,831,-1,0,0,neg
SynthID,rtt,0,5,14,0.5,0.5,806,-1,0,0,neg
SynthID,rtt,0,6,11,0.5017935982339956,0.5017935982339956,1320,-1,0,0,neg
SynthID,rtt,0,6,12,0.5003722084367246,0.5003722084367246,882,-1,0,0,neg
SynthID,rtt,0,6,13,0.5006750241080039,0.5006750241080039,1104,-1,0,0,neg
SynthID,rtt,0,6,14,0.4988975356679637,0.4988975356679637,1103,-1,0,0,neg
SynthID,rtt,0,7,11,0.5006578947368421,0.5006578947368421,790,-1,0,0,neg
SynthID,rtt,0,7,12,0.4962322695035461,0.4962322695035461,804,-1,0,0,neg
SynthID,rtt,0,7,13,0.4968992248062015,0.4968992248062015,901,-1,0,0,neg
SynthID,rtt,0,7,14,0.49551548774849746,0.49551548774849746,803,-1,0,0,neg
SynthID,rtt,0,8,11,0.49644444444444447,0.49644444444444447,762,-1,0,0,neg
SynthID,rtt,0,8,12,0.5044783010156971,0.5044783010156971,761,-1,0,0,neg
SynthID,rtt,0,8,13,0.5063717746182201,0.5063717746182201,714,-1,0,0,neg
SynthID,rtt,0,8,14,0.5060522696011004,0.5060522696011004,852,-1,0,0,neg
SynthID,rtt,0,9,11,0.5007064017660044,0.5007064017660044,864,-1,0,0,neg
SynthID,rtt,0,9,12,0.4986737400530504,0.4986737400530504,864,-1,0,0,neg
SynthID,rtt,0,9,13,0.5014914243102162,0.5014914243102162,1008,-1,0,0,neg
SynthID,rtt,0,9,14,0.501397990388816,0.501397990388816,883,-1,0,0,neg
SynthID,rtt,0,10,11,0.5043835616438356,0.5043835616438356,783,-1,0,0,neg
SynthID,rtt,0,10,12,0.49891358024691357,0.49891358024691357,727,-1,0,0,neg
SynthID,rtt,0,10,13,0.5015353535353535,0.5015353535353535,875,-1,0,0,neg
SynthID,rtt,0,10,14,0.5048148148148148,0.5048148148148148,850,-1,0,0,neg
SynthID,rtt,0,11,11,0.5038356164383562,0.5038356164383562,801,-1,0,0,neg
SynthID,rtt,0,11,12,0.5031446540880503,0.5031446540880503,809,-1,0,0,neg
SynthID,rtt,0,11,13,0.5021709633649932,0.5021709633649932,806,-1,0,0,neg
SynthID,rtt,0,11,14,0.49911914696337506,0.49911914696337506,772,-1,0,0,neg
SynthID,rtt,0,12,11,0.49838187702265374,0.49838187702265374,792,-1,0,0,neg
SynthID,rtt,0,12,12,0.4961714523512276,0.4961714523512276,884,-1,0,0,neg
SynthID,rtt,0,12,13,0.4993500464252553,0.4993500464252553,809,-1,0,0,neg
SynthID,rtt,0,12,14,0.5020628223159869,0.5020628223159869,811,-1,0,0,neg
SynthID,rtt,0,13,11,0.5001351351351352,0.5001351351351352,753,-1,0,0,neg
SynthID,rtt,0,13,12,0.5060027285129605,0.5060027285129605,749,-1,0,0,neg
SynthID,rtt,0,13,13,0.5000464252553389,0.5000464252553389,738,-1,0,0,neg
SynthID,rtt,0,13,14,0.500719696969697,0.500719696969697,911,-1,0,0,neg
SynthID,rtt,0,14,11,0.4958897922312556,0.4958897922312556,794,-1,0,0,neg
SynthID,rtt,0,14,12,0.5028880866425993,0.5028880866425993,879,-1,0,0,neg
SynthID,rtt,0,14,13,0.5015384615384615,0.5015384615384615,904,-1,0,0,neg
SynthID,rtt,0,14,14,0.503107705406556,0.503107705406556,844,-1,0,0,neg
SynthID,rtt,0,15,11,0.5082928802588996,0.5082928802588996,983,-1,0,0,neg
SynthID,rtt,0,15,12,0.49720101781170484,0.49720101781170484,959,-1,0,0,neg
SynthID,rtt,0,15,13,0.49746031746031744,0.49746031746031744,948,-1,0,0,neg
SynthID,rtt,0,15,14,0.5059060402684564,0.5059060402684564,892,-1,0,0,neg
SynthID,rtt,0,16,11,0.49602701628923324,0.49602701628923324,876,-1,0,0,neg
SynthID,rtt,0,16,12,0.49559412550066756,0.49559412550066756,802,-1,0,0,neg
SynthID,rtt,0,16,13,0.5008836524300442,0.5008836524300442,726,-1,0,0,neg
SynthID,rtt,0,16,14,0.5075461454940282,0.5075461454940282,692,-1,0,0,neg
SynthID,rtt,0,17,11,0.4991003787878788,0.4991003787878788,786,-1,0,0,neg
SynthID,rtt,0,17,12,0.4986274509803922,0.4986274509803922,742,-1,0,0,neg
SynthID,rtt,0,17,13,0.4988418932527694,0.4988418932527694,753,-1,0,0,neg
SynthID,rtt,0,17,14,0.5040182648401826,0.5040182648401826,786,-1,0,0,neg
SynthID,rtt,0,18,11,0.5031986531986532,0.5031986531986532,834,-1,0,0,neg
SynthID,rtt,0,18,12,0.5036144578313253,0.5036144578313253,810,-1,0,0,neg
SynthID,rtt,0,18,13,0.5026744186046511,0.5026744186046511,911,-1,0,0,neg
SynthID,rtt,0,18,14,0.5030487804878049,0.5030487804878049,864,-1,0,0,neg
SynthID,rtt,0,19,11,0.49140845070422534,0.49140845070422534,756,-1,0,0,neg
SynthID,rtt,0,19,12,0.5014317673378076,0.5014317673378076,790,-1,0,0,neg
SynthID,rtt,0,19,13,0.5014020805065581,0.5014020805065581,789,-1,0,0,neg
SynthID,rtt,0,19,14,0.5002352941176471,0.5002352941176471,866,-1,0,0,neg
SynthID,rtt,0,20,11,0.5047204968944099,0.5047204968944099,891,-1,0,0,neg
SynthID,rtt,0,20,12,0.4998539612997444,0.4998539612997444,1085,-1,0,0,neg
SynthID,rtt,0,20,13,0.500402212166918,0.500402212166918,776,-1,0,0,neg
SynthID,rtt,0,20,14,0.5062612612612613,0.5062612612612613,868,-1,0,0,neg
SynthID,rtt,0,21,11,0.5035864978902953,0.5035864978902953,865,-1,0,0,neg
SynthID,rtt,0,21,12,0.501468788249694,0.501468788249694,928,-1,0,0,neg
SynthID,rtt,0,21,13,0.49719848053181387,0.49719848053181387,753,-1,0,0,neg
SynthID,rtt,0,21,14,0.5015702108568865,0.5015702108568865,823,-1,0,0,neg
SynthID,rtt,0,22,11,0.4987910189982729,0.4987910189982729,807,-1,0,0,neg
SynthID,rtt,0,22,12,0.4950922654102866,0.4950922654102866,925,-1,0,0,neg
SynthID,rtt,0,22,13,0.4991504854368932,0.4991504854368932,881,-1,0,0,neg
SynthID,rtt,0,22,14,0.4987789987789988,0.4987789987789988,876,-1,0,0,neg
SynthID,rtt,0,23,11,0.49791955617198336,0.49791955617198336,780,-1,0,0,neg
SynthID,rtt,0,23,12,0.4958897922312556,0.4958897922312556,766,-1,0,0,neg
SynthID,rtt,0,23,13,0.49748858447488586,0.49748858447488586,824,-1,0,0,neg
SynthID,rtt,0,23,14,0.5081928838951311,0.5081928838951311,762,-1,0,0,neg
SynthID,rtt,1,0,11,0.5051493710691823,0.5051493710691823,975,-1,0,0,pos_SynthID
SynthID,rtt,1,0,12,0.5043589743589744,0.5043589743589744,881,-1,0,0,pos_SynthID
SynthID,rtt,1,0,13,0.5137226970560304,0.5137226970560304,820,-1,0,0,pos_SynthID
SynthID,rtt,1,0,14,0.5040913006029285,0.5040913006029285,877,-1,0,0,pos_SynthID
SynthID,rtt,1,1,11,0.49883534136546187,0.49883534136546187,870,-1,0,0,pos_SynthID
SynthID,rtt,1,1,12,0.5014252873563219,0.5014252873563219,789,-1,0,0,pos_SynthID
SynthID,rtt,1,1,13,0.4989491382934006,0.4989491382934006,854,-1,0,0,pos_SynthID
SynthID,rtt,1,1,14,0.5105239982386613,0.5105239982386613,838,-1,0,0,pos_SynthID
SynthID,rtt,1,2,11,0.502239121250528,0.502239121250528,815,-1,0,0,pos_SynthID
SynthID,rtt,1,2,12,0.5113720073664825,0.5113720073664825,769,-1,0,0,pos_SynthID
SynthID,rtt,1,2,13,0.5071282051282051,0.5071282051282051,665,-1,0,0,pos_SynthID
SynthID,rtt,1,2,14,0.5045916114790286,0.5045916114790286,765,-1,0,0,pos_SynthID
SynthID,rtt,1,3,11,0.4989614243323442,0.4989614243323442,721,-1,0,0,pos_SynthID
SynthID,rtt,1,3,12,0.5056753688989785,0.5056753688989785,932,-1,0,0,pos_SynthID
SynthID,rtt,1,3,13,0.5069295101553166,0.5069295101553166,923,-1,0,0,pos_SynthID
SynthID,rtt,1,3,14,0.5054483054483054,0.5054483054483054,827,-1,0,0,pos_SynthID
SynthID,rtt,1,4,11,0.5005405405405405,0.5005405405405405,577,-1,0,0,pos_SynthID
SynthID,rtt,1,4,12,0.5014932562620424,0.5014932562620424,813,-1,0,0,pos_SynthID
SynthID,rtt,1,4,13,0.5106081390032007,0.5106081390032007,827,-1,0,0,pos_SynthID
SynthID,rtt,1,4,14,0.5086317722681359,0.5086317722681359,840,-1,0,0,pos_SynthID
SynthID,rtt,1,5,11,0.5067950775815945,0.5067950775815945,693,-1,0,0,pos_SynthID
SynthID,rtt,1,5,12,0.501882755669662,0.501882755669662,826,-1,0,0,pos_SynthID
SynthID,rtt,1,5,13,0.5083111111111112,0.5083111111111112,793,-1,0,0,pos_SynthID
SynthID,rtt,1,5,14,0.5047496790757381,0.5047496790757381,862,-1,0,0,pos_SynthID
SynthID,rtt,1,6,11,0.5073817762399078,0.5073817762399078,943,-1,0,0,pos_SynthID
SynthID,rtt,1,6,12,0.5070888468809074,0.5070888468809074,1150,-1,0,0,pos_SynthID
SynthID,rtt,1,6,13,0.5088394062078273,0.5088394062078273,1026,-1,0,0,pos_SynthID
SynthID,rtt,1,6,14,0.5055672268907563,0.5055672268907563,1008,-1,0,0,pos_SynthID
SynthID,rtt,1,7,11,0.4990182328190743,0.4990182328190743,729,-1,0,0,pos_SynthID
SynthID,rtt,1,7,12,0.49312039312039313,0.49312039312039313,1778,-1,0,0,pos_SynthID
SynthID,rtt,1,7,13,0.5085011185682327,0.5085011185682327,788,-1,0,0,pos_SynthID
SynthID,rtt,1,7,14,0.503834808259587,0.503834808259587,860,-1,0,0,pos_SynthID
SynthID,rtt,1,8,11,0.505726872246696,0.505726872246696,735,-1,0,0,pos_SynthID
SynthID,rtt,1,8,12,0.5064473684210526,0.5064473684210526,829,-1,0,0,pos_SynthID
SynthID,rtt,1,8,13,0.5077792264232942,0.5077792264232942,807,-1,0,0,pos_SynthID
SynthID,rtt,1,8,14,0.5006675567423231,0.5006675567423231,805,-1,0,0,pos_SynthID
SynthID,rtt,1,9,11,0.5125050261359068,0.5125050261359068,929,-1,0,0,pos_SynthID
SynthID,rtt,1,9,12,0.5042715484363082,0.5042715484363082,1001,-1,0,0,pos_SynthID
SynthID,rtt,1,9,13,0.5025053078556263,0.5025053078556263,880,-1,0,0,pos_SynthID
SynthID,rtt,1,9,14,0.5050365244136871,0.5050365244136871,991,-1,0,0,pos_SynthID
SynthID,rtt,1,10,11,0.5079152731326645,0.5079152731326645,974,-1,0,0,pos_SynthID
SynthID,rtt,1,10,12,0.5038284839203675,0.5038284839203675,696,-1,0,0,pos_SynthID
SynthID,rtt,1,10,13,0.49786557674841053,0.49786557674841053,811,-1,0,0,pos_SynthID
SynthID,rtt,1,10,14,0.5019636720667648,0.5019636720667648,703,-1,0,0,pos_SynthID
SynthID,rtt,1,11,11,0.5064465408805031,0.5064465408805031,688,-1,0,0,pos_SynthID
SynthID,rtt,1,11,12,0.5088888888888888,0.5088888888888888,918,-1,0,0,pos_SynthID
SynthID,rtt,1,11,13,0.5056338028169014,0.5056338028169014,864,-1,0,0,pos_SynthID
SynthID,rtt,1,11,14,0.5045662100456622,0.5045662100456622,880,-1,0,0,pos_SynthID
SynthID,rtt,1,12,11,0.500611620795107,0.500611620795107,829,-1,0,0,pos_SynthID
SynthID,rtt,1,12,12,0.5052148518982061,0.5052148518982061,868,-1,0,0,pos_SynthID
SynthID,rtt,1,12,13,0.5066417600664176,0.5066417600664176,870,-1,0,0,pos_SynthID
SynthID,rtt,1,12,14,0.5104829210836278,0.5104829210836278,918,-1,0,0,pos_SynthID
SynthID,rtt,1,13,11,0.5057546145494028,0.5057546145494028,940,-1,0,0,pos_SynthID
SynthID,rtt,1,13,12,0.5013665202537824,0.5013665202537824,698,-1,0,0,pos_SynthID
SynthID,rtt,1,13,13,0.5078973346495558,0.5078973346495558,1038,-1,0,0,pos_SynthID
SynthID,rtt,1,13,14,0.5079434167573449,0.5079434167573449,955,-1,0,0,pos_SynthID
SynthID,rtt,1,14,11,0.5040953340046995,0.5040953340046995,1058,-1,0,0,pos_SynthID
SynthID,rtt,1,14,12,0.5127536231884058,0.5127536231884058,974,-1,0,0,pos_SynthID
SynthID,rtt,1,14,13,0.5065367965367965,0.5065367965367965,808,-1,0,0,pos_SynthID
SynthID,rtt,1,14,14,0.505451518934665,0.505451518934665,835,-1,0,0,pos_SynthID
SynthID,rtt,1,15,11,0.5056860321384425,0.5056860321384425,944,-1,0,0,pos_SynthID
SynthID,rtt,1,15,12,0.5050143855322647,0.5050143855322647,919,-1,0,0,pos_SynthID
SynthID,rtt,1,15,13,0.5050689375506894,0.5050689375506894,952,-1,0,0,pos_SynthID
SynthID,rtt,1,15,14,0.5059851463521188,0.5059851463521188,880,-1,0,0,pos_SynthID
SynthID,rtt,1,16,11,0.5082186544342507,0.5082186544342507,1136,-1,0,0,pos_SynthID
SynthID,rtt,1,16,12,0.5095813204508857,0.5095813204508857,863,-1,0,0,pos_SynthID
SynthID,rtt,1,16,13,0.503239656518345,0.503239656518345,878,-1,0,0,pos_SynthID
SynthID,rtt,1,16,14,0.5012396694214876,0.5012396694214876,753,-1,0,0,pos_SynthID
SynthID,rtt,1,17,11,0.5013963963963964,0.5013963963963964,809,-1,0,0,pos_SynthID
SynthID,rtt,1,17,12,0.5054846335697399,0.5054846335697399,795,-1,0,0,pos_SynthID
SynthID,rtt,1,17,13,0.5041031652989449,0.5041031652989449,944,-1,0,0,pos_SynthID
SynthID,rtt,1,17,14,0.5049221860296779,0.5049221860296779,990,-1,0,0,pos_SynthID
SynthID,rtt,1,18,11,0.505184331797235,0.505184331797235,940,-1,0,0,pos_SynthID
SynthID,rtt,1,18,12,0.506967363403007,0.506967363403007,977,-1,0,0,pos_SynthID
SynthID,rtt,1,18,13,0.5047072330654421,0.5047072330654421,925,-1,0,0,pos_SynthID
SynthID,rtt,1,18,14,0.5061097256857855,0.5061097256857855,845,-1,0,0,pos_SynthID
SynthID,rtt,1,19,11,0.5066666666666667,0.5066666666666667,831,-1,0,0,pos_SynthID
SynthID,rtt,1,19,12,0.5052221091895558,0.5052221091895558,1079,-1,0,0,pos_SynthID
SynthID,rtt,1,19,13,0.5073593073593073,0.5073593073593073,712,-1,0,0,pos_SynthID
SynthID,rtt,1,19,14,0.5133333333333333,0.5133333333333333,669,-1,0,0,pos_SynthID
SynthID,rtt,1,20,11,0.5029007633587786,0.5029007633587786,780,-1,0,0,pos_SynthID
SynthID,rtt,1,20,12,0.5053000438020149,0.5053000438020149,939,-1,0,0,pos_SynthID
SynthID,rtt,1,20,13,0.5009429514380009,0.5009429514380009,824,-1,0,0,pos_SynthID
SynthID,rtt,1,20,14,0.5049180327868853,0.5049180327868853,859,-1,0,0,pos_SynthID
SynthID,rtt,1,21,11,0.5136931534232884,0.5136931534232884,720,-1,0,0,pos_SynthID
SynthID,rtt,1,21,12,0.5065030146425495,0.5065030146425495,838,-1,0,0,pos_SynthID
SynthID,rtt,1,21,13,0.5061822125813449,0.5061822125813449,1012,-1,0,0,pos_SynthID
SynthID,rtt,1,21,14,0.5013314967860423,0.5013314967860423,753,-1,0,0,pos_SynthID
SynthID,rtt,1,22,11,0.5042087542087542,0.5042087542087542,832,-1,0,0,pos_SynthID
SynthID,rtt,1,22,12,0.5008607198748044,0.5008607198748044,894,-1,0,0,pos_SynthID
SynthID,rtt,1,22,13,0.49673659673659676,0.49673659673659676,758,-1,0,0,pos_SynthID
SynthID,rtt,1,22,14,0.5062573789846517,0.5062573789846517,877,-1,0,0,pos_SynthID
SynthID,rtt,1,23,11,0.5049220272904483,0.5049220272904483,711,-1,0,0,pos_SynthID
SynthID,rtt,1,23,12,0.5029265873015873,0.5029265873015873,715,-1,0,0,pos_SynthID
SynthID,rtt,1,23,13,0.5066216216216216,0.5066216216216216,765,-1,0,0,pos_SynthID
SynthID,rtt,1,23,14,0.5053545586107091,0.5053545586107091,719,-1,0,0,pos_SynthID
SynthID,para,0,0,11,0.4982198486871384,0.4982198486871384,894,-1,0,0,neg
SynthID,para,0,0,12,0.49972055888223554,0.49972055888223554,968,-1,0,0,neg
SynthID,para,0,0,13,0.49951040391676865,0.49951040391676865,1015,-1,0,0,neg
SynthID,para,0,0,14,0.5000423549343499,0.5000423549343499,928,-1,0,0,neg
SynthID,para,0,1,11,0.4977834612105712,0.4977834612105712,876,-1,0,0,neg
SynthID,para,0,1,12,0.5030812324929972,0.5030812324929972,918,-1,0,0,neg
SynthID,para,0,1,13,0.4992119779353822,0.4992119779353822,960,-1,0,0,neg
SynthID,para,0,1,14,0.49778645833333335,0.49778645833333335,872,-1,0,0,neg
SynthID,para,0,2,11,0.5019444444444444,0.5019444444444444,926,-1,0,0,neg
SynthID,para,0,2,12,0.5059132720105125,0.5059132720105125,802,-1,0,0,neg
SynthID,para,0,2,13,0.4944937176644494,0.4944937176644494,980,-1,0,0,neg
SynthID,para,0,2,14,0.5023565184340555,0.5023565184340555,932,-1,0,0,neg
SynthID,para,0,3,11,0.501986276634164,0.501986276634164,994,-1,0,0,neg
SynthID,para,0,3,12,0.5008888888888889,0.5008888888888889,903,-1,0,0,neg
SynthID,para,0,3,13,0.5048355132778438,0.5048355132778438,954,-1,0,0,neg
SynthID,para,0,3,14,0.5026297085998579,0.5026297085998579,1022,-1,0,0,neg
SynthID,para,0,4,11,0.4981981981981982,0.4981981981981982,1118,-1,0,0,neg
SynthID,para,0,4,12,0.4998805256869773,0.4998805256869773,1017,-1,0,0,neg
SynthID,para,0,4,13,0.5016270888302551,0.5016270888302551,965,-1,0,0,neg
SynthID,para,0,4,14,0.5025387870239775,0.5025387870239775,863,-1,0,0,neg
SynthID,para,0,5,11,0.5036984352773827,0.5036984352773827,816,-1,0,0,neg
SynthID,para,0,5,12,0.5027219991075412,0.5027219991075412,844,-1,0,0,neg
SynthID,para,0,5,13,0.5061568627450981,0.5061568627450981,939,-1,0,0,neg
SynthID,para,0,5,14,0.5012200435729848,0.5012200435729848,887,-1,0,0,neg
SynthID,para,0,6,11,0.5048457026268809,0.5048457026268809,1406,-1,0,0,neg
SynthID,para,0,6,12,0.498568281938326,0.498568281938326,985,-1,0,0,neg
SynthID,para,0,6,13,0.497675094449288,0.497675094449288,1218,-1,0,0,neg
SynthID,para,0,6,14,0.5028401997503121,0.5028401997503121,1152,-1,0,0,neg
SynthID,para,0,7,11,0.503716744913928,0.503716744913928,897,-1,0,0,neg
SynthID,para,0,7,12,0.5036992360273422,0.5036992360273422,905,-1,0,0,neg
SynthID,para,0,7,13,0.5005952380952381,0.5005952380952381,1030,-1,0,0,neg
SynthID,para,0,7,14,0.5018077601410935,0.5018077601410935,849,-1,0,0,neg
SynthID,para,0,8,11,0.49593621399176957,0.49593621399176957,769,-1,0,0,neg
SynthID,para,0,8,12,0.502014652014652,0.502014652014652,787,-1,0,0,neg
SynthID,para,0,8,13,0.5057817998994469,0.5057817998994469,748,-1,0,0,neg
SynthID,para,0,8,14,0.5040798611111111,0.5040798611111111,877,-1,0,0,neg
SynthID,para,0,9,11,0.496372430471584,0.496372430471584,961,-1,0,0,neg
SynthID,para,0,9,12,0.5097672485453034,0.5097672485453034,948,-1,0,0,neg
SynthID,para,0,9,13,0.5031578947368421,0.5031578947368421,1084,-1,0,0,neg
SynthID,para,0,9,14,0.49984332158245204,0.49984332158245204,995,-1,0,0,neg
SynthID,para,0,10,11,0.4969887076537014,0.4969887076537014,889,-1,0,0,neg
SynthID,para,0,10,12,0.5058311575282854,0.5058311575282854,846,-1,0,0,neg
SynthID,para,0,10,13,0.4987022617723396,0.4987022617723396,977,-1,0,0,neg
SynthID,para,0,10,14,0.5006331471135941,0.5006331471135941,967,-1,0,0,neg
SynthID,para,0,11,11,0.5009650180940892,0.5009650180940892,914,-1,0,0,neg
SynthID,para,0,11,12,0.5015599343185551,0.5015599343185551,901,-1,0,0,neg
SynthID,para,0,11,13,0.502656704026567,0.502656704026567,906,-1,0,0,neg
SynthID,para,0,11,14,0.5049382716049383,0.5049382716049383,843,-1,0,0,neg
SynthID,para,0,12,11,0.4976006855184233,0.4976006855184233,888,-1,0,0,neg
SynthID,para,0,12,12,0.5003977724741447,0.5003977724741447,948,-1,0,0,neg
SynthID,para,0,12,13,0.4974496644295302,0.4974496644295302,852,-1,0,0,neg
SynthID,para,0,12,14,0.49828092243186584,0.49828092243186584,924,-1,0,0,neg
SynthID,para,0,13,11,0.5026927784577724,0.5026927784577724,837,-1,0,0,neg
SynthID,para,0,13,12,0.501360544217687,0.501360544217687,805,-1,0,0,neg
SynthID,para,0,13,13,0.4947786131996658,0.4947786131996658,819,-1,0,0,neg
SynthID,para,0,13,14,0.4983157894736842,0.4983157894736842,1020,-1,0,0,neg
SynthID,para,0,14,11,0.4945362134688691,0.4945362134688691,851,-1,0,0,neg
SynthID,para,0,14,12,0.5018663680477791,0.5018663680477791,977,-1,0,0,neg
SynthID,para,0,14,13,0.5082952815829528,0.5082952815829528,953,-1,0,0,neg
SynthID,para,0,14,14,0.5056398288603656,0.5056398288603656,937,-1,0,0,neg
SynthID,para,0,15,11,0.5033450019447686,0.5033450019447686,1037,-1,0,0,neg
SynthID,para,0,15,12,0.5005171042163882,0.5005171042163882,1024,-1,0,0,neg
SynthID,para,0,15,13,0.5003006872852234,0.5003006872852234,962,-1,0,0,neg
SynthID,para,0,15,14,0.5013210039630119,0.5013210039630119,934,-1,0,0,neg
SynthID,para,0,16,11,0.5014285714285714,0.5014285714285714,980,-1,0,0,neg
SynthID,para,0,16,12,0.4935251798561151,0.4935251798561151,914,-1,0,0,neg
SynthID,para,0,16,13,0.4961992136304063,0.4961992136304063,851,-1,0,0,neg
SynthID,para,0,16,14,0.5004347826086957,0.5004347826086957,812,-1,0,0,neg
SynthID,para,0,17,11,0.5,0.5,865,-1,0,0,neg
SynthID,para,0,17,12,0.5002758620689656,0.5002758620689656,799,-1,0,0,neg
SynthID,para,0,17,13,0.5024267399267399,0.5024267399267399,816,-1,0,0,neg
SynthID,para,0,17,14,0.4916221033868093,0.4916221033868093,825,-1,0,0,neg
SynthID,para,0,18,11,0.5034302759134974,0.5034302759134974,964,-1,0,0,neg
SynthID,para,0,18,12,0.5012519561815336,0.5012519561815336,976,-1,0,0,neg
SynthID,para,0,18,13,0.5018037518037518,0.5018037518037518,1035,-1,0,0,neg
SynthID,para,0,18,14,0.5028768699654775,0.5028768699654775,970,-1,0,0,neg
SynthID,para,0,19,11,0.49722583441699175,0.49722583441699175,823,-1,0,0,neg
SynthID,para,0,19,12,0.5042834890965732,0.5042834890965732,927,-1,0,0,neg
SynthID,para,0,19,13,0.49903713892709767,0.49903713892709767,798,-1,0,0,neg
SynthID,para,0,19,14,0.4962922966162707,0.4962922966162707,955,-1,0,0,neg
SynthID,para,0,20,11,0.4985401459854015,0.4985401459854015,955,-1,0,0,neg
SynthID,para,0,20,12,0.5047568710359408,0.5047568710359408,1214,-1,0,0,neg
SynthID,para,0,20,13,0.5015427769985975,0.5015427769985975,844,-1,0,0,neg
SynthID,para,0,20,14,0.5048906048906049,0.5048906048906049,939,-1,0,0,neg
SynthID,para,0,21,11,0.5008196721311475,0.5008196721311475,943,-1,0,0,neg
SynthID,para,0,21,12,0.503159922928709,0.503159922928709,966,-1,0,0,neg
SynthID,para,0,21,13,0.4989648033126294,0.4989648033126294,869,-1,0,0,neg
SynthID,para,0,21,14,0.5036802030456853,0.5036802030456853,874,-1,0,0,neg
SynthID,para,0,22,11,0.49803439803439803,0.49803439803439803,883,-1,0,0,neg
SynthID,para,0,22,12,0.4977802037845706,0.4977802037845706,1045,-1,0,0,neg
SynthID,para,0,22,13,0.5019350127783863,0.5019350127783863,1020,-1,0,0,neg
SynthID,para,0,22,14,0.5005747126436781,0.5005747126436781,969,-1,0,0,neg
SynthID,para,0,23,11,0.5020833333333333,0.5020833333333333,879,-1,0,0,neg
SynthID,para,0,23,12,0.4976678729392843,0.4976678729392843,897,-1,0,0,neg
SynthID,para,0,23,13,0.49772629772629773,0.49772629772629773,952,-1,0,0,neg
SynthID,para,0,23,14,0.5047366091190792,0.5047366091190792,841,-1,0,0,neg
SynthID,para,1,0,11,0.5211851851851852,0.5211851851851852,1065,-1,0,0,pos_SynthID
SynthID,para,1,0,12,0.5142118863049095,0.5142118863049095,892,-1,0,0,pos_SynthID
SynthID,para,1,0,13,0.5166894042746702,0.5166894042746702,857,-1,0,0,pos_SynthID
SynthID,para,1,0,14,0.5112979732643381,0.5112979732643381,893,-1,0,0,pos_SynthID
SynthID,para,1,1,11,0.5086446104589114,0.5086446104589114,1040,-1,0,0,pos_SynthID
SynthID,para,1,1,12,0.5139203354297693,0.5139203354297693,850,-1,0,0,pos_SynthID
SynthID,para,1,1,13,0.5181781539701733,0.5181781539701733,900,-1,0,0,pos_SynthID
SynthID,para,1,1,14,0.5087043722422784,0.5087043722422784,928,-1,0,0,pos_SynthID
SynthID,para,1,2,11,0.5436896807720861,0.5436896807720861,939,-1,0,0,pos_SynthID
SynthID,para,1,2,12,0.5578616352201258,0.5578616352201258,870,-1,0,0,pos_SynthID
SynthID,para,1,2,13,0.5525490196078431,0.5525490196078431,810,-1,0,0,pos_SynthID
SynthID,para,1,2,14,0.5454009433962265,0.5454009433962265,882,-1,0,0,pos_SynthID
SynthID,para,1,3,11,0.5164345403899722,0.5164345403899722,769,-1,0,0,pos_SynthID
SynthID,para,1,3,12,0.5129918337045286,0.5129918337045286,946,-1,0,0,pos_SynthID
SynthID,para,1,3,13,0.512879661668589,0.512879661668589,957,-1,0,0,pos_SynthID
SynthID,para,1,3,14,0.5134225466342255,0.5134225466342255,891,-1,0,0,pos_SynthID
SynthID,para,1,4,11,0.512094395280236,0.512094395280236,1800,-1,0,0,pos_SynthID
SynthID,para,1,4,12,0.5271422162404665,0.5271422162404665,916,-1,0,0,pos_SynthID
SynthID,para,1,4,13,0.524938574938575,0.524938574938575,973,-1,0,0,pos_SynthID
SynthID,para,1,4,14,0.5307460112117292,0.5307460112117292,979,-1,0,0,pos_SynthID
SynthID,para,1,5,11,0.512587064676617,0.512587064676617,765,-1,0,0,pos_SynthID
SynthID,para,1,5,12,0.5044600938967136,0.5044600938967136,934,-1,0,0,pos_SynthID
SynthID,para,1,5,13,0.5223597359735973,0.5223597359735973,901,-1,0,0,pos_SynthID
SynthID,para,1,5,14,0.5226058364159474,0.5226058364159474,931,-1,0,0,pos_SynthID
SynthID,para,1,6,11,0.5338520055325034,0.5338520055325034,1016,-1,0,0,pos_SynthID
SynthID,para,1,6,12,0.5327980969372584,0.5327980969372584,1198,-1,0,0,pos_SynthID
SynthID,para,1,6,13,0.5320622815379726,0.5320622815379726,1088,-1,0,0,pos_SynthID
SynthID,para,1,6,14,0.5337837837837838,0.5337837837837838,1109,-1,0,0,pos_SynthID
SynthID,para,1,7,11,0.5406642365330093,0.5406642365330093,863,-1,0,0,pos_SynthID
SynthID,para,1,7,12,0.5162772585669781,0.5162772585669781,1800,-1,0,0,pos_SynthID
SynthID,para,1,7,13,0.5454035874439462,0.5454035874439462,947,-1,0,0,pos_SynthID
SynthID,para,1,7,14,0.5444196428571428,0.5444196428571428,998,-1,0,0,pos_SynthID
SynthID,para,1,8,11,0.5160746812386157,0.5160746812386157,821,-1,0,0,pos_SynthID
SynthID,para,1,8,12,0.5135078969243557,0.5135078969243557,895,-1,0,0,pos_SynthID
SynthID,para,1,8,13,0.5179690949227373,0.5179690949227373,813,-1,0,0,pos_SynthID
SynthID,para,1,8,14,0.5177662785683484,0.5177662785683484,856,-1,0,0,pos_SynthID
SynthID,para,1,9,11,0.5239678899082569,0.5239678899082569,1012,-1,0,0,pos_SynthID
SynthID,para,1,9,12,0.5224765868886576,0.5224765868886576,1113,-1,0,0,pos_SynthID
SynthID,para,1,9,13,0.5242130750605327,0.5242130750605327,946,-1,0,0,pos_SynthID
SynthID,para,1,9,14,0.5176920403197776,0.5176920403197776,1117,-1,0,0,pos_SynthID
SynthID,para,1,10,11,0.539944617514711,0.539944617514711,1082,-1,0,0,pos_SynthID
SynthID,para,1,10,12,0.5399730820995963,0.5399730820995963,818,-1,0,0,pos_SynthID
SynthID,para,1,10,13,0.5401849516603615,0.5401849516603615,928,-1,0,0,pos_SynthID
SynthID,para,1,10,14,0.5444164567590261,0.5444164567590261,850,-1,0,0,pos_SynthID
SynthID,para,1,11,11,0.5241311796377875,0.5241311796377875,742,-1,0,0,pos_SynthID
SynthID,para,1,11,12,0.5287262872628726,0.5287262872628726,966,-1,0,0,pos_SynthID
SynthID,para,1,11,13,0.5215189873417722,0.5215189873417722,885,-1,0,0,pos_SynthID
SynthID,para,1,11,14,0.5292777134028582,0.5292777134028582,954,-1,0,0,pos_SynthID
SynthID,para,1,12,11,0.5229468599033816,0.5229468599033816,933,-1,0,0,pos_SynthID
SynthID,para,1,12,12,0.5216547901821061,0.5216547901821061,930,-1,0,0,pos_SynthID
SynthID,para,1,12,13,0.5308016877637131,0.5308016877637131,973,-1,0,0,pos_SynthID
SynthID,para,1,12,14,0.5334035827186512,0.5334035827186512,1037,-1,0,0,pos_SynthID
SynthID,para,1,13,11,0.5365155898424944,0.5365155898424944,1080,-1,0,0,pos_SynthID
SynthID,para,1,13,12,0.5204566210045662,0.5204566210045662,758,-1,0,0,pos_SynthID
SynthID,para,1,13,13,0.5361596736596737,0.5361596736596737,1181,-1,0,0,pos_SynthID
SynthID,para,1,13,14,0.5309547406673274,0.5309547406673274,1050,-1,0,0,pos_SynthID
SynthID,para,1,14,11,0.5180431177446103,0.5180431177446103,1103,-1,0,0,pos_SynthID
SynthID,para,1,14,12,0.523273746933053,0.523273746933053,1011,-1,0,0,pos_SynthID
SynthID,para,1,14,13,0.5288942695722356,0.5288942695722356,867,-1,0,0,pos_SynthID
SynthID,para,1,14,14,0.5287469287469287,0.5287469287469287,858,-1,0,0,pos_SynthID
SynthID,para,1,15,11,0.5220169361046959,0.5220169361046959,1024,-1,0,0,pos_SynthID
SynthID,para,1,15,12,0.5165464743589744,0.5165464743589744,954,-1,0,0,pos_SynthID
SynthID,para,1,15,13,0.5228029423151375,0.5228029423151375,1017,-1,0,0,pos_SynthID
SynthID,para,1,15,14,0.5267080745341615,0.5267080745341615,935,-1,0,0,pos_SynthID
SynthID,para,1,16,11,0.5487641950567802,0.5487641950567802,1046,-1,0,0,pos_SynthID
SynthID,para,1,16,12,0.5466740988480119,0.5466740988480119,972,-1,0,0,pos_SynthID
SynthID,para,1,16,13,0.5395565092989986,0.5395565092989986,978,-1,0,0,pos_SynthID
SynthID,para,1,16,14,0.5579268292682927,0.5579268292682927,887,-1,0,0,pos_SynthID
SynthID,para,1,17,11,0.5292237442922374,0.5292237442922374,875,-1,0,0,pos_SynthID
SynthID,para,1,17,12,0.5188288288288289,0.5188288288288289,842,-1,0,0,pos_SynthID
SynthID,para,1,17,13,0.5197124479757851,0.5197124479757851,958,-1,0,0,pos_SynthID
SynthID,para,1,17,14,0.5183778234086243,0.5183778234086243,1037,-1,0,0,pos_SynthID
SynthID,para,1,18,11,0.5244015719899964,0.5244015719899964,1096,-1,0,0,pos_SynthID
SynthID,para,1,18,12,0.5282312925170068,0.5282312925170068,1116,-1,0,0,pos_SynthID
SynthID,para,1,18,13,0.5110860578729801,0.5110860578729801,999,-1,0,0,pos_SynthID
SynthID,para,1,18,14,0.5221707222865971,0.5221707222865971,984,-1,0,0,pos_SynthID
SynthID,para,1,19,11,0.5470938375350141,0.5470938375350141,987,-1,0,0,pos_SynthID
SynthID,para,1,19,12,0.5333016777461221,0.5333016777461221,1190,-1,0,0,pos_SynthID
SynthID,para,1,19,13,0.5184547461368654,0.5184547461368654,783,-1,0,0,pos_SynthID
SynthID,para,1,19,14,0.531029810298103,0.531029810298103,746,-1,0,0,pos_SynthID
SynthID,para,1,20,11,0.5160822814399252,0.5160822814399252,857,-1,0,0,pos_SynthID
SynthID,para,1,20,12,0.5177721088435374,0.5177721088435374,1033,-1,0,0,pos_SynthID
SynthID,para,1,20,13,0.5093023255813953,0.5093023255813953,878,-1,0,0,pos_SynthID
SynthID,para,1,20,14,0.5242346938775511,0.5242346938775511,945,-1,0,0,pos_SynthID
SynthID,para,1,21,11,0.5227748691099476,0.5227748691099476,818,-1,0,0,pos_SynthID
SynthID,para,1,21,12,0.5365336658354115,0.5365336658354115,876,-1,0,0,pos_SynthID
SynthID,para,1,21,13,0.5234358430540828,0.5234358430540828,1046,-1,0,0,pos_SynthID
SynthID,para,1,21,14,0.5247272727272727,0.5247272727272727,879,-1,0,0,pos_SynthID
SynthID,para,1,22,11,0.5267857142857143,0.5267857142857143,965,-1,0,0,pos_SynthID
SynthID,para,1,22,12,0.5249269005847953,0.5249269005847953,988,-1,0,0,pos_SynthID
SynthID,para,1,22,13,0.5137474120082816,0.5137474120082816,928,-1,0,0,pos_SynthID
SynthID,para,1,22,14,0.5367674505412467,0.5367674505412467,952,-1,0,0,pos_SynthID
SynthID,para,1,23,11,0.5347038019451813,0.5347038019451813,836,-1,0,0,pos_SynthID
SynthID,para,1,23,12,0.5239442946990117,0.5239442946990117,796,-1,0,0,pos_SynthID
SynthID,para,1,23,13,0.5439503205128206,0.5439503205128206,897,-1,0,0,pos_SynthID
SynthID,para,1,23,14,0.5325255102040817,0.5325255102040817,829,-1,0,0,pos_SynthID
SynthID,launder,0,0,11,0.49937777777777775,0.49937777777777775,896,-1,0,0,neg
SynthID,launder,0,0,12,0.5057085828343313,0.5057085828343313,951,-1,0,0,neg
SynthID,launder,0,0,13,0.5003649635036497,0.5003649635036497,1018,-1,0,0,neg
SynthID,launder,0,0,14,0.5000423549343499,0.5000423549343499,928,-1,0,0,neg
SynthID,launder,0,1,11,0.5005148005148005,0.5005148005148005,856,-1,0,0,neg
SynthID,launder,0,1,12,0.4981527093596059,0.4981527093596059,900,-1,0,0,neg
SynthID,launder,0,1,13,0.49759903961584634,0.49759903961584634,940,-1,0,0,neg
SynthID,launder,0,1,14,0.4984725965858041,0.4984725965858041,856,-1,0,0,neg
SynthID,launder,0,2,11,0.4985611510791367,0.4985611510791367,896,-1,0,0,neg
SynthID,launder,0,2,12,0.5048436811977103,0.5048436811977103,799,-1,0,0,neg
SynthID,launder,0,2,13,0.4967551622418879,0.4967551622418879,855,-1,0,0,neg
SynthID,launder,0,2,14,0.5011944755505786,0.5011944755505786,953,-1,0,0,neg
SynthID,launder,0,3,11,0.5049204587495375,0.5049204587495375,983,-1,0,0,neg
SynthID,launder,0,3,12,0.5008888888888889,0.5008888888888889,903,-1,0,0,neg
SynthID,launder,0,3,13,0.5054032578466429,0.5054032578466429,952,-1,0,0,neg
SynthID,launder,0,3,14,0.5026297085998579,0.5026297085998579,1022,-1,0,0,neg
SynthID,launder,0,4,11,0.49798387096774194,0.49798387096774194,1118,-1,0,0,neg
SynthID,launder,0,4,12,0.49872102318145484,0.49872102318145484,1012,-1,0,0,neg
SynthID,launder,0,4,13,0.4987788331071913,0.4987788331071913,912,-1,0,0,neg
SynthID,launder,0,4,14,0.5028944911297852,0.5028944911297852,848,-1,0,0,neg
SynthID,launder,0,5,11,0.5036510194404932,0.5036510194404932,816,-1,0,0,neg
SynthID,launder,0,5,12,0.5060684872128305,0.5060684872128305,876,-1,0,0,neg
SynthID,launder,0,5,13,0.5061568627450981,0.5061568627450981,939,-1,0,0,neg
SynthID,launder,0,5,14,0.5025503355704698,0.5025503355704698,868,-1,0,0,neg
SynthID,launder,0,6,11,0.5058689024390244,0.5058689024390244,1423,-1,0,0,neg
SynthID,launder,0,6,12,0.5000443262411347,0.5000443262411347,812,-1,0,0,neg
SynthID,launder,0,6,13,0.4994095069382935,0.4994095069382935,1198,-1,0,0,neg
SynthID,launder,0,6,14,0.5000300842358604,0.5000300842358604,1203,-1,0,0,neg
SynthID,launder,0,7,11,0.5043921568627451,0.5043921568627451,893,-1,0,0,neg
SynthID,launder,0,7,12,0.5011734028683181,0.5011734028683181,830,-1,0,0,neg
SynthID,launder,0,7,13,0.4987709497206704,0.4987709497206704,967,-1,0,0,neg
SynthID,launder,0,7,14,0.5008333333333334,0.5008333333333334,854,-1,0,0,neg
SynthID,launder,0,8,11,0.49593621399176957,0.49593621399176957,769,-1,0,0,neg
SynthID,launder,0,8,12,0.49990904956798543,0.49990904956798543,793,-1,0,0,neg
SynthID,launder,0,8,13,0.5041170634920635,0.5041170634920635,764,-1,0,0,neg
SynthID,launder,0,8,14,0.5054483054483054,0.5054483054483054,902,-1,0,0,neg
SynthID,launder,0,9,11,0.49600329625051504,0.49600329625051504,941,-1,0,0,neg
SynthID,launder,0,9,12,0.5053200332502078,0.5053200332502078,951,-1,0,0,neg
SynthID,launder,0,9,13,0.5027376988531261,0.5027376988531261,1037,-1,0,0,neg
SynthID,launder,0,9,14,0.4984812150279776,0.4984812150279776,981,-1,0,0,neg
SynthID,launder,0,10,11,0.49859872611464967,0.49859872611464967,875,-1,0,0,neg
SynthID,launder,0,10,12,0.5045726495726496,0.5045726495726496,853,-1,0,0,neg
SynthID,launder,0,10,13,0.49853768278965127,0.49853768278965127,965,-1,0,0,neg
SynthID,launder,0,10,14,0.5013920240782543,0.5013920240782543,957,-1,0,0,neg
SynthID,launder,0,11,11,0.5009650180940892,0.5009650180940892,914,-1,0,0,neg
SynthID,launder,0,11,12,0.5056951423785595,0.5056951423785595,885,-1,0,0,neg
SynthID,launder,0,11,13,0.5018587360594795,0.5018587360594795,908,-1,0,0,neg
SynthID,launder,0,11,14,0.5049382716049383,0.5049382716049383,843,-1,0,0,neg
SynthID,launder,0,12,11,0.4982005141388175,0.4982005141388175,888,-1,0,0,neg
SynthID,launder,0,12,12,0.4996119518820334,0.4996119518820334,949,-1,0,0,neg
SynthID,launder,0,12,13,0.5011418533157663,0.5011418533157663,853,-1,0,0,neg
SynthID,launder,0,12,14,0.49826162538026947,0.49826162538026947,861,-1,0,0,neg
SynthID,launder,0,13,11,0.5042650103519669,0.5042650103519669,819,-1,0,0,neg
SynthID,launder,0,13,12,0.49929916776171707,0.49929916776171707,782,-1,0,0,neg
SynthID,launder,0,13,13,0.49735042735042734,0.49735042735042734,805,-1,0,0,neg
SynthID,launder,0,13,14,0.5,0.5,1004,-1,0,0,neg
SynthID,launder,0,14,11,0.496025641025641,0.496025641025641,853,-1,0,0,neg
SynthID,launder,0,14,12,0.5016122984626922,0.5016122984626922,973,-1,0,0,neg
SynthID,launder,0,14,13,0.5082952815829528,0.5082952815829528,953,-1,0,0,neg
SynthID,launder,0,14,14,0.5072009291521486,0.5072009291521486,942,-1,0,0,neg
SynthID,launder,0,15,11,0.5045990566037736,0.5045990566037736,1018,-1,0,0,neg
SynthID,launder,0,15,12,0.5009181636726547,0.5009181636726547,1025,-1,0,0,neg
SynthID,launder,0,15,13,0.4995709995709996,0.4995709995709996,998,-1,0,0,neg
SynthID,launder,0,15,14,0.5008558558558559,0.5008558558558559,906,-1,0,0,neg
SynthID,launder,0,16,11,0.5014285714285714,0.5014285714285714,980,-1,0,0,neg
SynthID,launder,0,16,12,0.4935251798561151,0.4935251798561151,914,-1,0,0,neg
SynthID,launder,0,16,13,0.4992684042066758,0.4992684042066758,814,-1,0,0,neg
SynthID,launder,0,16,14,0.5024189646831156,0.5024189646831156,806,-1,0,0,neg
SynthID,launder,0,17,11,0.5032034632034632,0.5032034632034632,851,-1,0,0,neg
SynthID,launder,0,17,12,0.5033789954337899,0.5033789954337899,804,-1,0,0,neg
SynthID,launder,0,17,13,0.5004120879120879,0.5004120879120879,819,-1,0,0,neg
SynthID,launder,0,17,14,0.4967458223394899,0.4967458223394899,836,-1,0,0,neg
SynthID,launder,0,18,11,0.5034302759134974,0.5034302759134974,964,-1,0,0,neg
SynthID,launder,0,18,12,0.5012519561815336,0.5012519561815336,976,-1,0,0,neg
SynthID,launder,0,18,13,0.5014590347923681,0.5014590347923681,1012,-1,0,0,neg
SynthID,launder,0,18,14,0.4996531791907514,0.4996531791907514,972,-1,0,0,neg
SynthID,launder,0,19,11,0.4997539975399754,0.4997539975399754,865,-1,0,0,neg
SynthID,launder,0,19,12,0.5047397047397048,0.5047397047397048,927,-1,0,0,neg
SynthID,launder,0,19,13,0.5017857142857143,0.5017857142857143,797,-1,0,0,neg
SynthID,launder,0,19,14,0.4968609865470852,0.4968609865470852,914,-1,0,0,neg
SynthID,launder,0,20,11,0.49792429792429793,0.49792429792429793,955,-1,0,0,neg
SynthID,launder,0,20,12,0.5026035936927026,0.5026035936927026,1133,-1,0,0,neg
SynthID,launder,0,20,13,0.5015427769985975,0.5015427769985975,844,-1,0,0,neg
SynthID,launder,0,20,14,0.5038560411311054,0.5038560411311054,967,-1,0,0,neg
SynthID,launder,0,21,11,0.5013988808952837,0.5013988808952837,926,-1,0,0,neg
SynthID,launder,0,21,12,0.5030231645072635,0.5030231645072635,962,-1,0,0,neg
SynthID,launder,0,21,13,0.4994865211810013,0.4994865211810013,847,-1,0,0,neg
SynthID,launder,0,21,14,0.5046308431629533,0.5046308431629533,855,-1,0,0,neg
SynthID,launder,0,22,11,0.49894179894179896,0.49894179894179896,883,-1,0,0,neg
SynthID,launder,0,22,12,0.49996146435452793,0.49996146435452793,1001,-1,0,0,neg
SynthID,launder,0,22,13,0.49543859649122807,0.49543859649122807,946,-1,0,0,neg
SynthID,launder,0,22,14,0.5004200076365025,0.5004200076365025,994,-1,0,0,neg
SynthID,launder,0,23,11,0.5023686477174849,0.5023686477174849,868,-1,0,0,neg
SynthID,launder,0,23,12,0.49655990510083037,0.49655990510083037,911,-1,0,0,neg
SynthID,launder,0,23,13,0.49772629772629773,0.49772629772629773,952,-1,0,0,neg
SynthID,launder,0,23,14,0.5037918871252205,0.5037918871252205,839,-1,0,0,neg
SynthID,launder,1,0,11,0.5149045521292217,0.5149045521292217,1061,-1,0,0,pos_SynthID
SynthID,launder,1,0,12,0.5084224598930481,0.5084224598930481,893,-1,0,0,pos_SynthID
SynthID,launder,1,0,13,0.5107093184979138,0.5107093184979138,839,-1,0,0,pos_SynthID
SynthID,launder,1,0,14,0.5124438454627134,0.5124438454627134,881,-1,0,0,pos_SynthID
SynthID,launder,1,1,11,0.5027939464493597,0.5027939464493597,934,-1,0,0,pos_SynthID
SynthID,launder,1,1,12,0.5112449799196788,0.5112449799196788,811,-1,0,0,pos_SynthID
SynthID,launder,1,1,13,0.5096153846153846,0.5096153846153846,924,-1,0,0,pos_SynthID
SynthID,launder,1,1,14,0.5130417172944512,0.5130417172944512,914,-1,0,0,pos_SynthID
SynthID,launder,1,2,11,0.5436896807720861,0.5436896807720861,939,-1,0,0,pos_SynthID
SynthID,launder,1,2,12,0.540625,0.540625,846,-1,0,0,pos_SynthID
SynthID,launder,1,2,13,0.5469615728328865,0.5469615728328865,788,-1,0,0,pos_SynthID
SynthID,launder,1,2,14,0.5375451263537906,0.5375451263537906,861,-1,0,0,pos_SynthID
SynthID,launder,1,3,11,0.5077994428969359,0.5077994428969359,770,-1,0,0,pos_SynthID
SynthID,launder,1,3,12,0.5116150442477876,0.5116150442477876,957,-1,0,0,pos_SynthID
SynthID,launder,1,3,13,0.5174216027874564,0.5174216027874564,944,-1,0,0,pos_SynthID
SynthID,launder,1,3,14,0.5152464494569757,0.5152464494569757,887,-1,0,0,pos_SynthID
SynthID,launder,1,4,11,0.4926272066458982,0.4926272066458982,345,-1,0,0,pos_SynthID
SynthID,launder,1,4,12,0.5256800368833564,0.5256800368833564,889,-1,0,0,pos_SynthID
SynthID,launder,1,4,13,0.5149439102564103,0.5149439102564103,973,-1,0,0,pos_SynthID
SynthID,launder,1,4,14,0.5274305555555555,0.5274305555555555,977,-1,0,0,pos_SynthID
SynthID,launder,1,5,11,0.5068429237947123,0.5068429237947123,745,-1,0,0,pos_SynthID
SynthID,launder,1,5,12,0.5052044609665427,0.5052044609665427,887,-1,0,0,pos_SynthID
SynthID,launder,1,5,13,0.5158649789029536,0.5158649789029536,872,-1,0,0,pos_SynthID
SynthID,launder,1,5,14,0.5211412151067324,0.5211412151067324,930,-1,0,0,pos_SynthID
SynthID,launder,1,6,11,0.5179180268407689,0.5179180268407689,970,-1,0,0,pos_SynthID
SynthID,launder,1,6,12,0.5312,0.5312,1206,-1,0,0,pos_SynthID
SynthID,launder,1,6,13,0.5163719711853307,0.5163719711853307,1058,-1,0,0,pos_SynthID
SynthID,launder,1,6,14,0.5129668780831571,0.5129668780831571,1025,-1,0,0,pos_SynthID
SynthID,launder,1,7,11,0.5353790613718411,0.5353790613718411,875,-1,0,0,pos_SynthID
SynthID,launder,1,7,12,0.5051282051282051,0.5051282051282051,602,-1,0,0,pos_SynthID
SynthID,launder,1,7,13,0.5140096618357488,0.5140096618357488,802,-1,0,0,pos_SynthID
SynthID,launder,1,7,14,0.5307896735003796,0.5307896735003796,961,-1,0,0,pos_SynthID
SynthID,launder,1,8,11,0.5164631388511985,0.5164631388511985,820,-1,0,0,pos_SynthID
SynthID,launder,1,8,12,0.511125711782742,0.511125711782742,858,-1,0,0,pos_SynthID
SynthID,launder,1,8,13,0.5198776758409785,0.5198776758409785,822,-1,0,0,pos_SynthID
SynthID,launder,1,8,14,0.5140350877192983,0.5140350877192983,849,-1,0,0,pos_SynthID
SynthID,launder,1,9,11,0.5174011299435028,0.5174011299435028,1018,-1,0,0,pos_SynthID
SynthID,launder,1,9,12,0.5257685664939551,0.5257685664939551,1110,-1,0,0,pos_SynthID
SynthID,launder,1,9,13,0.5131792376317924,0.5131792376317924,962,-1,0,0,pos_SynthID
SynthID,launder,1,9,14,0.5137641474990873,0.5137641474990873,1041,-1,0,0,pos_SynthID
SynthID,launder,1,10,11,0.5292538354253835,0.5292538354253835,1072,-1,0,0,pos_SynthID
SynthID,launder,1,10,12,0.5362240289069558,0.5362240289069558,808,-1,0,0,pos_SynthID
SynthID,launder,1,10,13,0.5401849516603615,0.5401849516603615,928,-1,0,0,pos_SynthID
SynthID,launder,1,10,14,0.5418555835432409,0.5418555835432409,850,-1,0,0,pos_SynthID
SynthID,launder,1,11,11,0.5146189735614308,0.5146189735614308,713,-1,0,0,pos_SynthID
SynthID,launder,1,11,12,0.5233680957898803,0.5233680957898803,981,-1,0,0,pos_SynthID
SynthID,launder,1,11,13,0.516058394160584,0.516058394160584,927,-1,0,0,pos_SynthID
SynthID,launder,1,11,14,0.5292777134028582,0.5292777134028582,954,-1,0,0,pos_SynthID
SynthID,launder,1,12,11,0.515446127946128,0.515446127946128,881,-1,0,0,pos_SynthID
SynthID,launder,1,12,12,0.5110969387755102,0.5110969387755102,865,-1,0,0,pos_SynthID
SynthID,launder,1,12,13,0.517429718875502,0.517429718875502,933,-1,0,0,pos_SynthID
SynthID,launder,1,12,14,0.5138984345169912,0.5138984345169912,946,-1,0,0,pos_SynthID
SynthID,launder,1,13,11,0.5269762845849802,0.5269762845849802,1057,-1,0,0,pos_SynthID
SynthID,launder,1,13,12,0.5184105960264901,0.5184105960264901,774,-1,0,0,pos_SynthID
SynthID,launder,1,13,13,0.5100789889415481,0.5100789889415481,1092,-1,0,0,pos_SynthID
SynthID,launder,1,13,14,0.5168138337012509,0.5168138337012509,952,-1,0,0,pos_SynthID
SynthID,launder,1,14,11,0.5127858293075684,0.5127858293075684,1131,-1,0,0,pos_SynthID
SynthID,launder,1,14,12,0.5127365356622998,0.5127365356622998,996,-1,0,0,pos_SynthID
SynthID,launder,1,14,13,0.5082233948988566,0.5082233948988566,807,-1,0,0,pos_SynthID
SynthID,launder,1,14,14,0.520967051775781,0.520967051775781,826,-1,0,0,pos_SynthID
SynthID,launder,1,15,11,0.5137832310838446,0.5137832310838446,969,-1,0,0,pos_SynthID
SynthID,launder,1,15,12,0.5146844660194175,0.5146844660194175,949,-1,0,0,pos_SynthID
SynthID,launder,1,15,13,0.5106746031746032,0.5106746031746032,1007,-1,0,0,pos_SynthID
SynthID,launder,1,15,14,0.5119472789115647,0.5119472789115647,909,-1,0,0,pos_SynthID
SynthID,launder,1,16,11,0.5446476964769648,0.5446476964769648,1032,-1,0,0,pos_SynthID
SynthID,launder,1,16,12,0.5349134687735139,0.5349134687735139,953,-1,0,0,pos_SynthID
SynthID,launder,1,16,13,0.5245087531261164,0.5245087531261164,973,-1,0,0,pos_SynthID
SynthID,launder,1,16,14,0.5382388419782871,0.5382388419782871,899,-1,0,0,pos_SynthID
SynthID,launder,1,17,11,0.5219458987783595,0.5219458987783595,832,-1,0,0,pos_SynthID
SynthID,launder,1,17,12,0.5148778359511343,0.5148778359511343,879,-1,0,0,pos_SynthID
SynthID,launder,1,17,13,0.5114678899082569,0.5114678899082569,947,-1,0,0,pos_SynthID
SynthID,launder,1,17,14,0.5211585154353104,0.5211585154353104,1033,-1,0,0,pos_SynthID
SynthID,launder,1,18,11,0.5179734620024126,0.5179734620024126,985,-1,0,0,pos_SynthID
SynthID,launder,1,18,12,0.5150709219858156,0.5150709219858156,1068,-1,0,0,pos_SynthID
SynthID,launder,1,18,13,0.5122587968217934,0.5122587968217934,1040,-1,0,0,pos_SynthID
SynthID,launder,1,18,14,0.5127659574468085,0.5127659574468085,992,-1,0,0,pos_SynthID
SynthID,launder,1,19,11,0.5220710506424792,0.5220710506424792,916,-1,0,0,pos_SynthID
SynthID,launder,1,19,12,0.5312989045383412,0.5312989045383412,1216,-1,0,0,pos_SynthID
SynthID,launder,1,19,13,0.5163644214162348,0.5163644214162348,796,-1,0,0,pos_SynthID
SynthID,launder,1,19,14,0.5205307262569833,0.5205307262569833,733,-1,0,0,pos_SynthID
SynthID,launder,1,20,11,0.5075,0.5075,847,-1,0,0,pos_SynthID
SynthID,launder,1,20,12,0.5177721088435374,0.5177721088435374,1033,-1,0,0,pos_SynthID
SynthID,launder,1,20,13,0.5091655266757866,0.5091655266757866,885,-1,0,0,pos_SynthID
SynthID,launder,1,20,14,0.5143897996357013,0.5143897996357013,930,-1,0,0,pos_SynthID
SynthID,launder,1,21,11,0.5151082251082251,0.5151082251082251,819,-1,0,0,pos_SynthID
SynthID,launder,1,21,12,0.5115303983228512,0.5115303983228512,874,-1,0,0,pos_SynthID
SynthID,launder,1,21,13,0.5112765957446809,0.5112765957446809,1073,-1,0,0,pos_SynthID
SynthID,launder,1,21,14,0.5201171058134672,0.5201171058134672,844,-1,0,0,pos_SynthID
SynthID,launder,1,22,11,0.5137037037037037,0.5137037037037037,893,-1,0,0,pos_SynthID
SynthID,launder,1,22,12,0.5148952380952381,0.5148952380952381,953,-1,0,0,pos_SynthID
SynthID,launder,1,22,13,0.5020601565718995,0.5020601565718995,912,-1,0,0,pos_SynthID
SynthID,launder,1,22,14,0.5208065667380443,0.5208065667380443,1005,-1,0,0,pos_SynthID
SynthID,launder,1,23,11,0.5215268530847759,0.5215268530847759,835,-1,0,0,pos_SynthID
SynthID,launder,1,23,12,0.5159500693481276,0.5159500693481276,763,-1,0,0,pos_SynthID
SynthID,launder,1,23,13,0.5285248573757131,0.5285248573757131,871,-1,0,0,pos_SynthID
SynthID,launder,1,23,14,0.5255383290267012,0.5255383290267012,815,-1,0,0,pos_SynthID
SynthID,launder_api,0,0,11,0.49540498442367603,0.49540498442367603,910,-1,0,0,neg
SynthID,launder_api,0,0,12,0.49851258581235697,0.49851258581235697,951,-1,0,0,neg
SynthID,launder_api,0,0,13,0.5025813692480359,0.5025813692480359,991,-1,0,0,neg
SynthID,launder_api,0,0,14,0.5007509386733416,0.5007509386733416,865,-1,0,0,neg
SynthID,launder_api,0,1,11,0.5011326860841424,0.5011326860841424,863,-1,0,0,neg
SynthID,launder_api,0,1,12,0.49586033117350614,0.49586033117350614,963,-1,0,0,neg
SynthID,launder_api,0,1,13,0.5002792321116929,0.5002792321116929,984,-1,0,0,neg
SynthID,launder_api,0,1,14,0.49987819732034106,0.49987819732034106,858,-1,0,0,neg
SynthID,launder_api,0,2,11,0.4993486590038314,0.4993486590038314,907,-1,0,0,neg
SynthID,launder_api,0,2,12,0.49795249795249796,0.49795249795249796,839,-1,0,0,neg
SynthID,launder_api,0,2,13,0.4926272066458982,0.4926272066458982,989,-1,0,0,neg
SynthID,launder_api,0,2,14,0.5014492753623189,0.5014492753623189,945,-1,0,0,neg
SynthID,launder_api,0,3,11,0.4970427163198248,0.4970427163198248,945,-1,0,0,neg
SynthID,launder_api,0,3,12,0.4956853760977472,0.4956853760977472,905,-1,0,0,neg
SynthID,launder_api,0,3,13,0.5005656108597285,0.5005656108597285,923,-1,0,0,neg
SynthID,launder_api,0,3,14,0.5062757201646091,0.5062757201646091,1011,-1,0,0,neg
SynthID,launder_api,0,4,11,0.5002751572327044,0.5002751572327044,942,-1,0,0,neg
SynthID,launder_api,0,4,12,0.4978243978243978,0.4978243978243978,922,-1,0,0,neg
SynthID,launder_api,0,4,13,0.4975903614457831,0.4975903614457831,921,-1,0,0,neg
SynthID,launder_api,0,4,14,0.4968408262454435,0.4968408262454435,882,-1,0,0,neg
SynthID,launder_api,0,5,11,0.49987046632124355,0.49987046632124355,833,-1,0,0,neg
SynthID,launder_api,0,5,12,0.5040487421383648,0.5040487421383648,913,-1,0,0,neg
SynthID,launder_api,0,5,13,0.49924242424242427,0.49924242424242427,933,-1,0,0,neg
SynthID,launder_api,0,5,14,0.49951923076923077,0.49951923076923077,884,-1,0,0,neg
SynthID,launder_api,0,6,11,0.5008565834557024,0.5008565834557024,1409,-1,0,0,neg
SynthID,launder_api,0,6,12,0.500446735395189,0.500446735395189,992,-1,0,0,neg
SynthID,launder_api,0,6,13,0.4981851179673321,0.4981851179673321,1125,-1,0,0,neg
SynthID,launder_api,0,6,14,0.4966577141151895,0.4966577141151895,1150,-1,0,0,neg
SynthID,launder_api,0,7,11,0.49973394146712274,0.49973394146712274,899,-1,0,0,neg
SynthID,launder_api,0,7,12,0.49878858929269243,0.49878858929269243,893,-1,0,0,neg
SynthID,launder_api,0,7,13,0.505072463768116,0.505072463768116,959,-1,0,0,neg
SynthID,launder_api,0,7,14,0.5042209072978304,0.5042209072978304,907,-1,0,0,neg
SynthID,launder_api,0,8,11,0.5041491841491842,0.5041491841491842,769,-1,0,0,neg
SynthID,launder_api,0,8,12,0.5001267427122941,0.5001267427122941,812,-1,0,0,neg
SynthID,launder_api,0,8,13,0.5030905077262693,0.5030905077262693,779,-1,0,0,neg
SynthID,launder_api,0,8,14,0.5032672540381792,0.5032672540381792,943,-1,0,0,neg
SynthID,launder_api,0,9,11,0.49713574097135743,0.49713574097135743,847,-1,0,0,neg
SynthID,launder_api,0,9,12,0.500442299959791,0.500442299959791,869,-1,0,0,neg
SynthID,launder_api,0,9,13,0.4955264043054154,0.4955264043054154,1073,-1,0,0,neg
SynthID,launder_api,0,9,14,0.503267211201867,0.503267211201867,928,-1,0,0,neg
SynthID,launder_api,0,10,11,0.5035312378734963,0.5035312378734963,893,-1,0,0,neg
SynthID,launder_api,0,10,12,0.5002096436058701,0.5002096436058701,837,-1,0,0,neg
SynthID,launder_api,0,10,13,0.5040579710144928,0.5040579710144928,963,-1,0,0,neg
SynthID,launder_api,0,10,14,0.4995152870991797,0.4995152870991797,923,-1,0,0,neg
SynthID,launder_api,0,11,11,0.5009523809523809,0.5009523809523809,904,-1,0,0,neg
SynthID,launder_api,0,11,12,0.5026715988491575,0.5026715988491575,854,-1,0,0,neg
SynthID,launder_api,0,11,13,0.503822629969419,0.503822629969419,909,-1,0,0,neg
SynthID,launder_api,0,11,14,0.49954507857733665,0.49954507857733665,840,-1,0,0,neg
SynthID,launder_api,0,12,11,0.5020594965675057,0.5020594965675057,947,-1,0,0,neg
SynthID,launder_api,0,12,12,0.5005822416302765,0.5005822416302765,966,-1,0,0,neg
SynthID,launder_api,0,12,13,0.49916142557651993,0.49916142557651993,850,-1,0,0,neg
SynthID,launder_api,0,12,14,0.49879984514130854,0.49879984514130854,928,-1,0,0,neg
SynthID,launder_api,0,13,11,0.5074705643524158,0.5074705643524158,831,-1,0,0,neg
SynthID,launder_api,0,13,12,0.5020440251572327,0.5020440251572327,855,-1,0,0,neg
SynthID,launder_api,0,13,13,0.49546998867497166,0.49546998867497166,890,-1,0,0,neg
SynthID,launder_api,0,13,14,0.4988212180746562,0.4988212180746562,1037,-1,0,0,neg
SynthID,launder_api,0,14,11,0.49805352798053526,0.49805352798053526,849,-1,0,0,neg
SynthID,launder_api,0,14,12,0.5024229074889868,0.5024229074889868,934,-1,0,0,neg
SynthID,launder_api,0,14,13,0.5047512991833705,0.5047512991833705,936,-1,0,0,neg
SynthID,launder_api,0,14,14,0.5058037418862161,0.5058037418862161,908,-1,0,0,neg
SynthID,launder_api,0,15,11,0.4972161966738973,0.4972161966738973,1014,-1,0,0,neg
SynthID,launder_api,0,15,12,0.49605695509309966,0.49605695509309966,1004,-1,0,0,neg
SynthID,launder_api,0,15,13,0.49866509619159793,0.49866509619159793,964,-1,0,0,neg
SynthID,launder_api,0,15,14,0.4982456140350877,0.4982456140350877,879,-1,0,0,neg
SynthID,launder_api,0,16,11,0.4968066020810908,0.4968066020810908,975,-1,0,0,neg
SynthID,launder_api,0,16,12,0.5016910935738444,0.5016910935738444,919,-1,0,0,neg
SynthID,launder_api,0,16,13,0.5026839826839827,0.5026839826839827,791,-1,0,0,neg
SynthID,launder_api,0,16,14,0.5002252252252253,0.5002252252252253,782,-1,0,0,neg
SynthID,launder_api,0,17,11,0.503140703517588,0.503140703517588,827,-1,0,0,neg
SynthID,launder_api,0,17,12,0.501834451901566,0.501834451901566,765,-1,0,0,neg
SynthID,launder_api,0,17,13,0.5029232111692845,0.5029232111692845,784,-1,0,0,neg
SynthID,launder_api,0,17,14,0.4963241436925647,0.4963241436925647,813,-1,0,0,neg
SynthID,launder_api,0,18,11,0.5057728119180633,0.5057728119180633,932,-1,0,0,neg
SynthID,launder_api,0,18,12,0.5003340757238307,0.5003340757238307,936,-1,0,0,neg
SynthID,launder_api,0,18,13,0.5030398322851153,0.5030398322851153,990,-1,0,0,neg
SynthID,launder_api,0,18,14,0.5030857552924292,0.5030857552924292,950,-1,0,0,neg
SynthID,launder_api,0,19,11,0.4960216299729625,0.4960216299729625,880,-1,0,0,neg
SynthID,launder_api,0,19,12,0.49890873015873016,0.49890873015873016,1039,-1,0,0,neg
SynthID,launder_api,0,19,13,0.5023468575974542,0.5023468575974542,853,-1,0,0,neg
SynthID,launder_api,0,19,14,0.49696637426900586,0.49696637426900586,930,-1,0,0,neg
SynthID,launder_api,0,20,11,0.4990399385560676,0.4990399385560676,926,-1,0,0,neg
SynthID,launder_api,0,20,12,0.4976237623762376,0.4976237623762376,1090,-1,0,0,neg
SynthID,launder_api,0,20,13,0.5020885547201337,0.5020885547201337,834,-1,0,0,neg
SynthID,launder_api,0,20,14,0.49743299358248394,0.49743299358248394,931,-1,0,0,neg
SynthID,launder_api,0,21,11,0.5007238095238096,0.5007238095238096,911,-1,0,0,neg
SynthID,launder_api,0,21,12,0.5020138888888889,0.5020138888888889,997,-1,0,0,neg
SynthID,launder_api,0,21,13,0.5041666666666667,0.5041666666666667,914,-1,0,0,neg
SynthID,launder_api,0,21,14,0.5015353535353535,0.5015353535353535,855,-1,0,0,neg
SynthID,launder_api,0,22,11,0.4975520195838433,0.4975520195838433,847,-1,0,0,neg
SynthID,launder_api,0,22,12,0.49768570362075404,0.49768570362075404,939,-1,0,0,neg
SynthID,launder_api,0,22,13,0.49883678662304615,0.49883678662304615,960,-1,0,0,neg
SynthID,launder_api,0,22,14,0.49633736559139785,0.49633736559139785,1041,-1,0,0,neg
SynthID,launder_api,0,23,11,0.49866666666666665,0.49866666666666665,862,-1,0,0,neg
SynthID,launder_api,0,23,12,0.4951919191919192,0.4951919191919192,853,-1,0,0,neg
SynthID,launder_api,0,23,13,0.4990392648287385,0.4990392648287385,872,-1,0,0,neg
SynthID,launder_api,0,23,14,0.5023721881390593,0.5023721881390593,849,-1,0,0,neg
SynthID,launder_api,1,0,11,0.5035663841807909,0.5035663841807909,1018,-1,0,0,pos_SynthID
SynthID,launder_api,1,0,12,0.5050171037628278,0.5050171037628278,942,-1,0,0,pos_SynthID
SynthID,launder_api,1,0,13,0.5084848484848485,0.5084848484848485,853,-1,0,0,pos_SynthID
SynthID,launder_api,1,0,14,0.5050741608118657,0.5050741608118657,940,-1,0,0,pos_SynthID
SynthID,launder_api,1,1,11,0.49744386873920554,0.49744386873920554,1004,-1,0,0,pos_SynthID
SynthID,launder_api,1,1,12,0.5011060259344012,0.5011060259344012,895,-1,0,0,pos_SynthID
SynthID,launder_api,1,1,13,0.4976536312849162,0.4976536312849162,931,-1,0,0,pos_SynthID
SynthID,launder_api,1,1,14,0.504751215862327,0.504751215862327,934,-1,0,0,pos_SynthID
SynthID,launder_api,1,2,11,0.502367941712204,0.502367941712204,940,-1,0,0,pos_SynthID
SynthID,launder_api,1,2,12,0.5144945188794153,0.5144945188794153,866,-1,0,0,pos_SynthID
SynthID,launder_api,1,2,13,0.5057934508816121,0.5057934508816121,812,-1,0,0,pos_SynthID
SynthID,launder_api,1,2,14,0.5010137875101379,0.5010137875101379,840,-1,0,0,pos_SynthID
SynthID,launder_api,1,3,11,0.5059796437659033,0.5059796437659033,808,-1,0,0,pos_SynthID
SynthID,launder_api,1,3,12,0.5016771488469601,0.5016771488469601,982,-1,0,0,pos_SynthID
SynthID,launder_api,1,3,13,0.5014296463506396,0.5014296463506396,921,-1,0,0,pos_SynthID
SynthID,launder_api,1,3,14,0.5022299115724721,0.5022299115724721,896,-1,0,0,pos_SynthID
SynthID,launder_api,1,4,11,0.5061333333333333,0.5061333333333333,263,-1,0,0,pos_SynthID
SynthID,launder_api,1,4,12,0.5079664570230608,0.5079664570230608,873,-1,0,0,pos_SynthID
SynthID,launder_api,1,4,13,0.49753495217071375,0.49753495217071375,989,-1,0,0,pos_SynthID
SynthID,launder_api,1,4,14,0.5088057901085645,0.5088057901085645,907,-1,0,0,pos_SynthID
SynthID,launder_api,1,5,11,0.500343137254902,0.500343137254902,729,-1,0,0,pos_SynthID
SynthID,launder_api,1,5,12,0.5011159107271418,0.5011159107271418,989,-1,0,0,pos_SynthID
SynthID,launder_api,1,5,13,0.49779047619047617,0.49779047619047617,934,-1,0,0,pos_SynthID
SynthID,launder_api,1,5,14,0.5011376564277589,0.5011376564277589,953,-1,0,0,pos_SynthID
SynthID,launder_api,1,6,11,0.5041758241758242,0.5041758241758242,931,-1,0,0,pos_SynthID
SynthID,launder_api,1,6,12,0.5056280823904845,0.5056280823904845,1179,-1,0,0,pos_SynthID
SynthID,launder_api,1,6,13,0.5112658619622408,0.5112658619622408,1100,-1,0,0,pos_SynthID
SynthID,launder_api,1,6,14,0.5064831804281346,0.5064831804281346,1122,-1,0,0,pos_SynthID
SynthID,launder_api,1,7,11,0.5072413793103449,0.5072413793103449,911,-1,0,0,pos_SynthID
SynthID,launder_api,1,7,12,0.5138508371385083,0.5138508371385083,1888,-1,0,0,pos_SynthID
SynthID,launder_api,1,7,13,0.5069182389937107,0.5069182389937107,933,-1,0,0,pos_SynthID
SynthID,launder_api,1,7,14,0.5073802028681357,0.5073802028681357,1005,-1,0,0,pos_SynthID
SynthID,launder_api,1,8,11,0.5044554455445545,0.5044554455445545,826,-1,0,0,pos_SynthID
SynthID,launder_api,1,8,12,0.4981139337952271,0.4981139337952271,885,-1,0,0,pos_SynthID
SynthID,launder_api,1,8,13,0.5035555555555555,0.5035555555555555,776,-1,0,0,pos_SynthID
SynthID,launder_api,1,8,14,0.5054413024850043,0.5054413024850043,810,-1,0,0,pos_SynthID
SynthID,launder_api,1,9,11,0.5069228106611284,0.5069228106611284,1020,-1,0,0,pos_SynthID
SynthID,launder_api,1,9,12,0.4994350282485876,0.4994350282485876,1068,-1,0,0,pos_SynthID
SynthID,launder_api,1,9,13,0.5013904982618772,0.5013904982618772,903,-1,0,0,pos_SynthID
SynthID,launder_api,1,9,14,0.5054279054279054,0.5054279054279054,1049,-1,0,0,pos_SynthID
SynthID,launder_api,1,10,11,0.5082610093217614,0.5082610093217614,1094,-1,0,0,pos_SynthID
SynthID,launder_api,1,10,12,0.508575197889182,0.508575197889182,812,-1,0,0,pos_SynthID
SynthID,launder_api,1,10,13,0.5009248090068356,0.5009248090068356,906,-1,0,0,pos_SynthID
SynthID,launder_api,1,10,14,0.5022140221402214,0.5022140221402214,838,-1,0,0,pos_SynthID
SynthID,launder_api,1,11,11,0.5045680687471732,0.5045680687471732,760,-1,0,0,pos_SynthID
SynthID,launder_api,1,11,12,0.5001476559616095,0.5001476559616095,953,-1,0,0,pos_SynthID
SynthID,launder_api,1,11,13,0.5078227360308285,0.5078227360308285,903,-1,0,0,pos_SynthID
SynthID,launder_api,1,11,14,0.5049424005945745,0.5049424005945745,941,-1,0,0,pos_SynthID
SynthID,launder_api,1,12,11,0.5026607538802661,0.5026607538802661,961,-1,0,0,pos_SynthID
SynthID,launder_api,1,12,12,0.5021212121212121,0.5021212121212121,943,-1,0,0,pos_SynthID
SynthID,launder_api,1,12,13,0.4994106813996317,0.4994106813996317,960,-1,0,0,pos_SynthID
SynthID,launder_api,1,12,14,0.5056451612903226,0.5056451612903226,1045,-1,0,0,pos_SynthID
SynthID,launder_api,1,13,11,0.5061006289308176,0.5061006289308176,1072,-1,0,0,pos_SynthID
SynthID,launder_api,1,13,12,0.5066188197767145,0.5066188197767145,846,-1,0,0,pos_SynthID
SynthID,launder_api,1,13,13,0.5020890099909173,0.5020890099909173,1118,-1,0,0,pos_SynthID
SynthID,launder_api,1,13,14,0.5037107516650808,0.5037107516650808,1070,-1,0,0,pos_SynthID
SynthID,launder_api,1,14,11,0.5068617886178862,0.5068617886178862,1067,-1,0,0,pos_SynthID
SynthID,launder_api,1,14,12,0.50546875,0.50546875,1056,-1,0,0,pos_SynthID
SynthID,launder_api,1,14,13,0.49917936694021103,0.49917936694021103,871,-1,0,0,pos_SynthID
SynthID,launder_api,1,14,14,0.507565011820331,0.507565011820331,862,-1,0,0,pos_SynthID
SynthID,launder_api,1,15,11,0.5019753086419753,0.5019753086419753,1039,-1,0,0,pos_SynthID
SynthID,launder_api,1,15,12,0.5052482269503547,0.5052482269503547,1008,-1,0,0,pos_SynthID
SynthID,launder_api,1,15,13,0.5040058801911063,0.5040058801911063,1010,-1,0,0,pos_SynthID
SynthID,launder_api,1,15,14,0.5042101197373503,0.5042101197373503,925,-1,0,0,pos_SynthID
SynthID,launder_api,1,16,11,0.51051567239636,0.51051567239636,1016,-1,0,0,pos_SynthID
SynthID,launder_api,1,16,12,0.5054054054054054,0.5054054054054054,1030,-1,0,0,pos_SynthID
SynthID,launder_api,1,16,13,0.5063199711087035,0.5063199711087035,947,-1,0,0,pos_SynthID
SynthID,launder_api,1,16,14,0.5042657606644017,0.5042657606644017,916,-1,0,0,pos_SynthID
SynthID,launder_api,1,17,11,0.5014908256880733,0.5014908256880733,921,-1,0,0,pos_SynthID
SynthID,launder_api,1,17,12,0.5033208800332089,0.5033208800332089,822,-1,0,0,pos_SynthID
SynthID,launder_api,1,17,13,0.49945299145299143,0.49945299145299143,1025,-1,0,0,pos_SynthID
SynthID,launder_api,1,17,14,0.5028311425682508,0.5028311425682508,1000,-1,0,0,pos_SynthID
SynthID,launder_api,1,18,11,0.5031780426146624,0.5031780426146624,985,-1,0,0,pos_SynthID
SynthID,launder_api,1,18,12,0.5041504539559014,0.5041504539559014,1092,-1,0,0,pos_SynthID
SynthID,launder_api,1,18,13,0.5008383635144199,0.5008383635144199,1037,-1,0,0,pos_SynthID
SynthID,launder_api,1,18,14,0.49988839285714287,0.49988839285714287,939,-1,0,0,pos_SynthID
SynthID,launder_api,1,19,11,0.5108374384236454,0.5108374384236454,1028,-1,0,0,pos_SynthID
SynthID,launder_api,1,19,12,0.5069915868871483,0.5069915868871483,1214,-1,0,0,pos_SynthID
SynthID,launder_api,1,19,13,0.5052410901467506,0.5052410901467506,810,-1,0,0,pos_SynthID
SynthID,launder_api,1,19,14,0.5014222222222222,0.5014222222222222,759,-1,0,0,pos_SynthID
SynthID,launder_api,1,20,11,0.5002570694087404,0.5002570694087404,822,-1,0,0,pos_SynthID
SynthID,launder_api,1,20,12,0.5019744483159118,0.5019744483159118,912,-1,0,0,pos_SynthID
SynthID,launder_api,1,20,13,0.5008997955010225,0.5008997955010225,868,-1,0,0,pos_SynthID
SynthID,launder_api,1,20,14,0.5012731481481482,0.5012731481481482,935,-1,0,0,pos_SynthID
SynthID,launder_api,1,21,11,0.5032271241830065,0.5032271241830065,840,-1,0,0,pos_SynthID
SynthID,launder_api,1,21,12,0.513109048723898,0.513109048723898,896,-1,0,0,pos_SynthID
SynthID,launder_api,1,21,13,0.5065202927478376,0.5065202927478376,1053,-1,0,0,pos_SynthID
SynthID,launder_api,1,21,14,0.5060133630289533,0.5060133630289533,910,-1,0,0,pos_SynthID
SynthID,launder_api,1,22,11,0.5054407713498622,0.5054407713498622,1005,-1,0,0,pos_SynthID
SynthID,launder_api,1,22,12,0.5072147069025321,0.5072147069025321,994,-1,0,0,pos_SynthID
SynthID,launder_api,1,22,13,0.4938241308793456,0.4938241308793456,856,-1,0,0,pos_SynthID
SynthID,launder_api,1,22,14,0.5125752745306411,0.5125752745306411,982,-1,0,0,pos_SynthID
SynthID,launder_api,1,23,11,0.5035154595510377,0.5035154595510377,817,-1,0,0,pos_SynthID
SynthID,launder_api,1,23,12,0.5055405405405405,0.5055405405405405,773,-1,0,0,pos_SynthID
SynthID,launder_api,1,23,13,0.507482993197279,0.507482993197279,903,-1,0,0,pos_SynthID
SynthID,launder_api,1,23,14,0.5069816943380162,0.5069816943380162,804,-1,0,0,pos_SynthID
